# 本项目补译的中文释义：词形(|分隔)	读音	释义
十	とお	十，十个
ああ	ああ	那样；啊（感叹）
開く	あく	开，打开；空，空出
朝御飯	あさごはん	早饭
明後日	あさって	后天；（方向）不对，偏离
明日	あした	明天；不久的将来
熱い	あつい	（触感）热，烫；热情的，热烈的
後	あと	后面；之后，以后
あの|彼の	あの	那，那个
在る|有る	ある	有，存在；持有
椅子	いす	椅子，凳子
一日	いちにち	一天；一整天
一番	いちばん	第一，第一名；最，最为
五日	いつか	五天；（每月）五号
入口	いりぐち	入口
居る	いる	（谦让语）在，有
いろいろ|色々	いろいろ	各种各样
おじいさん|お祖父さん	おじいさん	祖父，爷爷；老爷爷
叔父さん|伯父	おじさん	叔叔，伯伯，舅舅；大叔
一昨日	おととい	前天
おととし	おととし	前年
お腹	おなか	肚子，腹部
おばあさん|お祖母さん	おばあさん	祖母，奶奶；老奶奶
伯母さん|叔母さん	おばさん	姨妈，姑妈，婶婶；阿姨
降りる	おりる	下（山、车等）；降下
終る	おわる	结束，完毕
買い物	かいもの	购物；买的东西
風	かぜ	风
方	かた	方向，方面；人（敬称）
辛い	からい	辣的；咸的；（评价）苛刻的
カレンダー	かれんだー	日历，挂历
かわいい|可愛い	かわいい	可爱的，讨人喜欢的
聞く	きく	听；问，打听
綺麗	きれい	漂亮，美丽；干净，整洁
キロ|キログラム|キロメートル	きろ	千（前缀）；公斤；公里
ください|下さい	ください	请（给我）；请（为我做）
靴下	くつした	袜子
ぐらい	ぐらい	大约，左右
結婚	けっこん (する)	结婚
この|此の	この	这，这个
コピーする	こぴーする	复印，复制
御飯	ごはん	米饭；饭，餐
さ来年	さらいねん	后年
散歩	さんぽ (する)	散步
七	しち	七
閉める	しめる	关闭，关上
白	しろ	白色；清白，无罪；空白
じゃあ|じゃ	じゃあ	那么，那样的话
すぐに|直ぐに	すぐに	立刻，马上
ストーブ	すとーぶ	火炉，取暖炉
ズボン|洋袴	ずぼん	裤子
背	せい	身高，个子
石鹸	せっけん	肥皂
背広	せびろ	（男式）西装
ゼロ	ぜろ	零
掃除	そうじ (する)	打扫，扫除
その|其の	その	那，那个
そば|蕎麦	そば	荞麦；荞麦面
たて	たて	长度；高度
多分	たぶん	大概，恐怕，也许
誰	だれ	谁
誰か	だれか	谁，某人
茶色	ちゃいろ	茶色，褐色
できる|出来る	できる	能，会；可以，能够；擅长
出口	でぐち	出口
では	では	那么，那样的话
戸	と	（日式）门；窗户；门扇
十日	とおか	十天；（每月）十号
鶏肉	とりにく	鸡肉
どうぞ	どうぞ	请
どうも	どうも	（表示感谢）多谢；（表示歉意）很，非常
どなた|何方	どなた	哪位，谁（敬语）
どの|何の	どの	哪个
どんな	どんな	什么样的，怎样的
ない|無い	ない	没有的，不存在的
七日	なのか	七天；（每月）七号
何	なん	什么；多少，若干
にぎやか	にぎやか	热闹，繁华
寝る	ねる	睡觉，躺下
登る	のぼる	登，爬，攀登
はく	はく	穿（下装、鞋袜等）
二十日	はつか	二十天；（每月）二十号
晩御飯	ばんごはん	晚饭
一月	ひとつき	一个月
昼御飯	ひるごはん	午饭
勉強	べんきょう (する)	学习，用功
外	ほか	其他，别的；此外
曲る	まがる	拐弯，转弯；弯曲
丸い|円い	まるい	圆的，圆形的
万年筆	まんねんひつ	钢笔
三日	みっか	三天；（每月）三号
六日	むいか	六天；（每月）六号
メートル|米	めーとる	米（长度单位）
もしもし	もしもし	喂（打电话时）；喂，请问
もっと	もっと	再，更，进一步
持つ	もつ	拿，持；携带；拥有
やる|遣る	やる	做，干；进行（比赛等）
昨夜	ゆうべ	昨晚
ゆっくりと	ゆっくりと	慢慢地，从容地
八日	ようか	八天；（每月）八号
四日	よっか	四天；（每月）四号
読む	よむ	读，朗读；诵读；推测，预测
ラジオカセ	らじおかせ	收录机
りっぱ	りっぱ	了不起，出色
零	れい	零
レコード	れこーど	唱片；（体育等）记录
練習	れんしゅう (する)	练习
私	わたくし	我（郑重语）；私事
あ	あ	啊（感叹）
挨拶	あいさつする	打招呼，问候；寒暄
あげる	あげる	给，送
遊び	あそび	玩耍，游戏；娱乐
案内	あんないする	向导，引导；介绍
一杯	いっぱい	一杯；满，充满
以内	いない	以内，之内
うかがう	うかがう	（谦语）请教，打听；拜访
運転	うんてんする	驾驶，开车；运转
運動	うんどうする	运动，锻炼
遠慮	えんりょする	客气，谢绝；顾虑
おいでになる	おいでになる	（敬语）在，来，去
お陰	おかげ	多亏，托福
お金持ち	おかねもち	有钱人，富翁
贈り物	おくりもの	礼物
落る	おちる	掉落，落下
おっしゃる|仰る	おっしゃる	（敬语）说，讲
おつり	おつり	找零，找的钱
音	おと	声音，响声
落す	おとす	使掉落；丢失
踊り	おどり	舞蹈
お見舞い	おみまい	探望，慰问
おる|居る	おる	（谦语）在，有
かまう	かまう	介意，理会；照顾
ガソリンスタンド	がそりんすたんど	加油站
ガラス|硝子	がらす	玻璃
くださる|下さる	くださる	（敬语）给，赐予
計画	けいかくする	计划
経験	けいけんする	经验，经历
けがする	けがする	受伤
けれど|けれども	けれど	但是，可是；虽然
けんかする	けんかする	吵架，打架
工場	こうじょう	工厂
故障	こしょうする	故障，损坏
答	こたえ	回答，答案
この頃	このごろ	近来，这些日子
コンピュータ|コンピューター	こんぴゅーた	电脑，计算机
ご存じ	ごぞんじ	（敬语）知道
ごらんになる	ごらんになる	（敬语）看，观看
下る	さがる	下降，降低；后退
支度	したくする	准备，预备
出席	しゅっせきする	出席
出発	しゅっぱつする	出发
承知	しょうちする	知道；同意，答应
食事	しょくじする	用餐，吃饭
心配	しんぱいする	担心，担忧
準備	じゅんびする	准备
スーパー (マーケット)	すーぱー (まーけっと)	超市
生活	せいかつする	生活
生産	せいさんする	生产
世話	せわする	照顾，照料
是非	ぜひ	务必，一定；是非，对错
相談	そうだんする	商量，商谈
そんな	そんな	那样的，那种的
退院	たいいんする	出院
楽む	たのしむ	享受，以…为乐
チェックする	ちぇっくする	检查，核对
つく|点く	つく	（灯等）点亮；着火
つもり|積もり	つもり	打算，意图
なさる|為さる	なさる	（敬语）做
入院	にゅういんする	住院
入学	にゅうがくする	入学
拝見	はいけんする	（谦语）拜见，看
はず|筈	はず	应该，理应；按理说
パート (タイム)	ぱーと (たいむ)	兼职
びっくりする	びっくりする	吃惊，惊讶
舟	ふね	船
放送	ほうそうする	广播，播放
ほど|程	ほど	程度；左右，大约
翻訳	ほんやく	翻译
負ける	まける	输，败；让步
回る、回す	まわる、まわす	转，旋转
真中	まんなか	正中间
みな|皆	みな	大家，全部
虫	むし	虫子，昆虫
申し上げる	もうしあげる	（谦语）说，讲
もし|若し	もし	如果，假如
役に立つ	やくにたつ	有用，有帮助
痩せる	やせる	瘦，消瘦
止む	やむ	停止，停息
やめる|止める	やめる	停止，作罢；辞去
輸出	ゆしゅつする	出口，输出
輸入	ゆにゅう	进口，输入；引进
用意	ようい	准备，预备
建て	建て	（接尾）…层；…户住宅
いただく	頂く	（谦语）吃，喝；（谦语）领受，得到
合図	あいず	信号，暗号
悪	あく	恶，邪恶；坏人，反派
温かい	あたたかい	暖和的，温暖的
暖まる	あたたまる	变暖，暖和起来
当り	あたり	击中；成功，中彩
あちこち|彼方此方	あちこち	到处，各处
粗	あら	瑕疵，缺点
或	ある	某，某个
異	い	差异，不同意见
意	い	意志，心意
医院	いいん	诊所，医院
行き	いき	去，前往；（车等）开往
いけない	いけない	不可以，不行；不好
維持	いじ	维持，保持
いただきます|頂きます	いただきます	我开动了（用餐前）
傷める	いためる	损伤，损坏；使痛苦
抱く	いだく	抱，怀抱；怀有（想法、感情）
市	いち	市场，集市
市場	いちば	市场，集市
いつのまにか	いつのまにか	不知不觉间
従姉妹	いとこ	表姐妹，堂姐妹
移動	いどう	移动，转移
いらっしゃい	いらっしゃい	欢迎光临；（命令形）来，去，在
衣料	いりょう	衣料，衣服
医療	いりょう	医疗
祝い	いわい	祝贺；庆祝，喜庆事
魚	うお	鱼
うなる	うなる	呻吟，呜咽；轰鸣
産む	うむ	生，生产；产生
羨ましい	うらやましい	羡慕的，令人嫉妒的
得る	うる	能够，可以；获得
上	うわ	上面的，表面的（前缀）
運	うん	运气，命运
柄	え	柄，把手；（蘑菇等的）梗
衛星	えいせい	卫星
描く	えがく	画，描绘；描写
延期	えんき	延期，推迟
援助	えんじょ	援助，支援
演奏	えんそう	演奏
老い	おい	老，年老；老人
負う	おう	背负；承担（责任）
大家	おおや	房东
丘	おか	丘陵，小山
押える	おさえる	按住，压住；控制，抑制
治める	おさめる	治理，统治
教え	おしえ	教导，教诲
お互い	おたがい	彼此，互相
男の人	おとこのひと	男人
お前	おまえ	你（较随便或粗俗）
おめでとう|御目出度う	おめでとう	恭喜，祝贺
お目に掛かる	おめにかかる	（谦语）见面，拜见
思い付く	おもいつく	想到，想起，灵机一动
泳ぎ	およぎ	游泳
降ろす	おろす	卸下，放下；使下车
下す	おろす	使下降；作出（决定、判断）
可	か	可以，可行
課	か	（教材的）课；（机构的）科，处
蚊	か	蚊子
貝	かい	贝，贝壳
解釈	かいしゃく	解释，理解
改善	かいぜん	改善，改进
替える	かえる	更换，替换
反る	かえる	翘曲，翘起
格	かく	地位，格调；方式
核	かく	核，核心；（水果的）核
角	かく	角，角度；四方形
菓子	かし	点心，糕点，糖果
片付け	かたづけ	收拾，整理
課程	かてい	课程，学业进度
かなり|可也	かなり	相当，颇为
上	かみ	上游；上部，上方
かもしれない|かも知れない	かもしれない	也许，说不定
歌謡	かよう	歌谣，歌曲
殻	から	壳，皮壳
空	から	空的，空空如也
借り	かり	借，欠（的钱物）
狩り	かり	打猎，狩猎；（采蘑菇等）采摘
河	かわ	河，河流
可愛そう	かわいそう	可怜的，令人同情的
代る	かわる	代替，替代
管	かん	管，管子；乐器
慣行	かんこう	惯例，常规
完了	かんりょう	完成，完结
官僚	かんりょう	官僚，官员
カー	かー	汽车（前缀，如卡丁车）
学	がく	学问，学识
がん|癌	がん	癌，癌症
器官	きかん	器官
季刊	きかん	季刊
規制	きせい	规定，限制；管制
気体	きたい	气体
気付く	きづく	注意到，察觉到
気に入る	きにいる	喜欢，中意
記入	きにゅう	填写，登记
寄付	きふ	捐款，捐赠
球	きゅう	球，球体
旧	きゅう	旧，原来的（前缀）
級	きゅう	（年）级，班级
強調	きょうちょう	强调，着重
協力	きょうりょく	合作，协助
局	きょく	局，处，台（机构、广播电台等）
きり|切り	きり	界限，止境
金	きん	金，黄金；金牌
菌	きん	菌，细菌
近視	きんし	近视
句	く	句子，段落
苦	く	苦，苦难，辛劳
管	くだ	管，管子
区別	くべつ	区别，区分
組	くみ	班（学生）；组，伙
咥える	くわえる	（用嘴）叼，衔
訓	くん	训读；教诲，训示
グランド	ぐらんど	大型的，宏大的
群	ぐん	群，群体
軍	ぐん	军队，军
郡	ぐん	郡（行政区划）
軍隊	ぐんたい	军队
刑	けい	刑罚，刑法
経緯	けいい	经过，原委
計器	けいき	仪表，测量仪
血管	けっかん	血管
下	げ	下，下面（多用于书名、编号等）
劇	げき	戏剧，剧
減少	げんしょう	减少
恋	こい	恋爱，爱情
公演	こうえん	公演，演出
後悔	こうかい	后悔
航海	こうかい	航海，航行
交際	こうさい	交往，交际
高速	こうそく	高速；高速公路
幸福	こうふく	幸福
降伏	こうふく	投降，屈服
個々	ここ	各个，每一个
故人	こじん	死者，故人；老朋友
超す	こす	超过，越过；度过
混雑	こんざつ	拥挤，混乱
今日	こんにち	今天，如今
こんにちは|今日は	こんにちは	你好（白天问候语）
後	ご	以后，之后
ゴミ|塵	ごみ	垃圾
採集	さいしゅう	采集，收集
作	さく	作品；收成
柵	さく	栅栏，围栏
策	さく	计策，对策；方法
昨	さく	昨，去（年）（前缀）
射す	さす	照射，照耀
さす|注す	さす	倒（液体）；点，涂（口红等）
様々	さまざま	各种各样
酸化	さんか	氧化
参考	さんこう	参考
死	し	死，死亡
氏	し	先生，女士（敬称）
支払	しはらい	支付，付款
死亡	しぼう	死亡
しまった (かん)	しまった (かん)	糟糕，糟了
下	しも	下，下方
州	しゅう	州，省
衆	しゅう	众人，大众
集団	しゅうだん	集团，团体
宿泊	しゅくはく	住宿
出版	しゅっぱん	出版
章	しょう	章节；勋章
小	しょう	小，小的（前缀）
少女	しょうじょ	少女，女孩
消防	しょうぼう	消防
書斎	しょさい	书房
処理	しょり	处理
使用	しよう	使用
私用	しよう	私用，私事
尻	しり	屁股，臀部
知合い	しりあい	熟人，相识
ジェット機	じぇっとき	喷气式飞机
磁気	じき	磁，磁性
自己	じこ	自己，自我
自殺	じさつ	自杀
字体	じたい	字体
住	じゅう	居住
重視	じゅうし	重视
重体	じゅうたい	（伤病）病情严重
上	じょう	从…上说，就…而言（后缀）
情	じょう	感情，情感
上京	じょうきょう	进京，前往东京
女王	じょおう	女王
助詞	じょし	助词
女史	じょし	女士（对有社会地位女性的敬称）
人物	じんぶつ	人物，人品
水洗	すいせん	水洗，冲洗
数	すう	若干，数（前缀）
すくなくとも	すくなくとも	至少
すてき	すてき	极好的，绝妙的
角	すみ	角落
すみません (かん)	すみません (かん)	对不起，不好意思
清む	すむ	变清澈，变透明
刷る	する	印刷
擦る	する	摩擦，擦；划（火柴）
すれ違う	すれちがう	交错而过，擦肩而过
性	せい	性质；性别
正	せい	正的，正规的
せい|所為	せい	原因，缘故（多用于不好的结果）
生	せい	出生
請求	せいきゅう	请求，索取；索赔
生長	せいちょう	（植物）生长
生物	せいぶつ	生物
生理	せいり	生理；月经
選択	せんたく	选择
税	ぜい	税
全	ぜん	全，全体（前缀）
禅	ぜん	禅，禅宗
膳	ぜん	饭桌，餐台；（量词）碗，份
前進	ぜんしん	前进
僧	そう	僧人，和尚
添う	そう	满足，符合（期望等）
相	そう	相貌，样子；阶段
具える	そなえる	具备，配备
それと	それと	还有；以此
存在	そんざい	存在
像	ぞう	像，塑像；图像
田	た	水田
他	た	其他，别的（人或事）
対	たい	对，对比；相对
隊	たい	队，队伍
大した	たいした	了不起的，重大的
大戦	たいせん	大战，世界大战
大半	たいはん	大半，多半
タイプライター	たいぷらいたー	打字机
逮捕	たいほ	逮捕
宝	たから	宝物，财宝
互い	たがい	彼此，相互
宅	たく	家，住宅
焚く	たく	烧，点（火）
たしか	たしか	确实，的确；如果我没记错的话
戦い	たたかい	战斗，战争
唯	ただ	仅仅，只
唯	たった	仅仅，只
例え	たとえ	例子；比喻
玉	たま	球，圆珠
球	たま	球，球体
偶	たま	偶尔；偶数
試し	ためし	尝试，试验
題	だい	标题，题目
大	だい	大（前缀）
題名	だいめい	标题，题名
だが	だが	但是，可是
だけど	だけど	但是，可是
段	だん	台阶；（量词）段
茶	ちゃ	茶，茶树
注	ちゅう	注释，注解
中	ちゅう	中等；正在…中
挑戦	ちょうせん	挑战
ちょうだい	ちょうだい	给我（较随便说法，多为女性、儿童用）
対	つい	对，双，一对
通貨	つうか	货币
通過	つうか	通过，经过
付合う	つきあう	交往，来往；奉陪
次ぐ	つぐ	紧接着，次于
つぐ|注ぐ	つぐ	倒，斟（茶水等）
接ぐ	つぐ	连接，拼接；接骨；嫁接
務め	つとめ	职责，任务
釣	つり	钓鱼
手伝い	てつだい	帮手；帮忙
転校	てんこう	转学
出	で	出，出去；产地，出身
出合い	であい	相遇，邂逅
伝言	でんごん	口信，留言
と	と	和；如果，一…就…
党	とう	党，政党
塔	とう	塔
棟	とう	（量词）栋，幢；栋，屋脊
年月	としつき	岁月，年月
図書	としょ	图书
年寄	としより	老年人
泊める	とめる	留宿，收留
供	とも	随从，随行
銅貨	どうか	铜币
動詞	どうし	动词
同士	どうし	伙伴，同伙；彼此
同志	どうし	志同道合；同志
どうぞよろしく	どうぞよろしく	请多关照
独立	どくりつ	独立
中身	なかみ	内容，内装物
中味	なかみ	内容，内装物
流れ	ながれ	流，水流；流向，趋势
なぜなら|何故なら	なぜなら	因为，原因是
なにも	なにも	什么也（不）
生る	なる	结果（果实）
為る	なる	成为，变成
難	なん	困难，灾难
日	にち	星期日；日（量词，日期）
日本	にっぽん	日本
音	ね	声音，音色
値	ね	价格，价钱
野	の	原野，田野；未经加工的
望み	のぞみ	愿望，希望
はあ (かん)	はあ (かん)	（叹气声，或应答声）是，哎
計る	はかる	测量，衡量
発車	はっしゃ	发车，开车
発達	はったつ	发达，发展
放れる	はなれる	脱离，挣脱
羽根	はね	羽毛
幅	はば	宽度，幅度
判	はん	印章；判断
版	はん	版，版本；印次
班	はん	组，班
反省	はんせい	反省
販売	はんばい	销售，贩卖
梅雨	ばいう	梅雨季节
碑	ひ	碑，石碑
膝	ひざ	膝盖
額	ひたい	额头
引越し	ひっこし	搬家
票	ひょう	票，选票
表	ひょう	表，表格
評価	ひょうか	评价，评估
表面	ひょうめん	表面
品	ひん	品位，格调
美人	びじん	美人，美女
秒	びょう	秒
不	ふ	不，非（前缀）
福	ふく	福气，幸福
節	ふし	（竹、骨）节；曲调，旋律
夫人	ふじん	夫人，太太
縁	ふち	边缘，边沿
不通	ふつう	（交通、通讯）中断
殖やす	ふやす	增加，繁殖
不	ぶ	不，非（前缀）
無	ぶ	无，零
分	ぶ	部分；成数
ぶつ|打つ	ぶつ	打，揍；发表（演说）
部分	ぶぶん	部分
分	ぶん	份，部分，分量
経る	へる	经过，经历
変更	へんこう	变更，改变
ベンチ	べんち	长椅，长凳
ペンキ	ぺんき	油漆
包装	ほうそう	包装
方々	ほうぼう	各处，到处
他	ほか	别处，其他地方
保存	ほぞん	保存
堀	ほり	护城河；沟渠
濠	ほり	护城河
本当	ほんと	真的，真实
間	ま	（时间、空间）间隔；房间
まあ	まあ	（劝阻、缓和语气）姑且，先；还算，凑合
まく|撒く	まく	撒，散布；分发
膜	まく	膜
交ざる	まざる	混合，夹杂
混じる	まじる	混合，混杂
交じる	まじる	混合，混杂
交ぜる	まぜる	混合，搀入
股	また	胯，裆
松	まつ	松树；（等级）上等
末	まつ	末，末尾；粉末
祭	まつり	节日，庆典
まぶしい	まぶしい	耀眼，刺眼
丸	まる	圆圈；完全，整个
円	まる	圆，圆圈
都	みやこ	首都，京城；（某领域）中心
無	む	无，没有
向かい	むかい	对面
胸	むね	胸，胸部
名詞	めいし	名词
命令	めいれい	命令
滅多に	めったに	（后接否定）很少，不常
綿	めん	棉，棉花
もったいない|勿体ない	もったいない	可惜的，浪费的
元	もと	起源，本源；原来
基	もと	基础，根据
素	もと	原料，本源
文字	もんじ	文字，字母
約	やく	大约，大概；约定
訳	やく	翻译
厄介	やっかい	麻烦，棘手
優	ゆう	优秀，优等
有機	ゆうき	有机（的）
床	ゆか	地板
行き	ゆき	去，往
世	よ	世上，社会；时代
夜	よ	夜晚
曜日	ようび	星期几
予防	よぼう	预防
読み	よみ	读法，读音；预测，判断
因る	よる	由于，因为
よろしく (かん)	よろしく (かん)	请多关照，问好
率	りつ	率，比率
例外	れいがい	例外
別れ	わかれ	离别，分别
話題	わだい	话题
椀	わん	碗
湾	わん	海湾
来	来	下（一个，用于时间）
〜 (まる) ごと	〜 (まる) ごと	整个，全部
〜(日本) 式	〜(日本) 式	（日本）式，…式
あいまい	あいまい	暧昧，含糊
飽くまで	あくまで	彻底，到底；坚持
あぶる	あぶる	烤，烘
あみもの	あみもの	编织物，针织品
あらわす	あらわす	写，著（书）；发表
一斉	いっせい	一齐，同时
行っていらっしゃい	いっていらっしゃい	慢走，路上小心（送人出门用语）
いってきます	いってきます	我出门了
いってまいります	いってまいります	我出门了（较郑重）
いってらっしゃい|行ってらっしゃい	いってらっしゃい	慢走，路上小心
炒る	いる	炒，煎
煎る	いる	炒，煎
インキ	いんき	墨水
ウエートレス	うえーとれす	女服务员
いたって	いたって	非常，极其
いたわる|労る	いたわる	体贴，怜恤；慰劳，照顾
一部分	いちぶぶん	一部分
一別	いちべつ	一别，分别
一目	いちもく	一眼，一瞥
一気	いっき	一口气；干杯（劝酒用语）
嫌々	いやいや	勉勉强强，不情愿地
異論	いろん	异议，不同意见
受け入れ	うけいれ	接受，接纳；接收
受身	うけみ	被动，消极；（语法）被动态
受持ち	うけもち	负责，担任（的事务）
埋める	うずめる	埋，掩埋；填满
うたた寝	うたたね	打盹，小睡
訴え	うったえ	诉讼；申诉，控诉
空ろ	うつろ	空的，空洞的；茫然的
うぬぼれ	うぬぼれ	自负，自满
梅干し	うめぼし	腌梅干
売り出し	うりだし	（大）甩卖，促销
運輸	うんゆ	运输
演ずる	えんずる	扮演（角色）；表演；干出（某事）
於いて	おいて	在，于
応募	おうぼ	应征，报名参加；应募
おおい (かん)	おおい (かん)	喂（呼唤声）
おおげさ	おおげさ	夸张的，言过其实的
おおまかな	おおまかな	大致的，粗略的
治まる	おさまる	平息，平定；安定下来
納まる	おさまる	纳入，装入；平息，安顿
お産	おさん	生育，分娩
御世辞	おせじ	奉承话，恭维话
おだてる	おだてる	奉承，捧，怂恿
落葉	おちば	落叶
お供	おとも	陪同，随从
脅かす	おびやかす	威胁，恐吓
おふくろ|お袋	おふくろ	（自己的）妈妈，老娘
お宮	おみや	神社
脅かす	おびやかす	威胁，恐吓
おむつ|お襁褓	おむつ	尿布
重んずる	おもんずる	重视，尊重
及び	および	以及，和
檻	おり	笼子；牢房
俺	おれ	我（男性自称，较粗俗）
開催	かいさい	举办，召开（会议、展览等）
街道	かいどう	大道，干道；（成功等的）道路
介抱	かいほう	看护，照料
顔付き	かおつき	面容，表情
かく (はじを)	かく (はじを)	丢脸，出丑
各種	かくしゅ	各种，各类
隔週	かくしゅう	隔周，每隔一周
確信	かくしん	确信，坚信
獲得	かくとく	获得，取得
革命	かくめい	革命
賭	かけ	赌博，打赌
化合	かごう	化合
かさばる	かさばる	体积大，占地方
かさむ	かさむ	（数量、费用等）增多，增大
頭	かしら	头；头目，首领
箇条書	かじょうがき	分条列举，条列式
擦る	かする	擦，蹭
化繊	かせん	化纤，合成纤维
家畜	かちく	家畜
叶える	かなえる	使实现，满足（愿望等）
花粉	かふん	花粉
かぶれる	かぶれる	（皮肤）过敏；沾染（不良风气）
貨幣	かへい	货币，钱币
過密	かみつ	过密，拥挤；（日程）排得过满
粥	かゆ	粥
かりに	かりに	假如，姑且，暂且
交す	かわす	交换（言语、目光等）
代る代る	かわるがわる	轮流，交替
簡易	かんい	简易，简单
灌漑	かんがい	灌溉
慣習	かんしゅう	习惯，惯例
観衆	かんしゅう	观众
肝腎	かんじん	最重要的，关键的
幹線	かんせん	干线
関税	かんぜい	关税
簡素	かんそ	简朴，简单
観点	かんてん	观点，视角
完ぺき	かんぺき	完美，完善
観覧	かんらん	观览，观看
外相	がいしょう	外交大臣，外相
街頭	がいとう	街头
学芸	がくげい	学艺，学术与技艺
学士	がくし	学士，大学毕业生
楽譜	がくふ	乐谱
合併	がっぺい	合并
ガレージ	がれーじ	车库
眼科	がんか	眼科
眼球	がんきゅう	眼球
岩石	がんせき	岩石
元年	がんねん	元年
基金	ききん	基金
既婚	きこん	已婚
兆	きざし	征兆，预兆
きしむ	きしむ	嘎吱作响
汽船	きせん	汽船，轮船
来る	きたる	即将到来的，下（星期、月等）
気立て	きだて	性情，脾气（多指好的）
起点	きてん	起点
規範	きはん	规范，准则
気風	きふう	风气，气质
期末	きまつ	期末
きまりわるい	きまりわるい	不好意思，难为情
客観	きゃっかん	客观
規約	きやく	章程，规约
休学	きゅうがく	休学
球根	きゅうこん	球根，球茎
休戦	きゅうせん	休战，停战
旧知	きゅうち	老相识，旧交
宮殿	きゅうでん	宫殿
強	きょう	强（接在数词后表示略多于）
教科	きょうか	学科，课程
共学	きょうがく	男女同校
凶作	きょうさく	歉收，欠收
教習	きょうしゅう	训练，教习
教職	きょうしょく	教职
共存	きょうぞん	共存
共和	きょうわ	共和
局限	きょくげん	局限
居住	きょじゅう	居住
許容	きょよう	容许，允许
切替	きりかえ	更换，转换
気流	きりゅう	气流
近郊	きんこう	近郊，郊区
勤労	きんろう	劳动，工作
議事堂	ぎじどう	议事堂，国会大厦
議題	ぎだい	议题
技能	ぎのう	技能
業者	ぎょうしゃ	业者，同业者，商家
漁船	ぎょせん	渔船
漁村	ぎょそん	渔村
空間	くうかん	空间
茎	くき	茎，梗
くぐる|潜る	くぐる	钻过，穿过
くじびき	くじびき	抽签，抽奖
口吟む	くちずさむ	吟诵，哼唱
蔵	くら	仓库，库房
クレーン	くれーん	起重机，吊车
君主	くんしゅ	君主
軍艦	ぐんかん	军舰
軍服	ぐんぷく	军服
軽減	けいげん	减轻
掲載	けいさい	刊登，登载
けがらわしい	けがらわしい	肮脏的，卑鄙的
獣	けだもの	野兽，畜生
結核	けっかく	结核（病）
決	けつ	决定，表决
結合	けつごう	结合
獣	けもの	野兽
家来	けらい	家臣，仆从
懸賞	けんしょう	悬赏，有奖征集
兼用	けんよう	兼用，两用
芸	げい	技艺，才艺
月謝	げっしゃ	（每月的）学费
原子	げんし	原子
元首	げんしゅ	元首
原書	げんしょ	原著，原版书
元素	げんそ	元素
現像	げんぞう	（照片）显影，冲洗
原典	げんてん	原典，原著
厳密	げんみつ	严密，严格
言論	げんろん	言论
恋する	こいする	恋爱，爱慕
工学	こうがく	工学，工程学
皇居	こうきょ	皇宫（日本天皇居所）
鉱業	こうぎょう	矿业
高原	こうげん	高原
煌々と	こうこうと	（灯光）明亮地，辉煌地
考古学	こうこがく	考古学
交互	こうご	交替，交互
鉱山	こうざん	矿山
高尚	こうしょう	高尚，高雅
行進	こうしん	行进，游行
香辛料	こうしんりょう	香料，调味料
降水	こうすい	降水
公然	こうぜん	公然，公开
抗争	こうそう	抗争，争斗
後退	こうたい	后退，倒退
光沢	こうたく	光泽
公団	こうだん	公团（日本的公共法人）
口頭	こうとう	口头（的）
購読	こうどく	订阅
講読	こうどく	讲读，研读
購買	こうばい	购买
公募	こうぼ	公开征募，公开招募
公用	こうよう	公务；公用
公立	こうりつ	公立
国防	こくぼう	国防
志	こころざし	志向，心意
孤児	こじ	孤儿
こじれる	こじれる	（事情）变复杂，恶化
骨董品	こっとうひん	古董
こつ (をつかむ)	こつ (をつかむ)	诀窍，窍门
言付け	ことづけ	捎话，口信
孤独	こどく	孤独
孤立	こりつ	孤立
コンタクト (レンズ)	こんたくと (れんず)	隐形眼镜
昆虫	こんちゅう	昆虫
合議	ごうぎ	商议，共同商议
合成	ごうせい	合成
護衛	ごえい	护卫，护送
誤差	ごさ	误差，偏差
ございます (かん)	ございます (かん)	是（"ある"的礼貌说法）
ごらんなさい (かん)	ごらんなさい (かん)	请看；试着做做看
さえずる	さえずる	（鸟）鸣叫，啁啾
逆立ち	さかだち	倒立；颠倒
さきに (いぜん)	さきに (いぜん)	以前，先前
作戦	さくせん	作战，战术
摩する	さする	抚摸，摩挲
さぞ (さぞや。さぞかし)	さぞ (さぞや。さぞかし)	想必，一定
さっぱりする	さっぱりする	清爽，舒畅
最中	さなか	正当中，最盛时
様	さま	先生，女士（敬称）；……的样子
酸	さん	酸
産休	さんきゅう	产假
サンキュー	さんきゅー	谢谢
産後	さんご	产后
サンタクロース	さんたくろーす	圣诞老人
産婦人科	さんふじんか	妇产科
産物	さんぶつ	产物，产品；成果
財	ざい	财产，财富
財源	ざいげん	财源，资金来源
仕上	しあげ	完成，做完；最后加工
飼育	しいく	饲养
仕入れる	しいれる	采购，进货
潮	しお	潮，潮水；时机
歯科	しか	牙科
仕掛	しかけ	装置，机关；着手，未完成
しかしながら	しかしながら	然而，可是
仕組	しくみ	结构，机制
死刑	しけい	死刑
思考	しこう	思考
支持	しじ	支持，拥护
雫	しずく	水滴，水珠
子息	しそく	（别人的）儿子
躾ける	しつける	教养，管教
萎びる	しなびる	枯萎，干瘪
屎尿	しにょう	粪尿
斜面	しゃめん	斜面，坡面
主	しゅ	主人；雇主；领导者
種	しゅ	种子；种类
修学	しゅうがく	求学，学习
周期	しゅうき	周期
就業	しゅうぎょう	就业，上班
主演	しゅえん	主演
宿命	しゅくめい	宿命，命中注定
主権	しゅけん	主权
主体	しゅたい	主体，核心
出社	しゅっしゃ	上班（到公司）
出生	しゅっせい	出生
守備	しゅび	防守，守备
私有	しゆう	私有
諸君	しょくん	诸位，各位
初版	しょはん	初版，第一版
庶務	しょむ	总务，庶务
ショー	しょー	演出，表演，展示
使用人	しようにん	雇员，佣人
調べ	しらべ	调查，审查；曲调
記す	しるす	记，写下；记住
指令	しれい	指令，命令
新婚	しんこん	新婚
真珠	しんじゅ	珍珠
心中	しんじゅう	殉情，殉死；集体自杀
親善	しんぜん	亲善，友好
新築	しんちく	新建，新盖
進展	しんてん	进展，发展
神殿	しんでん	神殿
進度	しんど	进度
新入生	しんにゅうせい	新生
信任	しんにん	信任
シート	しーと	座位；薄板，薄片
自首	じしゅ	自首
辞職	じしょく	辞职
実	じつ	真实，实情；诚实
実業家	じつぎょうか	实业家，企业家
弱	じゃく	稍弱，略少于
ジャンプ	じゃんぷ	跳跃；（网页）跳转；（价格）暴涨
十字路	じゅうじろ	十字路口
樹木	じゅもく	树木
準急	じゅんきゅう	准快车
城下	じょうか	城下，城堡附近
情勢	じょうせい	形势，局势
蒸溜	じょうりゅう	蒸馏
助動詞	じょどうし	助动词
陣	じん	阵，阵势；阵地
人民	じんみん	人民
粋	すい	精华；风流，潇洒
推進	すいしん	推进，推动
水田	すいでん	水田
数詞	すうし	数词
崇拝	すうはい	崇拜
すがすがしい	すがすがしい	清爽的，畅快的
裾	すそ	下摆，衣角；（山）山脚
スチーム	すちーむ	蒸汽；暖气
スト	すと	罢工
スポーツカー	すぽーつかー	跑车
澄ます	すます	使澄清；装作若无其事
清ます	すます	弄清，澄清；侧耳倾听
すみやか	すみやか	迅速的，敏捷的
すれちがい	すれちがい	擦肩而过，交错而过
ずらっと	ずらっと	一排排地，成排地
成育	せいいく	成长，发育
静止	せいし	静止
聖書	せいしょ	圣经
清純	せいじゅん	纯洁，清纯
正常	せいじょう	正常
整然	せいぜん	井然有序
盛装	せいそう	盛装，盛装打扮
制定	せいてい	制定
静的	せいてき	静态的
製鉄	せいてつ	炼铁
征服	せいふく	征服
整列	せいれつ	排列成行，列队
伜	せがれ	犬子，小儿
世辞	せじ	奉承话
セックス	せっくす	性，性行为；性别
設置	せっち	设置，设立
接続詞	せつぞくし	连词
攻め	せめ	进攻，攻击
先	せん	（时间上）先，之前
宣教	せんきょう	传教，布道
戦災	せんさい	战祸，战灾
先天的	せんてんてき	先天的，天生的
船舶	せんぱく	船舶
税務署	ぜいむしょ	税务局
ゼリー	ぜりー	果冻，凝胶
送金	そうきん	汇款
損う	そこなう	损害，损伤
そこら	そこら	那一带，附近
素っ気無い	そっけない	冷淡的，简慢的
外方	そっぽ	把脸转向一边（不理睬）
具わる	そなわる	具备，具有
ソロ	そろ	独奏，独唱
蔵相	ぞうしょう	财政大臣
退職	たいしょく	退职，辞职
タイピスト	たいぴすと	打字员
堪える	たえる	忍耐，忍受
断える	たえる	断绝，绝迹
焚火	たきび	篝火，烤火
立ち去る	たちさる	离去，走开
他動詞	たどうし	他动词
他方	たほう	另一方，另一面
給う	たまう	（长辈或上级）赐予，给予
溜まり	たまり	积存处；聚集之处
賜る	たまわる	承蒙赐予，蒙赏
たるむ|弛む	たるむ	松弛，松弛下垂
短歌	たんか	短歌（和歌的一种）
探検	たんけん	探险
短縮	たんしゅく	缩短
炭素	たんそ	碳
短大	たんだい	短期大学，专科
短波	たんぱ	短波
大便	だいべん	大便
だったら	だったら	那样的话
だと	だと	如果是……的话
団結	だんけつ	团结
旦那	だんな	老爷，主人；丈夫
ダンプ	だんぷ	自卸卡车
ダース|打	だーす	打（12个为一打）
ちくしょう|畜生	ちくしょう	该死，混蛋
乳	ちち	乳，奶；乳房
着席	ちゃくせき	就座，入座
茶の湯	ちゃのゆ	茶道
中和	ちゅうわ	中和
蝶	ちょう	蝴蝶
超	ちょう	超，极其（前缀）
聴覚	ちょうかく	听觉
長官	ちょうかん	长官，首长
聴診器	ちょうしんき	听诊器
調理	ちょうり	烹调，烹饪
塵取り	ちりとり	簸箕
沈没	ちんぼつ	沉没
使い道	つかいみち	用途，用法
司る	つかさどる	掌管，管理
つかの間	つかのま	瞬间，短暂片刻
月並	つきなみ	平庸的，老套的
継目	つぎめ	接缝，接头
作り	つくり	制作，制造
造り	つくり	构造，结构；体格
突っ突く	つっつく	轻戳，捅
つつく|突く	つつく	轻戳，啄食
謹む	つつしむ	谨慎，小心；恭敬
務まる	つとまる	能胜任，能担当
努めて	つとめて	尽力，尽量
つねる	つねる	掐，拧
角	つの	角（动物的角）；触角
つぶやく|呟く	つぶやく	嘟囔，低语；（网络）发推
壷	つぼ	罐，壶，瓶
吊り革	つりかわ	（电车、公交上的）吊环
釣り鐘	つりがね	吊钟，寺庙大钟
手当	てあて	津贴，补贴；治疗，处理
ティシュペーパー	てぃしゅぺーぱー	纸巾
提供	ていきょう	提供
手数	てかず	麻烦，费事；手续
手掛ける	てがける	亲自动手，经手
鉄鋼	てっこう	钢铁
鉄棒	てつぼう	铁棒；单杠
手引	てびき	引导，向导；入门指南
テレックス	てれっくす	电传
転回	てんかい	旋转，回转
天災	てんさい	天灾
生垣	いけがき	篱笆；树篱
行けない	いけない	不行，不可以；不好，糟糕
いけません|行けません	いけません	不行，不可以；不好
イケメン|イケ面	いけめん	帅哥，帅气男子
生ける	いける	插（花）；栽种；活的
違憲	いけん	违宪
威厳	いげん	威严，威风
遺構	いこう	遗迹，遗址
憩う	いこう	休息，歇息
異国	いこく	异国，外国
遺骨	いこつ	遗骨，骨灰
遺恨	いこん	遗恨，怨恨
囲碁	いご	围棋
居心地	いごこち	（居住、逗留的）舒适感觉
遺作	いさく	遗作
勇み足	いさみあし	（相扑中）抢先出脚踏出界；操之过急，弄巧成拙
勇む	いさむ	振奋，鼓起勇气；兴致勃勃
いざこざ	いざこざ	纠纷，纠葛，麻烦
遺志	いし	遗志
医師会	いしかい	医师协会
意識調査	いしきちょうさ	意识调查，民意调查
意識的	いしきてき	有意识的，故意的
意思決定	いしけってい	决策，决定意向
礎	いしずえ	基石，基础
意思疎通	いしそつう	沟通，相互理解
石段	いしだん	石阶
異質	いしつ	异质的，性质不同的
遺失物	いしつぶつ	遗失物
意思表示	いしひょうじ	表明意向；表示意愿
碑	いしぶみ	石碑
慰謝	いしゃ	抚慰，慰藉
遺書	いしょ	遗书
意匠	いしょう	构思，设计
異色	いしょく	独特，别具一格
委嘱	いしょく	委托，委任
威信	いしん	威信
維新	いしん	维新，革新
遺児	いじ	遗孤
いじめ|虐め	いじめ	欺负，欺凌，霸凌
異状	いじょう	异状，异常
移譲	いじょう	移交，转让
偉人	いじん	伟人
イスタンブール	いすたんぶーる	伊斯坦布尔
イスラエル|以色列	いすらえる	以色列
イスラム	いすらむ	伊斯兰教
イスラム教	いすらむきょう	伊斯兰教
イズム	いずむ	主义，……主义
いずれか|何れか	いずれか	其中之一；任何一个
威勢	いせい	威势，气势
為政者	いせいしゃ	执政者，当权者
依然として	いぜんとして	依然，仍旧
磯	いそ	（岩石）海滨，岸边
移送	いそう	移送，转送
居候	いそうろう	寄食者，食客，蹭吃蹭住的人
急ぎ	いそぎ	急，紧急，赶紧
遺族	いぞく	遗属，遗族
依存症	いぞんしょう	依赖症，成瘾症
遺体	いたい	遗体，尸体
板ガラス	いたがらす	平板玻璃
いただける|頂ける	いただける	能收到；能吃到（自谦）
異端	いたん	异端
医大	いだい	医科大学
一位	いちい	第一，首位
一因	いちいん	一个原因
一円	いちえん	一日元；（某）一带地区
一億	いちおく	一亿
１月	いちがつ	一月
一丸	いちがん	一体，一团
一義	いちぎ	一个含义；首要
一行	いちぎょう	一行（文字）
一隅	いちぐう	一隅，角落
一軍	いちぐん	全军；一队人马；一队（球队一队）
一撃	いちげき	一击
一元	いちげん	单一，一元
一元化	いちげんか	一元化，统一化
一期	いちご	一生，一辈子
一座	いちざ	满座，在场全体；一个剧团
一字	いちじ	一个字
一時間	いちじかん	一小时
一時金	いちじきん	一次性支付金，一笔奖金
一助	いちじょ	一点帮助
一女	いちじょ	一个女儿；长女
一条	いちじょう	一条，一道（光等）
一人物	いちじんぶつ	了不起的人物，重要人物
一途	いちず	一心一意，专心致志
一族	いちぞく	家族，一族
１対１	いちたいいち	一对一
一打	いちだ	一击，一下
一代	いちだい	一代，一生
一台	いちだい	一台（机器、车辆）
一大	いちだい	一大……，重大……
一団	いちだん	一团，一群，一伙
一段	いちだん	更加，越发
一段落	いちだんらく	告一段落
位置付け	いちづけ	定位，定位方式
位置付ける	いちづける	将……定位于；使处于（某位置）
一堂	いちどう	同一处，同一地点
一男	いちなん	一个儿子；长子
一二	いちに	一二，少许
一日中	いちにちじゅう	一整天，全天
一任	いちにん	全权委托
一人前	いちにんまえ	一人份；成年人，独当一面的人
一年	いちねん	一年；从前
一年間	いちねんかん	一年时间
一年中	いちねんじゅう	一年到头，全年
一年生	いちねんせい	一年级学生；新手
いち早く	いちはやく	迅速地，抢先，率先
一倍	いちばい	原数；一倍
一番上	いちばんうえ	最上面，最高的
一番手	いちばんて	排头，第一位
一分	いちぶ	十分之一；百分之一
一枚	いちまい	一张，一片
一枚岩	いちまいいわ	整块岩石；团结一致，铁板一块
１万	いちまん	一万
一文	いちもん	一文钱，一点点钱
一門	いちもん	一族，同门
一問	いちもん	一个问题
一夜	いちや	一夜，通宵
一躍	いちやく	一跃，一举（成名等）
胃腸	いちょう	胃肠
医長	いちょう	主治医师，科室主任
一翼	いちよく	一翼；一份力量，一个角色
一覧表	いちらんひょう	一览表
一里塚	いちりづか	里程碑（旧时每隔一里设置的土堆）
一両	いちりょう	一辆；一两（旧币单位）
一塁	いちるい	（棒球）一垒
１割	いちわり	一成，百分之十
一過	いっか	一晃而过，过境
一回	いっかい	一次，一回
一階	いっかい	一楼，一层
一角	いっかく	一角，一隅
一ヶ月	いっかげつ	一个月
一環	いっかん	一环，一部分
一喜一憂	いっきいちゆう	患得患失，忽喜忽忧
一騎打ち	いっきうち	单挑，一对一较量
一級	いっきゅう	一级，头等
一挙	いっきょ	一举，一下子
一局	いっきょく	一局（棋）
一曲	いっきょく	一首曲子
一件	いっけん	一件事，一桩案子
一軒	いっけん	一栋房子
一個	いっこ	一个
一校	いっこう	一校；全校；初校
一行	いっこう	一行人
一向に	いっこうに	（后接否定）完全（不），一点也（不）
一刻	いっこく	片刻；顽固
一国	いっこく	一国，整个国家；顽固
一戸建て	いっこだて	独栋住宅
一冊	いっさつ	一册，一本
一酸化炭素	いっさんかたんそ	一氧化碳
一式	いっしき	一整套
一室	いっしつ	一间房
一首	いっしゅ	一首（和歌）
一周	いっしゅう	绕一圈，一周
一週間	いっしゅうかん	一星期
一周年	いっしゅうねん	一周年
一緒に	いっしょに	一起，一同
一審	いっしん	一审，初审
一新	いっしん	一新，革新
一身	いっしん	自身，一身
一心に	いっしんに	一心一意地，专心地
一世	いっせい	一代人；一生；当代
一石	いっせき	一局（围棋）
一節	いっせつ	一节，一段
１０００	いっせん	一千
一戦	いっせん	一战，一场较量
一線	いっせん	一线，一条线；分界线
一足	いっそく	一双（鞋、袜）
いっそのこと|いっその事	いっそのこと	索性，干脆
行ったり来たり	いったりきたり	来回走动，反复往返
一端	いったん	一端；一部分
一着	いっちゃく	第一名，最先到达；一套衣服
一丁	いっちょう	一份（食物）；一块（豆腐）；一件（长条形物品）
一直線	いっちょくせん	一条直线
一通	いっつう	一份（文件）；一封（信）
一手	いって	一步棋；唯一办法；独自
行ってきます	いってきます	我走了（出门时用语）
一点	いってん	一点，一处
イット	いっと	性感魅力
一党	いっとう	一党，一派
一等	いっとう	头等，第一等
一派	いっぱ	一派，一个流派
一敗	いっぱい	一败，一次失败
一泊	いっぱく	住一晚，过一夜
一発	いっぱつ	一发，一击，一次
一般人	いっぱんじん	普通人，一般人
一般に	いっぱんに	一般，通常，普遍
一匹	いっぴき	一匹（小动物）
一票	いっぴょう	一票
一品	いっぴん	一道菜；一件物品
逸品	いっぴん	珍品，杰作
一風	いっぷう	独特的风格，别致
一辺倒	いっぺんとう	一边倒，一味偏向
いっぺんに|一遍に	いっぺんに	一下子，一次性地
一歩	いっぽ	一步
一方的	いっぽうてき	单方面的，一味的
一本	いっぽん	一根（细长物）；一部（影片等）；一分（进球等）；一通（电话）
５日	いつか	五号；五天
いつ頃	いつごろ	大约什么时候
逸脱	いつだつ	脱离，偏离
いつになく|何時に無く	いつになく	不同往常，一反常态
いつになったら	いつになったら	到什么时候，要等到何时
いつも通り	いつもどおり	一如既往，照常
逸話	いつわ	轶事，趣闻
イデオロギー	いでおろぎー	意识形态
遺伝子	いでんし	基因
糸口	いとぐち	线索，头绪；开端
従兄弟	いとこ	堂（表）兄弟
意図的	いとてき	有意的，故意的
営み	いとなみ	活动，作为
射止める	いとめる	射死；（比喻）赢得，夺得
移動平均	いどうへいきん	移动平均
否	いな	不，否；不然的话
稲田	いなだ	稻田
稲穂	いなほ	稻穗
稲荷	いなり	稻荷神；稻荷神社
古	いにしえ	往昔，古代
委任	いにん	委任，委托
イニング	いにんぐ	（棒球）局
戌	いぬ	戌（十二地支之一）；西北偏北
稲刈り	いねかり	收割稻子
いのしし|猪	いのしし	野猪
居場所	いばしょ	下落，所在之处；容身之地
意表	いひょう	意料之外
遺品	いひん	遗物
イブ	いぶ	（尤指圣诞）前夜
息吹	いぶき	气息；生机，新气象
胃袋	いぶくろ	胃
異物	いぶつ	异物
遺物	いぶつ	遗物
イブニング	いぶにんぐ	晚间；晚礼服
異文	いぶん	异文，不同版本
異変	いへん	异变，异常事态
戒め	いましめ	告诫，警示
今すぐ	いますぐ	现在马上，立刻
今ひとつ	いまひとつ	不太，不够理想
忌まわしい	いまわしい	令人厌恶的，可憎的
意味合い	いみあい	含意，意味
意味不明	いみふめい	意思不明，含糊不清
異名	いみょう	别名，绰号
芋	いも	薯类（芋头、红薯、土豆等）
鋳物	いもの	铸件，铸造物
慰問	いもん	慰问
嫌気	いやき	厌烦，厌倦
医薬	いやく	医药
医薬品	いやくひん	医药品，药品
異様	いよう	异样，奇怪
伊拉久	いらく	伊拉克
いらして	いらして	来，去，在（尊敬语）
イラストレーター	いらすとれーたー	插画师
いらっしゃいませ	いらっしゃいませ	欢迎光临
居らっしゃる	いらっしゃる	来，去，在（尊敬语）
入り	いり	进入；上座（观众）；日落
入り込み	いりごみ	一同进入；不对号入座
イリノイ	いりのい	伊利诺伊州
イリュージョン	いりゅーじょん	幻觉，幻象
衣料品	いりょうひん	衣料，服装用品
射る	いる	射（箭）
入る	いる	进入
鋳る	いる	铸造
いるか|海豚	いるか	海豚
イルミネーション	いるみねーしょん	彩灯，灯饰
異例	いれい	破例，罕见
慰霊	いれい	慰灵
慰霊祭	いれいさい	追悼会
入れ替え	いれかえ	更换，替换
入れ墨	いれずみ	纹身
入れ歯	いれば	假牙
イレブン	いれぶん	十一（人）；（足球）队伍
いろいろあって|色々あって	いろいろあって	由于种种原因
色気	いろけ	色调；（女性）风韵，性感
彩り	いろどり	色彩，配色
いろは|伊呂波	いろは	日语五十音假名传统排序；入门，基础
曰く	いわく	理由，缘故；据说
いわし|鰯	いわし	沙丁鱼
岩間	いわま	岩石之间
岩屋	いわや	岩洞，石窟
岩山	いわやま	岩山，石山
イン|ＩＮ	いん	（球）界内，进（网）
印	いん	印，图章
員	いん	……员，成员
因	いん	原因
韻	いん	韵，押韵
因果	いんが	因果
イングランド|英蘭	いんぐらんど	英格兰
隠語	いんご	隐语，行话
インサイダー	いんさいだー	内部人士
印紙	いんし	印花税票
因子	いんし	因子
飲酒運転	いんしゅうんてん	酒后驾车
印象付ける	いんしょうづける	给人留下印象
印象的	いんしょうてき	印象深刻的
インスタント	いんすたんと	速食的，即席的
インストラクター	いんすとらくたー	教练，指导员
インスリン	いんすりん	胰岛素
員数	いんずう	人数，件数
陰性	いんせい	阴性；阴郁的
引責	いんせき	引咎负责
インセンティブ	いんせんてぃぶ	激励，奖励机制
印税	いんぜい	版税
インタラクティブ	いんたらくてぃぶ	交互式的
インター	いんたー	（高速公路）交流道；国际，跨校
インターン	いんたーん	实习生，实习
インダストリアル	いんだすとりある	工业风格的
インチ|吋	いんち	英寸
インチキ	いんちき	欺骗，作假
院長	いんちょう	院长
インテグレーション	いんてぐれーしょん	整合，融合
インテリア	いんてりあ	室内装潢，室内设计
インテリジェンス	いんてりじぇんす	智力，情报
インテリジェント	いんてりじぇんと	智能的
インディアナ	いんでぃあな	印第安纳州
インディアン	いんでぃあん	（美洲）印第安人
インディペンデント	いんでぃぺんでんと	独立的
インデックス	いんでっくす	索引
隠匿	いんとく	隐匿，藏匿
イントネーション	いんとねーしょん	语调
イントロ	いんとろ	（音乐）前奏
インドア	いんどあ	室内的
インドシナ|印度支那	いんどしな	印度支那
院内	いんない	院内（议院、医院等内部）
因縁	いんねん	因缘，缘分；宿命
インバーター	いんばーたー	逆变器
インパクト	いんぱくと	冲击，影响
インフラ	いんふら	基础设施
インプット	いんぷっと	输入
インプラント	いんぷらんと	植入物（尤指牙科种植体）
インペリアル	いんぺりある	帝国的
陰謀	いんぼう	阴谋
インポート	いんぽーと	进口，导入
隠滅	いんめつ	销毁，毁灭（证据）
陰陽	いんよう	阴阳
韻律	いんりつ	韵律
飲料	いんりょう	饮料
飲料水	いんりょうすい	饮用水
イーグル	いーぐる	鹰
イージー	いーじー	容易的，轻松的
イースター	いーすたー	复活节
イースト	いーすと	酵母
卯	う	卯（十二地支之一）；东方
ウィジェット	うぃじぇっと	小工具，小部件
ウィンター	うぃんたー	冬天
ウィンドウ	うぃんどう	窗户，窗口
ウィーク	うぃーく	周，星期
ウィークエンド	うぃーくえんど	周末
ウィークリー	うぃーくりー	每周的
初陣	ういじん	初次出征，初次上阵
ウインカー	ういんかー	（汽车）转向灯
ウインク	ういんく	眨眼，抛媚眼
ウイング	ういんぐ	翼；（足球等）边锋
ウインタースポーツ	ういんたーすぽーつ	冬季运动
ウインド	ういんど	风；风琴；窗户
ウェア	うぇあ	服装，……装
ウェイ	うぇい	方式，方法
ウェイト	うぇいと	重量；重要性
ウェイトレス	うぇいとれす	女服务员
ウェディングドレス	うぇでぃんぐどれす	婚纱
ウェブ	うぇぶ	网，网络
ウェブサイト	うぇぶさいと	网站
ウェブページ	うぇぶぺーじ	网页
ウェブログ	うぇぶろぐ	博客
ウェルカム	うぇるかむ	欢迎
ウェーブ	うぇーぶ	波浪，波纹
ウェールズ	うぇーるず	威尔士
飢え	うえ	饥饿
植木鉢	うえきばち	花盆
上下	うえした	上下
飢え死に	うえじに	饿死
ウエスタン	うえすたん	西部片；乡村西部音乐
ウエスト	うえすと	腰，腰围
ウォッカ	うぉっか	伏特加
ウォッチング	うぉっちんぐ	观察，观赏
ウォン	うぉん	韩元；朝鲜圆
ウォール街	うぉーるがい	华尔街
魚市場	うおいちば	鱼市场
右往左往	うおうさおう	惊慌失措，走投无路，不知所措
浮かれる	うかれる	兴高采烈，欢闹
浮き	うき	漂浮；浮标，鱼漂
雨季	うき	雨季
浮き彫り	うきぼり	浮雕；使凸显，使突出
憂き目	うきめ	痛苦的经历，苦难
ウクライナ|烏克蘭	うくらいな	乌克兰
ウクレレ	うくれれ	尤克里里
受け	うけ	人气，好评
請負	うけおい	承包
受け皿	うけざら	茶托，托碟；承接（职责等）的机构
受付中	うけつけちゅう	受理中，接受申请中
受け持ち	うけもち	担任，负责（的事）
受け渡し	うけわたし	交货，交接
動き出す	うごきだす	开始动起来，启动
丑	うし	丑（十二地支之一）；东北偏北
後ろ姿	うしろすがた	背影
氏神	うじがみ	守护神，地方神
薄着	うすぎ	穿得单薄
薄まる	うすまる	变淡，变薄
薄らぐ	うすらぐ	变淡，减弱
うずうず	うずうず	跃跃欲试，急不可待
うずくまる|蹲る	うずくまる	蹲下，蜷缩
渦巻き	うずまき	漩涡
歌合	うたあわせ	和歌比赛
オートクチュール	おーとくちゅーる	高级定制服装
オートロック	おーとろっく	自动锁；自动门锁系统
オード	おーど	颂歌，赞歌
オードブル	おーどぶる	开胃菜；拼盘
オーバーヒート	おーばーひーと	（发动机等）过热；过度兴奋
オーバーラップ	おーばーらっぷ	重叠；叠印（画面）
オーバーラン	おーばーらん	（垒球）冲过垒；（跑道）冲出；超支，超出预算
オープニング	おーぷにんぐ	开场，开幕；开场白，片头
オープンカー	おーぷんかー	敞篷车
オープンセット	おーぷんせっと	露天布景，外景摄影棚
オープン戦	おーぷんせん	（棒球等）热身赛，公开赛
オーボエ	おーぼえ	双簧管
オーラ	おーら	气场，气质，灵气
オール	おーる	全部；通宵，熬夜
オールスター	おーるすたー	全明星赛；全明星阵容
オールスターキャスト	おーるすたーきゃすと	全明星阵容
オールドガード	おーるどがーど	老卫兵，守旧派
オールナイト	おーるないと	通宵
オールマイティ	おーるまいてぃ	全能的；万能牌，王牌
オールラウンド	おーるらうんど	全能的，多面手的
オーロラ	おーろら	极光
お～	お～	（接头词，表尊敬或礼貌）
加	か	加，加法；加拿大
科	か	（大学、医院的）系，科；专业
か	か	（终助词）表疑问；或者
母さん	かあさん	母亲；（对妻子的称呼）
加圧	かあつ	加压
下位	かい	下位，低位；下级
会	かい	会，集会，聚会
回	かい	（量词）次，回，局（棒球局数）
階	かい	楼层；台阶
甲斐	かい	（做某事的）价值，意义
買い	かい	购买，购物
買い上げ	かいあげ	购买，采购
海域	かいいき	海域
飼い犬	かいいぬ	家养的狗
買い入れ	かいいれ	购入，采购
開演	かいえん	开演
海王星	かいおうせい	海王星
快活	かいかつ	开朗；活泼
海外出張	かいがいしゅっちょう	出国出差
海岸線	かいがんせん	海岸线
会期	かいき	会期
回忌	かいき	（后缀）忌辰，周年忌
回帰	かいき	回归；回归线
怪奇	かいき	怪异，离奇
快挙	かいきょ	壮举，伟绩
開局	かいきょく	（电台等）开播，开局
解禁	かいきん	解禁
懐疑	かいぎ	怀疑
開業医	かいぎょうい	私人开业的医生
海軍	かいぐん	海军
会計検査院	かいけいけんさいん	审计院
会計士	かいけいし	会计师
会計年度	かいけいねんど	财政年度，会计年度
解決策	かいけつさく	解决方案
解決方法	かいけつほうほう	解决办法
改憲	かいけん	修宪
戒厳令	かいげんれい	戒严令
回顧	かいこ	回顾，追忆
蚕	かいこ	蚕
海溝	かいこう	海沟
開口	かいこう	开口，孔口；开口说话
開校	かいこう	（学校）建校，开学
開港	かいこう	开港，开放港口
戒告	かいこく	警告，告诫
開国	かいこく	开国
回顧録	かいころく	回忆录
開墾	かいこん	开垦
海産物	かいさんぶつ	海产品
介在	かいざい	介于其间，存在于
改ざん	かいざん	篡改，伪造
開始時刻	かいしじこく	开始时间
買い占め	かいしめ	囤积，抢购
買い占める	かいしめる	囤积，抢购
会社更生法	かいしゃこうせいほう	公司重整法
改宗	かいしゅう	改变信仰，改宗
楷書	かいしょ	楷书
解消	かいしょう	解除，取消；消除
快勝	かいしょう	轻松取胜
会食	かいしょく	聚餐
改新	かいしん	改新
開示	かいじ	公开，披露
懐柔	かいじゅう	怀柔，笼络
介助	かいじょ	护理，照料
開城	かいじょう	（城池）投降
開場	かいじょう	开场，开门
海上自衛隊	かいじょうじえいたい	海上自卫队
海上保安庁	かいじょうほあんちょう	海上保安厅
海水浴場	かいすいよくじょう	海水浴场
回生	かいせい	复苏，再生
解析	かいせき	解析，分析
回線	かいせん	线路，电路
改選	かいせん	改选
開戦	かいせん	开战
回戦	かいせん	（后缀）第…轮比赛
海戦	かいせん	海战
改組	かいそ	改组
会則	かいそく	会章，社规
快速	かいそく	快速；（列车）快车
海賊	かいぞく	海盗
解体	かいたい	拆除，拆卸；解体
開拓者	かいたくしゃ	开拓者
買い出し	かいだし	采购，外出购物
怪談	かいだん	鬼怪故事
改築	かいちく	改建，翻修
海中	かいちゅう	海中
快調	かいちょう	状态良好，顺利
買い付け	かいつけ	（大量）购买；（常光顾的）常用店家
買い手	かいて	买主
開廷	かいてい	开庭
改訂版	かいていばん	修订版
開店	かいてん	开店，开张
カイト	かいと	风筝
会頭	かいとう	（社团）会长
買取	かいとり	收购，买断
会堂	かいどう	礼堂；教堂
海道	かいどう	航海路线
解読	かいどく	解读，破译
買い得	かいどく	划算，物有所值
か否か	かいなか	是否
海難	かいなん	海难
解任	かいにん	解职，免职
開発者	かいはつしゃ	开发者
開発途上国	かいはつとじょうこく	发展中国家
開発部	かいはつぶ	开发部
開発元	かいはつもと	（软件、游戏等）开发商
開票	かいひょう	开票，计票
海浜	かいひん	海滨
買い控え	かいびかえ	控制购买，减少购物
開封	かいふう	拆封，开封
怪物	かいぶつ	怪物
海兵隊	かいへいたい	海军陆战队
改編	かいへん	改编，改组
会報	かいほう	会刊，会报
解剖学	かいぼうがく	解剖学
回目	かいめ	（后缀）第…次
解明	かいめい	查明，阐明
改名	かいめい	改名
壊滅	かいめつ	毁灭，覆灭
皆目	かいもく	（后接否定）完全，全然
買い戻し	かいもどし	回购，赎回
解約	かいやく	解约
快楽	かいらく	快乐，欢愉
戒律	かいりつ	戒律
回廊	かいろう	回廊，走廊
界隈	かいわい	附近，一带
下院	かいん	下院
課員	かいん	科员，部门职员
カウチポテト	かうちぽてと	沙发土豆（整天窝在沙发看电视的人）
カウボーイ	かうぼーい	牛仔
カウント	かうんと	计数；（棒球）好坏球数
替え	かえ	替换，更换；备用品
替え玉	かえだま	替身，冒名顶替者
返り咲き	かえりざき	（事业等）东山再起；重开的花
帰り道	かえりみち	归途，回家的路
かえる|蛙	かえる	青蛙
火炎瓶	かえんびん	燃烧瓶，汽油弹
顔合わせ	かおあわせ	初次见面；联合演出
カオス	かおす	混沌，混乱
顔なじみ	かおなじみ	熟人，老相识
顔ぶれ	かおぶれ	成员，阵容
顔見知り	かおみしり	熟人，面熟的人
香る	かおる	散发香气，芳香
顔を出す	かおをだす	露面，出席
顔を潰す	かおをつぶす	使人丢脸，使人难堪
抱え	かかえ	一抱，一捆；雇员
係官	かかりかん	主管官员，负责人
かかわらず|関わらず	かかわらず	不管，尽管，不论
加害者	かがいしゃ	加害者
科学技術庁	かがくぎじゅつちょう	科学技术厅
科学的	かがくてき	科学的
化学肥料	かがくひりょう	化学肥料
化学物質	かがくぶっしつ	化学物质
化学兵器	かがくへいき	化学武器
輝き	かがやき	光辉，光彩
かき|牡蠣	かき	牡蛎
火器	かき	火器，枪械
垣	かき	篱笆，围墙
柿	かき	柿子
夏季	かき	夏季
夏期	かき	（学校等的）暑期
書き換える	かきかえる	改写，重写；更新
カキコ	かきこ	（论坛、博客的）留言，帖子
書き言葉	かきことば	书面语
書き込み	かきこみ	填写；（网络）留言，发帖
書き初め	かきぞめ	新年首次书法
書き取り	かきとり	听写；抄写
下級	かきゅう	下级，低级
佳境	かきょう	精彩部分，高潮
華僑	かきょう	华侨
架橋	かきょう	架桥，建桥
歌曲	かきょく	歌曲，乐曲
家業	かぎょう	家业，家庭营生
稼業	かぎょう	行业，职业
画	かく	（量词）（汉字）笔画
各	かく	各，每
各位	かくい	各位，诸位
画一	かくいつ	统一，划一
角界	かくかい	相扑界
核家族	かくかぞく	核心家庭（小家庭）
閣議	かくぎ	内阁会议
隔月	かくげつ	隔月，每隔一月
核酸	かくさん	核酸
確執	かくしつ	（长期的）不和，对立
隠し引き出し	かくしひきだし	暗抽屉
核心	かくしん	核心，要害
核実験	かくじっけん	核试验
画数	かくすう	（汉字）笔画数
画する	かくする	划（线）；划定，界定
拡大均衡	かくだいきんこう	扩大均衡
核弾頭	かくだんとう	核弹头
拡張子	かくちょうし	（文件）扩展名
格付け	かくづけ	评级，定级
格闘	かくとう	搏斗，格斗
閣内	かくない	内阁内
核燃料	かくねんりょう	核燃料
核武装	かくぶそう	核武装
核分裂	かくぶんれつ	核裂变
角膜	かくまく	角膜
確約	かくやく	确切承诺，保证
格安航空券	かくやすこうくうけん	廉价机票
核融合	かくゆうごう	核聚变
隔離	かくり	隔离
閣僚	かくりょう	内阁成员，阁员
各～	かく～	各，每
神楽	かぐら	（日本）神乐，神社祭祀乐舞
賭け	かけ	赌，赌注
家系	かけい	家系，血统
家計簿	かけいぼ	家庭账本
掛け金	かけきん	分期付款；保险费
駆け込み	かけこみ	冲进去；（截止前）临时抢办
掛け声	かけごえ	（劳作、比赛等）呐喊声，吆喝声
掛け軸	かけじく	挂轴，字画
駆けつける	かけつける	跑去，赶到
かけ離れる	かけはなれる	相距甚远，脱离
駆け引き	かけひき	讨价还价；（战术）应对策略
駆け回る	かけまわる	奔跑，到处跑；奔走
かけら|欠片	かけら	碎片，碎块
翔る	かける	翱翔，飞翔；奔驰
影絵	かげえ	皮影，剪影
歌劇	かげき	歌剧
陰口	かげぐち	背后说坏话，诽谤
ヶ月	かげつ	（量词）…个月
影の内閣	かげのないかく	影子内阁
陰り	かげり	阴影，阴云；（形势）暗淡
下限	かげん	下限
囲い	かこい	围栏，圈子
囲う	かこう	围住，圈起来；包养
河口	かこう	河口
過酷	かこく	严酷，苛刻
カ国	かこく	（量词）…国
囲み	かこみ	包围，围栏；（报纸）方框内容
禍根	かこん	祸根，祸端
化合物	かごうぶつ	化合物
笠	かさ	斗笠；（灯等的）罩子
家裁	かさい	家庭法院
火災保険	かさいほけん	火灾保险
火砕流	かさいりゅう	火山碎屑流
カサカサ	かさかさ	干巴巴，干燥；沙沙作响
佳作	かさく	佳作
重ね合わせ	かさねあわせ	重叠，叠加
加算	かさん	加，加算；附加
風穴	かざあな	通风孔，气孔
家財	かざい	家产，家当
風上	かざかみ	上风，迎风
風下	かざしも	下风，背风
風向き	かざむき	风向；形势，情况
飾り気	かざりけ	矫饰，做作
飾り付け	かざりつけ	装饰，布置
火山灰	かざんばい	火山灰
下肢	かし	下肢
貸金	かしきん	贷款，借款
傾げる	かしげる	歪，倾斜（脑袋等）
貸出	かしだし	出借，借出
貸出用	かしだしよう	借阅用，出借用
貸付	かしつけ	借贷，贷款
過失致死	かしつちし	过失致死
貨車	かしゃ	货车（车厢）
菓子屋	かしや	点心店，糖果店
歌集	かしゅう	和歌集；歌曲集
仮称	かしょう	暂定名称
歌唱	かしょう	歌唱，唱歌
過小評価	かしょうひょうか	低估
かしら	かしら	（终助词，多用于女性）呢，吧
頭文字	かしらもじ	首字母，大写字母
柏	かしわ	柏树，槲树
柏木	かしわぎ	槲树；皇宫警卫
舵	かじ	舵
カジノ	かじの	赌场
果樹	かじゅ	果树
カジュアル	かじゅある	休闲的，随意的
果汁	かじゅう	果汁
加重	かじゅう	加重，加权
家人	かじん	家人，家眷
歌人	かじん	和歌诗人
カスタマー	かすたまー	顾客
カスタム	かすたむ	定制的
カステラ	かすてら	长崎蛋糕
カスバ	かすば	卡斯巴（北非古城堡）
カスピ海	かすぴかい	里海
かすみ|霞	かすみ	（春天的）薄雾，霞
科する	かする	（对犯人）处以，科处（罚金等）
数多く	かずおおく	许多，大量
数少ない	かずすくない	为数不多，稀少
化成	かせい	化成，转变
家政	かせい	家政
家政婦	かせいふ	女佣，家政服务员
稼ぎ	かせぎ	收入，挣的钱
カセットテープ	かせっとてーぷ	盒式磁带
架設	かせつ	架设，架设建造
仮説	かせつ	假说，假设
寡占	かせん	寡头垄断
河川敷	かせんじき	河滩地
風当たり	かぜあたり	迎风；（社会的）批评，压力
風通し	かぜとおし	通风；（组织内）沟通顺畅
風邪をひく	かぜをひく	感冒，着凉
仮装	かそう	化装，扮装
火葬	かそう	火葬
家族計画	かぞくけいかく	计划生育
過多	かた	过多，过剩
潟	かた	泻湖，海滩
難い	かたい	难以…，很难…
堅; 硬; 固い	かたい	坚硬，结实；坚定
片側	かたがわ	一侧，一边
家宅	かたく	住宅，住所
硬さ	かたさ	硬度，坚硬程度
型式	かたしき	型号，样式
片隅	かたすみ	角落
形見	かたみ	遗物，纪念品
固め	かため	巩固，加固；誓约
片目	かため	一只眼睛；独眼
偏り	かたより	偏差，偏向
語らう	かたらう	交谈；约定，商定
語り	かたり	讲述，叙述
語り口	かたりくち	讲述方式，说话腔调
語り手	かたりて	讲述者，叙述者
カタル|加答児	かたる	卡他，粘膜炎
加担	かたん	参与，协助（多含贬义）
仮題	かだい	暂定标题
カチカチ	かちかち	嘀嗒声；咔嗒声
価値観	かちかん	价值观
勝ち越し	かちこし	胜多于负；反超
勝ち越す	かちこす	胜多于负；反超领先
勝ち星	かちぼし	胜绩标记，获胜
渦中	かちゅう	漩涡中；（事件、纠纷的）漩涡之中
カチューシャ	かちゅーしゃ	发箍
花鳥	かちょう	花鸟
課徴金	かちょうきん	征收金，罚款
閣下	かっか	阁下
活況	かっきょう	兴旺，繁荣
確固	かっこ	坚定，确凿
括弧	かっこ	括号
滑降	かっこう	（滑雪）滑降
褐色	かっしょく	褐色
渇水	かっすい	缺水，干旱
活性	かっせい	活性
合戦	かっせん	交战，战斗
滑走	かっそう	滑行
滑走路	かっそうろ	跑道
カッター	かったー	裁纸刀，美工刀
勝手気まま	かってきまま	随心所欲，任性
カッと	かっと	突然发火；突然发亮
喝破	かっぱ	喝破，一语道破
カッパ|合羽	かっぱ	雨衣
カップリングシュガー	かっぷりんぐしゅがー	耦合糖
カツ	かつ	炸肉排
担ぎ	かつぎ	搬运工
割譲	かつじょう	割让（领土）
活動家	かつどうか	活动家
渇望	かつぼう	渴望
桂	かつら	桂树，连香树
かつら|鬘	かつら	假发
活路	かつろ	生路，出路
家庭科	かていか	家政课
家庭内	かていない	家庭内的，家庭内部
カテゴリ	かてごり	类别，范畴
加点	かてん	加分
カテーテル	かてーてる	导管
家電	かでん	家电
カデンツ	かでんつ	终止式（音乐）
過渡	かと	过渡
かと	かと	（表推测）或许…吧；心想…
下等	かとう	低等，低级
過当	かとう	过度，过分
過渡期	かとき	过渡期
カトリシズム	かとりしずむ	天主教教义
カトリック|加特力	かとりっく	天主教
カトリック教会	かとりっくきょうかい	天主教会
カトレヤ	かとれや	卡特兰（一种兰花）
過度	かど	过度
華道	かどう	花道，插花艺术
稼働	かどう	运转，开动；开工
か如何か	かどうか	是否
稼働率	かどうりつ	运转率，开工率
カドミウム	かどみうむ	镉
かな	かな	（终助词）表自问、期望
金網	かなあみ	铁丝网
金具	かなぐ	金属配件
金縛り	かなしばり	鬼压床，睡眠瘫痪
黄身	きみ	蛋黄
君が代	きみがよ	君之代（日本国歌）
君たち	きみたち	你们；诸位
機密	きみつ	机密；保密
キムチ|沈菜	きむち	泡菜
決め	きめ	约定；规定；决定
決め球	きめだま	（投手）制胜球
決め手	きめて	决定性因素；决定人；王牌
キメラ	きめら	嵌合体；奇美拉
肝	きも	肝脏；内脏；胆量，心思
気持ちいい	きもちいい	舒服；愉快，畅快
客足	きゃくあし	顾客往来（情况）；客流
客員	きゃくいん	客座（成员）；客座教授
客車	きゃくしゃ	客车厢
客船	きゃくせん	客船
キャスター	きゃすたー	新闻播报员；（家具）脚轮
キャスティング	きゃすてぃんぐ	（角色）选派，选角
キャスト	きゃすと	演员阵容；投掷，抛（钓线）
キャッシュカード	きゃっしゅかーど	现金卡；提款卡
キャッシング	きゃっしんぐ	现金贷款；信用卡透支
キャッチャー	きゃっちゃー	（棒球）捕手
キャッツアイ	きゃっつあい	猫眼石；道路反光钉
キャットウォーク	きゃっとうぉーく	（舞台、桥侧的）狭窄通道；猫爬架
キャップ	きゃっぷ	帽子；瓶盖，笔帽
キャディー	きゃでぃー	（高尔夫）球童
キャバレー	きゃばれー	夜总会
キャビア	きゃびあ	鱼子酱
キャビネット	きゃびねっと	柜子；机箱，机柜
キャビン	きゃびん	机舱；船舱
キャピタリズム	きゃぴたりずむ	资本主义
キャピタルゲイン	きゃぴたるげいん	资本收益
キャブレター	きゃぶれたー	汽化器
キャプション	きゃぷしょん	（图片、影视）说明文字；字幕
キャメル	きゃめる	骆驼；驼色
キャラ	きゃら	（虚构）角色；个性
キャラバン	きゃらばん	商队；旅行团
キャラメル	きゃらめる	焦糖，太妃糖
キャリー	きゃりー	携带，搬运
キャロル	きゃろる	颂歌，圣诞颂歌
キャンディ	きゃんでぃ	糖果
キャンドル	きゃんどる	蜡烛
キャンバス	きゃんばす	画布；帆布
キャンパー	きゃんぱー	露营者
キャンピング	きゃんぴんぐ	露营
キャンピングカー	きゃんぴんぐかー	房车
キャンプイン	きゃんぷいん	开始集训
キャンベラ	きゃんべら	堪培拉
球威	きゅうい	（投手）球的威力
吸引	きゅういん	吸引，吸收
球界	きゅうかい	棒球界
休刊	きゅうかん	停刊
急患	きゅうかん	急诊病人
休館	きゅうかん	（图书馆、博物馆等）闭馆
救急	きゅうきゅう	急救；急救的
救急医療	きゅうきゅういりょう	急救医疗
救急箱	きゅうきゅうばこ	急救箱
急遽	きゅうきょ	急忙；匆忙
球菌	きゅうきん	球菌
球技	きゅうぎ	球类运动
求刑	きゅうけい	（检察官）求刑
休憩所	きゅうけいじょ	休息处；服务区
吸血鬼	きゅうけつき	吸血鬼
休校	きゅうこう	（学校）临时停课
救国	きゅうこく	救国
糾合	きゅうごう	纠合，聚集
休止	きゅうし	休止，暂停
急死	きゅうし	猝死
旧式	きゅうしき	旧式；老式
救出	きゅうしゅつ	救出，营救
急所	きゅうしょ	要害；要点，关键
旧正月	きゅうしょうがつ	农历新年，春节
休職	きゅうしょく	停职；休职
急進	きゅうしん	激进
急伸	きゅうしん	（股价等）急升，猛涨
求心力	きゅうしんりょく	向心力；凝聚力
９０	きゅうじゅう	九十
休場	きゅうじょう	（剧场等）暂时停业；缺席，缺赛
球場	きゅうじょう	棒球场
窮状	きゅうじょう	困境；窘迫处境
求人	きゅうじん	招聘；招工
給水	きゅうすい	供水
休する	きゅうする	终结；休息
急性	きゅうせい	急性（的）
急逝	きゅうせい	猝然去世
旧制	きゅうせい	旧制度；旧体制
旧姓	きゅうせい	原姓；娘家姓
救世軍	きゅうせいぐん	救世军
救世主	きゅうせいしゅ	救世主；救星
急成長	きゅうせいちょう	迅速成长；快速增长
急増	きゅうぞう	骤增；激增
旧態	きゅうたい	旧貌；老样子
球団	きゅうだん	（职业棒球）球队
糾弾	きゅうだん	谴责，抨击
宮中	きゅうちゅう	宫中；皇宫
宮廷	きゅうてい	宫廷
弓道	きゅうどう	弓道
吸入	きゅうにゅう	吸入
旧派	きゅうは	旧派，守旧派
急ピッチ	きゅうぴっち	进展快；快节奏
給付	きゅうふ	给付，发放
急変	きゅうへん	骤变；突发事故
急務	きゅうむ	急务；当务之急
救命	きゅうめい	救命
旧約	きゅうやく	旧约（圣经）
給油	きゅうゆ	加油；上油
給油所	きゅうゆじょ	加油站
旧来	きゅうらい	自古以来；一直以来
給料日	きゅうりょうび	发薪日
キュリー	きゅりー	居里（放射性单位）
キュレーター	きゅれーたー	策展人
キュロット	きゅろっと	裙裤
キュー	きゅー	（台球）球杆；提示，暗号
キュート	きゅーと	可爱的
キューバ|玖馬	きゅーば	古巴
京	きょう	京（首都，指京都）；10的16次方
卿	きょう	卿，大人
興	きょう	兴致；兴趣
経	きょう	经，佛经
凶悪	きょうあく	凶恶；凶残
脅威	きょうい	威胁
教育委員会	きょういくいいんかい	教育委员会
教育者	きょういくしゃ	教育工作者
教育的	きょういくてき	教育性的
競泳	きょうえい	竞速游泳
共栄	きょうえい	共荣
競演	きょうえん	（演员间的）竞演，竞技表演
共演	きょうえん	同台演出；联合出演
饗宴	きょうえん	宴会，盛宴
恐喝	きょうかつ	恐吓；敲诈勒索
驚愕	きょうがく	惊愕，震惊
狂気	きょうき	疯狂；疯癫
凶器	きょうき	凶器
橋脚	きょうきゃく	桥墩
胸襟	きょうきん	胸怀，心怀
競技場	きょうぎじょう	体育场，运动场
強権	きょうけん	强权
狂言	きょうげん	狂言（日本传统喜剧）
強固	きょうこ	坚固；牢固
恐慌	きょうこう	恐慌
強行採決	きょうこうさいけつ	强行表决
峡谷	きょうこく	峡谷
強国	きょうこく	强国
今日この頃	きょうこのごろ	近来；这几天
強豪	きょうごう	强豪；劲敌
競合他社	きょうごうたしゃ	竞争对手公司
教唆	きょうさ	教唆
共催	きょうさい	共同主办
共済	きょうさい	互助
共産	きょうさん	共产（主义）
協賛	きょうさん	赞助；协办
共産主義	きょうさんしゅぎ	共产主义
共産党	きょうさんとう	共产党
共産～	きょうさん～	共产~
強者	きょうしゃ	强者
供出	きょうしゅつ	（战时）供出，缴纳
教書	きょうしょ	（总统等的）咨文；教令
教職員	きょうしょくいん	教职员
狭心症	きょうしんしょう	心绞痛
教示	きょうじ	指教；指导
強弱	きょうじゃく	强弱
供述	きょうじゅつ	供述
共生	きょうせい	共生
強制的	きょうせいてき	强制性的
教祖	きょうそ	（宗教）创始人；教主
強壮	きょうそう	强壮
協奏曲	きょうそうきょく	协奏曲
競争入札	きょうそうにゅうさつ	竞标；招投标
競走馬	きょうそうば	赛马
競争力	きょうそうりょく	竞争力
胸像	きょうぞう	胸像
筐体	きょうたい	机壳；机箱
驚嘆	きょうたん	惊叹
強打	きょうだ	猛击，重击
強大	きょうだい	强大
鏡台	きょうだい	梳妆台
教団	きょうだん	宗教团体
教壇	きょうだん	讲台
境地	きょうち	境地；心境
胸中	きょうちゅう	心中；内心
共著	きょうちょ	合著
競艇	きょうてい	竞艇
強敵	きょうてき	强敌
教徒	きょうと	教徒，信徒
共闘	きょうとう	共同斗争，联合行动
教頭	きょうとう	（学校）副校长，教导主任
強度	きょうど	强度
協同組合	きょうどうくみあい	合作社
共同体	きょうどうたい	共同体
共犯	きょうはん	共犯
恐怖症	きょうふしょう	恐惧症
胸部	きょうぶ	胸部
競歩	きょうほ	竞走
狂奔	きょうほん	奔走；疯跑
共謀	きょうぼう	共谋
興味津々	きょうみしんしん	兴致勃勃；饶有兴趣
教務	きょうむ	教务
共有	きょうゆう	共有；共享
供与	きょうよ	给予，提供
共用	きょうよう	共用
強要	きょうよう	强求；强迫
狂乱	きょうらん	狂乱；发狂
共立	きょうりつ	共同设立，共立
恐竜	きょうりゅう	恐龙
協和	きょうわ	协和；和睦
共和国	きょうわこく	共和国
共和制	きょうわせい	共和制
共和党	きょうわとう	共和党
虚栄	きょえい	虚荣
虚栄心	きょえいしん	虚荣心
巨漢	きょかん	巨汉，彪形大汉
巨額	きょがく	巨额
虚偽	きょぎ	虚假；虚伪
局員	きょくいん	（邮局、办事处等）职员
極右	きょくう	极右（政治立场）
曲折	きょくせつ	曲折
局地	きょくち	局部地区
局長	きょくちょう	局长
極東	きょくとう	远东
極度	きょくど	极度；极端
局留め	きょくどめ	局存（信件由邮局暂存待取）
局番	きょくばん	（电话）局号，区号
局面	きょくめん	局面；棋局态势
曲目	きょくもく	曲目
極力	きょくりょく	尽力；竭力
虚構	きょこう	虚构；捏造
挙式	きょしき	举行仪式（尤指婚礼）
居室	きょしつ	起居室
巨視的	きょしてき	宏观的
去就	きょしゅう	去留；进退取舍
拠出	きょしゅつ	出资，捐款
虚心	きょしん	虚心；坦率无成见
虚弱	きょじゃく	虚弱
居住者	きょじゅうしゃ	居民
巨人	きょじん	巨人；伟人；（日本）读卖巨人队
巨星	きょせい	巨星；伟人
拒絶反応	きょぜつはんのう	排斥反应；强烈抵触
巨体	きょたい	庞大的身躯
許諾	きょだく	许诺；准许
挙党	きょとう	全党
拒否権	きょひけん	否决权
虚無	きょむ	虚无
去来	きょらい	来去；（思绪）萦绕反复
キョロキョロ	きょろきょろ	（东张西望）骨碌碌，四下张望
起用	きよう	起用；任用
機雷	きらい	水雷
キラキラ	きらきら	闪闪发光；闪烁
切らす	きらす	用完，用尽；断绝
キラー	きらー	杀手；克星
桐	きり	桐树
切り	きり	限度；截止；段落
切り上げ	きりあげ	结束；（数值）进位；（货币）升值
切り替え	きりかえ	转换；切换
きりがない|切りがない	きりがない	没完没了；无止境
切り崩す	きりくずす	削平（土地）；分化瓦解（对方阵营）
切り口	きりくち	切口；切面
切り下げ	きりさげ	（货币）贬值；下调
霧雨	きりさめ	毛毛雨
キリシタン|切支丹	きりしたん	（日本战国、江户时代的）天主教（徒）
切り捨て	きりすて	舍弃；（数值）舍去
切り捨てる	きりすてる	切除扔掉；舍弃，抛弃
キリスト|基督	きりすと	基督
キリスト教	きりすときょう	基督教
起立	きりつ	起立
切り抜き	きりぬき	剪报；剪贴
切り離す	きりはなす	切离；分开，割断
切り札	きりふだ	王牌；杀手锏
キリル	きりる	西里尔（字母）
きりん|麒麟	きりん	长颈鹿；麒麟
キル	きる	杀球，扣球（排球等）
切れ味	きれあじ	锋利程度；（言辞、手腕）犀利
岐路	きろ	岔路；十字路口
帰路	きろ	归途，回程
キロ; キログラム	きろ; きろぐらむ	千克，公斤（略称）
キロ; キロメートル	きろ; きろめーとる	千米，公里（略称）
記録的	きろくてき	创纪录的
キログラム|瓩	きろぐらむ	千克，公斤
キロメートル|粁	きろめーとる	千米，公里
キロワット	きろわっと	千瓦
際立つ	きわだつ	显眼；突出
極まる	きわまる	达到极点；到头
極み	きわみ	极点，顶点
気をつける	きをつける	小心；注意
均一	きんいつ	均一；一致
金貨	きんか	金币
近海	きんかい	近海
金塊	きんかい	金块；金锭
謹賀新年	きんがしんねん	恭贺新年
緊急事態宣言	きんきゅうじたいせんげん	紧急事态宣言
近況	きんきょう	近况
近距離	きんきょり	近距离
禁句	きんく	忌讳的话；禁忌词
キング	きんぐ	国王；（扑克、国际象棋）K
金権	きんけん	金权，金钱势力
禁錮	きんこ	禁锢，监禁
近作	きんさく	近作
禁止事項	きんしじこう	禁止事项
禁止法	きんしほう	禁止法
禁酒	きんしゅ	禁酒；戒酒
緊縮	きんしゅく	紧缩
謹慎	きんしん	自我约束；闭门思过
近親	きんしん	近亲
近日	きんじつ	近日；不日
禁ずる	きんずる	禁止
均整	きんせい	匀称；协调
禁制	きんせい	禁止；查禁
金星	きんせい	金星
金石	きんせき	金石；金石铭文
近代詩	きんだいし	现代诗
近代的	きんだいてき	现代的
近著	きんちょ	近著
均等	きんとう	均等；均衡
緊迫	きんぱく	紧迫；紧张
金髪	きんぱつ	金发
金屏風	きんびょうぶ	金屏风
金品	きんぴん	钱财物品
近辺	きんぺん	附近，近旁
緊密	きんみつ	紧密
金脈	きんみゃく	金矿脉；财源，金主
勤務時間	きんむじかん	工作时间
禁輸	きんゆ	禁运
金融機関	きんゆうきかん	金融机构
金融市場	きんゆうしじょう	金融市场
金融庁	きんゆうちょう	（日本）金融厅
金曜	きんよう	星期五
禁欲的	きんよくてき	禁欲的；克制的
筋力	きんりょく	肌肉力量
近隣	きんりん	近邻；附近
勤労者	きんろうしゃ	劳动者
キー	きー	钥匙；（乐器、键盘）键；关键
キーステーション	きーすてーしょん	（广播网）主播台，龙头台
キーパー	きーぱー	守门员
キープ	きーぷ	保持；保留
キーポイント	きーぽいんと	关键点
キーマン	きーまん	关键人物
キール	きーる	龙骨
キーワード	きーわーど	关键词
儀	ぎ	仪式；事情
ギア	ぎあ	齿轮；挡位
議院	ぎいん	议院，国会
議院運営委員会	ぎいんうんえいいいんかい	众（参）议院运营委员会
義援金	ぎえんきん	捐款，赈灾款
ギガ	ぎが	吉，十亿（词头）；千兆字节
戯画	ぎが	漫画；讽刺画
疑義	ぎぎ	疑义，疑问
義兄	ぎけい	姐夫；大伯子
疑獄	ぎごく	（重大）贪污案；受贿案
ギザギザ|刻々	ぎざぎざ	锯齿状；参差不齐
義姉	ぎし	嫂子；大姑子
義歯	ぎし	假牙
偽証	ぎしょう	伪证；假证
疑心	ぎしん	疑心；怀疑
議事	ぎじ	议事，议程
疑似	ぎじ	疑似；类似
技術者	ぎじゅつしゃ	技术人员；工程师
技術的	ぎじゅつてき	技术上的
技術力	ぎじゅつりょく	技术实力
議場	ぎじょう	会场；议会大厅
議事録	ぎじろく	会议记录
議席	ぎせき	议席
偽装	ぎそう	伪装；假装
ギタリスト	ぎたりすと	吉他手
犠打	ぎだ	牺牲打
義太夫	ぎだゆう	义太夫（净琉璃说唱曲调）
義弟	ぎてい	妹夫；小叔子
議定書	ぎていしょ	议定书
疑念	ぎねん	疑虑，疑念
犠飛	ぎひ	牺牲高飞球
義父	ぎふ	岳父，公公；继父
岐阜	ぎふ	岐阜（地名）
ギフト	ぎふと	礼物
ギブアップ	ぎぶあっぷ	放弃，认输
ギプス	ぎぷす	石膏绷带
技法	ぎほう	技法
義母	ぎぼ	岳母，婆婆；继母
義妹	ぎまい	弟媳；小姑子
気味	ぎみ	有点…，稍显…
義務教育	ぎむきょういく	义务教育
義務付け	ぎむづけ	使…成为义务；规定义务
疑問点	ぎもんてん	疑点
疑問符	ぎもんふ	问号
逆効果	ぎゃくこうか	反效果；适得其反
虐殺	ぎゃくさつ	虐杀，屠杀
逆襲	ぎゃくしゅう	反击，反攻
逆説	ぎゃくせつ	悖论；似是而非的论调
逆手	ぎゃくて	反手；反握法
逆転勝ち	ぎゃくてんがち	反败为胜
逆風	ぎゃくふう	逆风；不利形势
逆戻り	ぎゃくもどり	倒退；复原，回到原状
逆輸入	ぎゃくゆにゅう	反向进口，回头进口
ギャグ	ぎゃぐ	笑料；插科打诨
ギャラリー	ぎゃらりー	画廊；（高尔夫等）观众
ギャル	ぎゃる	辣妹（时髦少女）
ギャルソン	ぎゃるそん	男侍者，男服务生
ギャロッピングインフレ	ぎゃろっぴんぐいんふれ	恶性通货膨胀
ギャンブラー	ぎゃんぶらー	赌徒
ぎゅうぎゅう	ぎゅうぎゅう	吱吱嘎嘎；塞得满满的
牛舎	ぎゅうしゃ	牛棚，牛舍
牛丼	ぎゅうどん	牛肉盖饭
牛歩	ぎゅうほ	蜗牛般的速度；进展缓慢
義勇	ぎゆう	义勇
原発	げんぱつ	核电站；核能发电
現物	げんぶつ	实物，现货
減俸	げんぽう	减薪，降薪
原本	げんぽん	原本，底本；原来，原本
玄米	げんまい	糙米
言明	げんめい	声明，明言
幻滅	げんめつ	幻灭，理想破灭
減免	げんめん	减免
原野	げんや	原野，荒野
現有	げんゆう	现有，现存
源流	げんりゅう	源流，发源地；根源
元老	げんろう	元老
元禄	げんろく	元禄（年号，1688-1704）
現～	げん～	现，现任
ゲージ	げーじ	量规，量规器；规格
ゲート	げーと	门，闸门
ゲートボール	げーとぼーる	门球
ゲームセット	げーむせっと	比赛结束
個	こ	个（量词）
小	こ	小，略小；稍微
コア	こあ	核心
コアビタシオン	こあびたしおん	同居
コアラ	こあら	考拉
故意	こい	故意
鯉	こい	鲤鱼
恋心	こいごころ	恋慕之心，爱意
小石	こいし	小石头，石子
こいつ|此奴	こいつ	这家伙
こいつら|こいつ等	こいつら	这些家伙
恋文	こいぶみ	情书
コイル	こいる	线圈
コインロッカー	こいんろっかー	投币式寄物柜
侯	こう	侯（爵位）
稿	こう	稿子，草稿
乞う	こう	乞求，请求
高圧	こうあつ	高压
公安	こうあん	公安，治安
考案	こうあん	设计，构思
公安委員会	こうあんいいんかい	公安委员会
厚意	こうい	厚意，好意
皇位	こうい	皇位
高位	こうい	高位，高级；高位（数）
広域	こういき	广域，大范围
更衣室	こういしつ	更衣室
後遺症	こういしょう	后遗症
こういった|こう言った	こういった	这样的，这种
行員	こういん	银行职员
降雨	こうう	降雨
光栄	こうえい	光荣，荣幸
公益	こうえき	公益
公益法人	こうえきほうじん	公益法人
校閲	こうえつ	校阅，审校
後援	こうえん	后援，支持
講演会	こうえんかい	演讲会，讲座
高音	こうおん	高音
工科	こうか	工科
校歌	こうか	校歌
降下	こうか	降下，下降
高架	こうか	高架
公海	こうかい	公海
公開	こうかい	公开
更改	こうかい	更改，续订
公開中	こうかいちゅう	公开中，上映中
公会堂	こうかいどう	公会堂，市民会馆
降格	こうかく	降级，降职
効果的	こうかてき	有效的
公館	こうかん	官邸，公馆
高官	こうかん	高官
好感度	こうかんど	好感度
光学	こうがく	光学
高額	こうがく	高额，大额
光学式文字認識	こうがくしきもじにんしき	光学字符识别
高学年	こうがくねん	高年级
工学部	こうがくぶ	工学院，工程系
後期	こうき	后期
光輝	こうき	光辉
好機	こうき	良机，好机会
校旗	こうき	校旗
綱紀	こうき	纲纪，法纪
香気	こうき	香气
恒久	こうきゅう	恒久，永久
高給	こうきゅう	高薪
高級ホテル	こうきゅうほてる	高级酒店
交響楽団	こうきょうがくだん	交响乐团
交響曲	こうきょうきょく	交响曲
公共放送	こうきょうほうそう	公共广播
公共料金	こうきょうりょうきん	公共事业费
公金	こうきん	公款
抗菌	こうきん	抗菌
拘禁	こうきん	拘禁，监禁
鉱区	こうく	矿区
航空機	こうくうき	飞机，航空器
航空自衛隊	こうくうじえいたい	（日本）航空自卫队
航空母艦	こうくうぼかん	航空母舰
後継	こうけい	继承，后继
口径	こうけい	口径
好景気	こうけいき	景气，繁荣
高潔	こうけつ	高洁，高尚
後見	こうけん	监护，监护人
高見	こうけん	高见，卓识
抗原	こうげん	抗原
公庫	こうこ	（政府）金融公库
航行	こうこう	航行
高校; 高等学校	こうこう; こうとうがっこう	高中
抗告	こうこく	抗告，上诉
口語	こうご	口语，白话
皇后	こうごう	皇后
光彩	こうさい	光彩
公債	こうさい	公债
高裁	こうさい	高等法院
交際費	こうさいひ	交际费，应酬费
交錯	こうさく	交错
工作員	こうさくいん	特工，间谍
工作機械	こうさくきかい	机床
絞殺	こうさつ	勒死，绞杀
考察	こうさつ	考察，研究
公算	こうさん	概率，可能性
降参	こうさん	投降，屈服
鋼材	こうざい	钢材
口座番号	こうざばんごう	账号
高山	こうざん	高山
格子	こうし	格子
公使	こうし	公使
公子	こうし	公子
公私	こうし	公私
子牛	こうし	小牛，牛犊
甲子園	こうしえん	甲子园（棒球场）
硬式	こうしき	硬式（网球、棒球等）
公式サイト	こうしきさいと	官方网站
公式戦	こうしきせん	正式比赛
皇室	こうしつ	皇室
硬質	こうしつ	硬质
公社	こうしゃ	公社，公营公司
巧者	こうしゃ	能手，高手
公舎	こうしゃ	公家宿舍，官舍
侯爵	こうしゃく	侯爵
公爵	こうしゃく	公爵
公社債	こうしゃさい	公司债和公债
攻守	こうしゅ	攻守
甲種	こうしゅ	甲种，一等
好守	こうしゅ	好防守
公衆衛生	こうしゅうえいせい	公共卫生
高収入	こうしゅうにゅう	高收入
絞首刑	こうしゅけい	绞刑
公称	こうしょう	公称，名义上
厚相	こうしょう	厚生大臣（旧称）
考証	こうしょう	考证
公職	こうしょく	公职
好色	こうしょく	好色，多情
交信	こうしん	通讯，联络
後進	こうしん	后辈，晚辈；后退
興信所	こうしんじょ	征信所，调查事务所
公示	こうじ	公示，公告
麹	こうじ	曲，酒曲
工事中	こうじちゅう	施工中
皇女	こうじょ	皇女，公主
口上	こうじょう	口头致辞，开场白
恒常	こうじょう	恒常，经常
甲状腺	こうじょうせん	甲状腺
公序良俗	こうじょりょうぞく	公共秩序与善良风俗
公人	こうじん	公众人物，公职人员
高水準	こうすいじゅん	高水平
降水量	こうすいりょう	降水量
こうすると	こうすると	这样一来
こうすれば	こうすれば	这样的话
構図	こうず	构图
講ずる	こうずる	讲授；采取（措施）
後世	こうせい	后世，后代
恒星	こうせい	恒星
攻勢	こうせい	攻势
更正	こうせい	更正，改正
更生	こうせい	更生，重新做人；再生
校正	こうせい	校对，校正
厚生省	こうせいしょう	（旧）厚生省
好成績	こうせいせき	好成绩
厚生年金	こうせいねんきん	厚生年金（福利养老金）
高性能	こうせいのう	高性能
厚生労働省	こうせいろうどうしょう	（日本）厚生劳动省
公設	こうせつ	公设，公立
巧拙	こうせつ	巧拙，高低
降雪	こうせつ	降雪
交戦	こうせん	交战
公選	こうせん	公选，民选
抗戦	こうせん	抗战
公訴	こうそ	公诉
高僧	こうそう	高僧
校則	こうそく	校规
梗塞	こうそく	梗塞
高速度	こうそくど	高速
構造物	こうぞうぶつ	构筑物，建筑物
後続	こうぞく	后续
皇族	こうぞく	皇族
抗体	こうたい	抗体
皇太后	こうたいごう	皇太后
皇太子	こうたいし	皇太子
皇太子妃	こうたいしひ	太子妃
広大	こうだい	广大，广阔
講談	こうだん	讲谈（评书式说书）
拘置	こうち	拘留，羁押
高地	こうち	高地，高原
構築	こうちく	构筑，构建
拘置所	こうちしょ	拘留所，看守所
紅潮	こうちょう	脸红，泛红
公聴会	こうちょうかい	公听会，听证会
硬直	こうちょく	僵硬，僵化
交通費	こうつうひ	交通费
好都合	こうつごう	方便，有利
公定	こうてい	官定，法定
公邸	こうてい	官邸
工程	こうてい	工序，工程进度
皇帝	こうてい	皇帝
行程	こうてい	行程，路程
高低	こうてい	高低，起伏
公定歩合	こうていぶあい	（银行）法定贴现率
更迭	こうてつ	更迭，撤换
鋼鉄	こうてつ	钢铁
好転	こうてん	好转
好天	こうてん	好天气
後天的	こうてんてき	后天的，习得的
好投	こうとう	投球出色
高等教育	こうとうきょういく	高等教育
口頭弁論	こうとうべんろん	口头辩论（庭审）
硬度	こうど	硬度
坑道	こうどう	坑道，矿井巷道
校内	こうない	校内
港内	こうない	港内
抗日	こうにち	抗日
後任	こうにん	继任者，后任
公認会計士	こうにんかいけいし	注册会计师
高熱	こうねつ	高烧；高温
光年	こうねん	光年
更年期	こうねんき	更年期
効能	こうのう	功效，效用
硬派	こうは	强硬派；硬派（男子作风）
紅白	こうはく	红白
後発	こうはつ	后发，晚出发；后进厂商
公判	こうはん	公审，审判
広範	こうはん	广泛
鋼板	こうはん	钢板
広範囲	こうはんい	广泛的范围
後半戦	こうはんせん	下半场
紅梅	こうばい	红梅
購買力	こうばいりょく	购买力
降板	こうばん	（投手）被换下场；辞职，下台
公費	こうひ	公费
工費	こうひ	工程费用
高品質	こうひんしつ	高品质
公布	こうふ	公布，颁布
後部	こうぶ	后部，后方
公文	こうぶん	公文
公文書	こうぶんしょ	公文，公文书
工兵	こうへい	工兵
後方	こうほう	后方
公報	こうほう	公报
工法	こうほう	施工方法
航法	こうほう	航海（航空）术，导航
高峰	こうほう	高峰
広報	こうほう	公关，宣传
候補者	こうほしゃ	候选人
酵母	こうぼ	酵母
工房	こうぼう	工坊，工作室
攻防	こうぼう	攻防
光明	こうみょう	光明，希望
公民	こうみん	公民；公民（学科）
公民館	こうみんかん	公民馆，社区活动中心
公民権	こうみんけん	公民权
皇民党	こうみんとう	皇民党
工務	こうむ	工程事务
公明	こうめい	公正，光明磊落；公明党（简称）
高名	こうめい	著名，有名
公明党	こうめいとう	公明党（日本政党）
校門	こうもん	校门
紺屋	こうや	染坊，染匠
荒野	こうや	荒野，荒原
公約	こうやく	公约，竞选承诺
交友	こうゆう	交友，朋友
公有	こうゆう	公有
高揚	こうよう	高涨，昂扬
広葉樹	こうようじゅ	阔叶树
高麗	こうらい	高丽
小売価格	こうりかかく	零售价
高率	こうりつ	高比率
効率的	こうりつてき	高效的
小売り店	こうりてん	零售店
攻略	こうりゃく	攻略，攻占
興隆	こうりゅう	兴隆，兴盛
稿料	こうりょう	稿费，稿酬
綱領	こうりょう	纲领
香料	こうりょう	香料
後列	こうれつ	后排
航路	こうろ	航线，航路
高炉	こうろ	高炉
功労	こうろう	功劳
厚労省	こうろうしょう	（日本）厚生劳动省（简称）
公論	こうろん	公论
口論	こうろん	口角，争吵
講和	こうわ	讲和，媾和
港湾	こうわん	港湾
高～	こう～	高，高级
肥	こえ	粪肥
小枝	こえだ	小树枝
呼応	こおう	呼应
コカイン|古加涅	こかいん	可卡因
顧客満足	こかくまんぞく	顾客满意度
木陰	こかげ	树荫
枯渇	こかつ	枯竭，干涸
戸外	こがい	户外
子会社	こがいしゃ	子公司
小刀	こがたな	小刀
黄金	こがね	黄金，金色
小刻み	こきざみ	一点一点地，细碎地；逐步的
顧客	こきゃく	顾客
呼吸器	こきゅうき	呼吸器官
コギトエルゴスム	こぎとえるごすむ	我思故我在
刻	こく	（旧时刻度单位，约两小时）；雕刻
石	こく	石（容积单位，约180升）
酷	こく	严酷，苛刻
黒衣	こくい	黑衣
刻一刻	こくいっこく	一刻一刻地，逐渐
刻一刻と	こくいっこくと	一刻一刻地，逐渐
虚空	こくう	虚空，空中
国益	こくえき	国家利益
黒鉛	こくえん	石墨
黒煙	こくえん	黑烟
国学	こくがく	国学（日本古典文学文化研究）
国技	こくぎ	国技
国軍	こくぐん	国家军队
国語辞典	こくごじてん	国语辞典
国債	こくさい	国债
国際化	こくさいか	国际化
国際協力事業団	こくさいきょうりょくじぎょうだん	日本国际协力事业团（JICA）
国際人	こくさいじん	国际化人才，具有国际视野的人
国際的	こくさいてき	国际性的
国際法	こくさいほう	国际法
国策	こくさく	国策
国士	こくし	国士，杰出人物
酷使	こくし	过度使用，压榨
酷暑	こくしょ	酷暑
告示	こくじ	告示，公告
酷似	こくじ	极为相似
国情	こくじょう	国情
黒人	こくじん	黑人
国人	こくじん	本国人，当地人
国勢	こくせい	国势
国政	こくせい	国政
国勢調査	こくせいちょうさ	国情普查，人口普查
国是	こくぜ	国策，国是
国税	こくぜい	国税
国税局	こくぜいきょく	国税局
国税庁	こくぜいちょう	（日本）国税厅
告訴	こくそ	控告，起诉
穀倉	こくそう	谷仓
国対	こくたい	国会对策委员会
国鉄	こくてつ	（旧）日本国有铁道
国道	こくどう	国道
国土庁	こくどちょう	（日本）国土厅
告発	こくはつ	告发，检举
国費	こくひ	国家经费，公费
酷評	こくひょう	严厉批评
国賓	こくひん	国宾
国富	こくふ	国家财富
国文学	こくぶんがく	日本文学
国分寺	こくぶんじ	国分寺（古代日本官办寺院）
告別	こくべつ	告别
国宝	こくほう	国宝
国民健康保険	こくみんけんこうほけん	国民健康保险
国民宿舎	こくみんしゅくしゃ	（地方政府经营的）平价旅馆
国民性	こくみんせい	国民性
国民総生産	こくみんそうせいさん	国民生产总值
国民的	こくみんてき	举国的，全民性的
国民投票	こくみんとうひょう	全民公投
国民年金	こくみんねんきん	国民年金（养老金制度）
国務	こくむ	国务
国務省	こくむしょう	（美国）国务院
国務大臣	こくむだいじん	国务大臣
国務長官	こくむちょうかん	（美国）国务卿
克明	こくめい	详细，一丝不苟
国名	こくめい	国名
国立劇場	こくりつげきじょう	国立剧场
国立博物館	こくりつはくぶつかん	国立博物馆
国力	こくりょく	国力
穀類	こくるい	谷类
国論	こくろん	舆论，公论
小口	こぐち	切口，边缘；小额
こけ|苔	こけ	苔藓
固形	こけい	固体，固态
ココア	ここあ	可可（饮品）
故国	ここく	故国，祖国
個々人	ここじん	每个人，各人
九重	ここのえ	九重，皇宫
９日	ここのか	九号，九天
ココム	ここむ	对共产圈出口管制委员会（COCOM）
ここら|此処等	ここら	这一带，这附近
心意気	こころいき	气概，志气
心から	こころから	衷心地，由衷地
心がけ	こころがけ	心态，用心
心がける	こころがける	留心，注意，力求
心待ち	こころまち	期待，盼望
心を込めて	こころをこめて	全心全意地
古語	こご	古语，旧词
サルバルサン	さるばるさん	洒尔佛散（治疗梅毒的砷剂药物商标名）
サルーン	さるーん	沙龙；豪华轿车
される|為れる	される	被做，被…；做，进行（する的被动、敬语形式）
サロン	さろん	沙龙；美容院；社交场所
沢	さわ	山涧；溪谷；沼泽湿地
さん	さん	先生，女士，小姐（人名后敬称）
賛	さん	赞词，赞语；（画上的）题词
賛意	さんい	赞同之意，赞成
参院	さんいん	参议院（日本国会上院）
産科	さんか	产科
賛歌	さんか	赞歌，颂歌
三回	さんかい	三次
散会	さんかい	散会
参画	さんかく	参与（计划、决策）
参観	さんかん	参观
山間	さんかん	山间，山中
三冠馬	さんかんば	（日本赛马）三冠马
３月	さんがつ	三月
産業界	さんぎょうかい	产业界，实业界
サンクスギビングデー	さんくすぎびんぐでー	感恩节
サンクチュアリ	さんくちゅあり	圣所，庇护所
山系	さんけい	山系
三権	さんけん	三权（立法、行政、司法）
参考書	さんこうしょ	参考书
参考までに	さんこうまでに	仅供参考
散骨	さんこつ	撒骨灰
山菜	さんさい	山野菜
散策	さんさく	散步，漫步
散々	さんざん	彻底地，狼狈不堪；严重地，厉害
蚕糸	さんし	蚕丝
三者	さんしゃ	三方，三者
サンシャイン	さんしゃいん	阳光
三種	さんしゅ	三种
算出	さんしゅつ	算出，计算出
三振	さんしん	（棒球）三振出局
三時	さんじ	三点；下午茶点心时间
参事	さんじ	参事，秘书
惨事	さんじ	惨事，惨案
賛辞	さんじ	赞词，颂词
三次	さんじ	第三，三次；三次（方程等）
参事官	さんじかん	参事官
３次元	さんじげん	三维，立体
産児制限	さんじせいげん	节育，计划生育
３０	さんじゅう	三十
３１日	さんじゅういちにち	三十一日
３０日	さんじゅうにち	三十日
３８度線	さんじゅうはちどせん	三八线
三女	さんじょ	三女儿
賛助	さんじょ	赞助，支持
惨状	さんじょう	惨状
サンスクリット	さんすくりっと	梵语，梵文
三省	さんせい	反复自省
参政権	さんせいけん	参政权，选举权
山積	さんせき	堆积如山
三選	さんせん	三连任
参戦	さんせん	参战
山川	さんせん	山川
３０００	さんぜん	三千
山荘	さんそう	山庄，山间别墅
山村	さんそん	山村
山賊	さんぞく	山贼
三代	さんだい	三代
サンダーバード	さんだーばーど	雷鸟
サンチュール	さんちゅーる	腰带
算定	さんてい	核算，估算
サンディエゴ	さんでぃえご	圣地亚哥
サンデー	さんでー	圣代（冰淇淋）
サントラ	さんとら	电影原声带
三度	さんど	三次
サンド	さんど	三明治
参道	さんどう	（通往神社的）参道
賛同	さんどう	赞同
サンドペーパー	さんどぺーぱー	砂纸
三男	さんなん	三儿子
三人	さんにん	三人
三年	さんねん	三年；（学校）三年级
サンノゼ	さんのぜ	圣何塞
サンバ	さんば	桑巴舞
参拝	さんぱい	参拜
散発	さんぱつ	零星发生
散髪	さんぱつ	理发
３００	さんびゃく	三百
産品	さんぴん	产品
サンフォライズ	さんふぉらいず	预缩整理（防缩加工的商标名）
サンフランシスコ	さんふらんしすこ	旧金山
三部	さんぶ	三部分；三份
三部作	さんぶさく	三部曲
散文	さんぶん	散文
散布	さんぷ	散布，喷洒
サンプラー	さんぷらー	采样器；样本布料
サンプリング	さんぷりんぐ	取样，采样
産別	さんべつ	产业别工会
サンボ	さんぼ	桑搏（格斗术）
参謀	さんぼう	参谋
三方	さんぼう	三方，三面
三本	さんぼん	三根，三支
三枚	さんまい	三片，三张；（切鱼）三片法
散漫	さんまん	散漫；漫不经心
酸味	さんみ	酸味
山野	さんや	山野
三役	さんやく	（相扑、组织）三役，最高职位
産油国	さんゆこく	产油国
参与	さんよ	参与；顾问
産卵	さんらん	产卵
三流	さんりゅう	三流
産量	さんりょう	产量
三輪	さんりん	三轮
三塁	さんるい	（棒球）三垒
三塁手	さんるいしゅ	三垒手
三塁打	さんるいだ	三垒打
サンルーフ	さんるーふ	天窗
参列	さんれつ	出席，参加（仪式等）
サーキット	さーきっと	（电）电路；赛道
サーセン	さーせん	对不起（俗语，抱歉的谐音说法）
サーチ	さーち	搜索
サーチライト	さーちらいと	探照灯
サード	さーど	第三；三垒
サーバー	さーばー	服务器；（分菜、饮水）用具
サービスエース	さーびすえーす	（网球、排球）发球得分
サービス業	さーびすぎょう	服务业
サーファー	さーふぁー	冲浪者
サーブ	さーぶ	发球；上菜
サーベイランス	さーべいらんす	监测，监控
サーロイン	さーろいん	西冷牛排，沙朗
座	ざ	座位；地位，位置
財界	ざいかい	财界，金融实业界
在外	ざいがい	在国外，海外
在外公館	ざいがいこうかん	驻外使领馆
在京	ざいきょう	在京（东京）
材質	ざいしつ	材质
在職	ざいしょく	在职
在住	ざいじゅう	居住
財政投融資	ざいせいとうゆうし	财政投融资
財政難	ざいせいなん	财政困难
在籍	ざいせき	在籍，在校，在职
財団	ざいだん	财团
財団法人	ざいだんほうじん	财团法人
在日	ざいにち	居住在日本（外国人）；在日
在任	ざいにん	在任
財閥	ざいばつ	财阀
在米	ざいべい	在美国，居美
財務官	ざいむかん	财务官
在野	ざいや	在野；不在朝
在来	ざいらい	原有的，传统的
在留	ざいりゅう	（尤指在国外）居留，逗留
挫折	ざせつ	挫折，受挫
座禅	ざぜん	坐禅
座長	ざちょう	（会议）主席；剧团团长
雑居	ざっきょ	杂居，混住
雑踏	ざっとう	熙熙攘攘，人群拥挤
ザラザラ	ざらざら	粗糙，粗糙不平
ザリガニ|蝲蛄	ざりがに	小龙虾
ざるを得ない	ざるをえない	不得不…；只好…
ざわざわ	ざわざわ	嘈杂，吵闹；沙沙作响
ざわめく|騒めく	ざわめく	喧闹，嘈杂；沙沙作响
残虐	ざんぎゃく	残虐，残暴
残存	ざんぞん	残存，遗留
暫定	ざんてい	暂定，临时
残忍	ざんにん	残忍，残酷
惨敗	ざんぱい	惨败
ザンビア	ざんびあ	赞比亚
残留	ざんりゅう	残留
残塁	ざんるい	（棒球）残垒
誌	し	杂志，刊物
史	し	历史
し	し	而且，并且（接续助词）
仕上げ	しあげ	完成；收尾，加工完善
明々後日	しあさって	大后天
シアター	しあたー	剧场，电影院
シアトル|舎路	しあとる	西雅图
シアン	しあん	青色，青
思案	しあん	思考，思索
私案	しあん	私人方案，个人提案
詩歌	しいか	诗歌
虐げる	しいたげる	虐待，压迫
死因	しいん	死因
試運転	しうんてん	试运转，试车
シェアリング	しぇありんぐ	共享
シェイク	しぇいく	摇晃；奶昔
シェイプ	しぇいぷ	形状；塑形
シェイプアップ	しぇいぷあっぷ	健身塑形
シェパード	しぇぱーど	（德国）牧羊犬
シェリー	しぇりー	雪利酒
シェル	しぇる	壳，外壳
シェルター	しぇるたー	避难所，防空洞
シェーカー	しぇーかー	（鸡尾酒）调酒器
シェーバー	しぇーばー	剃须刀
市営	しえい	市营
市営地下鉄	しえいちかてつ	市营地铁
シエスタ	しえすた	午睡（西班牙语siesta）
塩味	しおあじ	咸味
潮時	しおどき	适宜时机
シオニスト	しおにすと	犹太复国主义者
シオニズム	しおにずむ	犹太复国主义
塩水	しおみず	盐水
しか	しか	只，仅（后接否定）
史家	しか	史学家
市会	しかい	市议会
視界	しかい	视野，视界
歯科医	しかい	牙医
歯科医師	しかいし	牙医
司会者	しかいしゃ	主持人
歯科衛生士	しかえいせいし	牙科保健师
シカゴ	しかご	芝加哥
死活	しかつ	生死，死活
しか無い	しかない	只能…；只好…
士官	しかん	士官，军官
市外	しがい	市外，郊外
市街地	しがいち	市区，市镇
史学	しがく	史学
私学	しがく	私立学校
４月	しがつ	四月
志願	しがん	志愿，报名
士気	しき	士气
私企業	しきぎょう	私营企业
色紙	しきし	（用于题字、签名的）方形彩纸板
識者	しきしゃ	有识之士
式辞	しきじ	致辞（仪式上）
色素	しきそ	色素
色調	しきちょう	色调
式典	しきてん	典礼，仪式
式部	しきぶ	（古时）掌管宫廷礼仪的官职
敷き布団	しきぶとん	（铺在地上的）褥子，垫被
識別	しきべつ	识别，辨别
四球	しきゅう	（棒球）四坏球，保送
子宮	しきゅう	子宮
死球	しきゅう	（棒球）触身球
死去	しきょ	去世，逝世
市況	しきょう	市场行情
支局	しきょく	分局，分社
仕切り	しきり	隔断，分隔；结算
資金繰り	しきんぐり	资金周转
試金石	しきんせき	试金石
資金調達	しきんちょうたつ	筹资，融资
市議	しぎ	市议员
市議会	しぎかい	市议会
始業	しぎょう	开始工作，开工
シクラメン	しくらめん	仙客来（花名）
仕草	しぐさ	举止，动作
シグナル	しぐなる	信号
時雨	しぐれ	（晚秋初冬的）阵雨
死刑囚	しけいしゅう	死囚
私見	しけん	个人意见，管见
試験場	しけんじょう	考场；试验场
試験的	しけんてき	试验性的
資源エネルギー庁	しげんえねるぎーちょう	（日本）资源能源厅
試行錯誤	しこうさくご	反复试验，试错
仕込み	しこみ	训练，教养；备货
死後	しご	死后
死語	しご	死语，废语；过时用语
私語	しご	窃窃私语
仕事中	しごとちゅう	工作中
仕事始め	しごとはじめ	（新年后）开始上班
仕事場	しごとば	工作场所
思索	しさく	思索，思考
試作	しさく	试制，试作
試算	しさん	试算，估算
資材	しざい	（原）材料
四肢	しし	四肢
獅子	しし	狮子
四死球	ししきゅう	（棒球）四坏球加触身球
資質	ししつ	资质，素质
使者	ししゃ	使者
試写	ししゃ	（电影）试映
司書	ししょ	图书管理员
支所	ししょ	分所，分处
師匠	ししょう	师父，师傅
死傷者	ししょうしゃ	死伤者
試食	ししょく	试吃
私書箱	ししょばこ	邮政信箱
指針	ししん	指针；方针
師事	しじ	拜…为师，师从
私事	しじ	私事，个人事务
四重奏	しじゅうそう	四重奏
私塾	しじゅく	私塾
子女	しじょ	子女
史上	しじょう	史上
至上	しじょう	至上，最高
詩情	しじょう	诗情
誌上	しじょう	杂志上
紙上	しじょう	纸上；报纸上
指数	しすう	指数
しすぎる|し過ぎる	しすぎる	做过头，过度
シスター	しすたー	姐妹；修女
システムズ	しすてむず	系统
資する	しする	有助于，有利于
静岡	しずおか	静冈（地名）
静けさ	しずけさ	寂静，安静
静める	しずめる	使安静，平息
市政	しせい	市政
施政	しせい	施政，行政
私生活	しせいかつ	私生活
史跡	しせき	古迹，历史遗迹
使節	しせつ	使节，使者
私設	しせつ	私设，私营
自然界	しぜんかい	自然界
自然環境	しぜんかんきょう	自然环境
自然公園	しぜんこうえん	自然公园
シソーラス	しそーらす	同义词词典，词库
氏族	しぞく	氏族
肢体	したい	肢体，四肢
したい	したい	想做（する的意愿形）
舌打ち	したうち	咂嘴，咋舌
下唇	したくちびる	下唇
親しみ	したしみ	亲近感，亲切感
下敷き	したじき	垫板；垫在下面（被压在下面）
下っ腹	したっぱら	小腹，下腹
下手	したて	下位，谦逊；（相扑）内握
仕立て	したて	缝制；培养
下手投げ	したてなげ	（相扑）下手投
下値	したね	（股市）低价
私大	しだい	私立大学
仕出し	しだし	送餐，包办酒席；（戏剧）跑龙套
師団	しだん	（军队）师
７月	しちがつ	七月
七五三	しちごさん	七五三节（庆祝儿童成长的传统节日）
七七日	しちしちにち	（死后）四十九天
７時	しちじ	七点
７０	しちじゅう	七十
七福神	しちふくじん	七福神
試着	しちゃく	试穿
質屋	しちや	当铺
市中	しちゅう	市内，市中
支柱	しちゅう	支柱
シチュエーション	しちゅえーしょん	情况，局面
シチュー	しちゅー	炖菜，浓汤
疾患	しっかん	疾病
漆器	しっき	漆器
シックスナイン	しっくすないん	六九（性姿势，或指99.9999%）
失敬	しっけい	失礼，冒昧
執行委員	しっこういいん	执行委员
執行部	しっこうぶ	执行部
執行猶予	しっこうゆうよ	缓刑
漆黒	しっこく	漆黑
失策	しっさく	失误，过失
湿疹	しっしん	湿疹
失神	しっしん	昏厥，晕倒
失跡	しっせき	失踪，逃亡
失踪	しっそう	失踪
疾走	しっそう	疾驰，快跑
失速	しっそく	（经济、势头）失速，骤降
失態	しったい	失态，出丑
湿地	しっち	湿地
失墜	しっつい	丧失，坠落（威信等）
知っての通り	しってのとおり	正如你所知
失点	しってん	失分
失敗談	しっぱいだん	失败经历，教训谈
シップ	しっぷ	船
疾風	しっぷう	疾风，暴风
室	しつ	房间；（后缀）室
失意	しつい	失意，沮丧
室長	しつちょう	室长，科室主管
し続ける	しつづける	持续做，一直做
質的	しつてき	质的，性质上的
室内楽	しつないがく	室内乐
執務	しつむ	办公，处理公务
失明	しつめい	失明
質問をする	しつもんをする	提问
質量	しつりょう	质量；数量与质量
室～	しつ～	…室
仕手	して	表演者；（经济）大户，炒家
シティ	してぃ	城市
シティーエアターミナル	してぃーえあたーみなる	城市航站楼
子弟	してい	子弟
師弟	してい	师徒，师生
私邸	してい	私邸
私的	してき	私人的，个人的
使徒	しと	使徒
使途	しと	（金钱的）用途
シトロン	しとろん	香橼；柠檬苏打水
始動	しどう	启动
市道	しどう	市道，市政道路
指導者	しどうしゃ	指导者，领导人
シドニー|雪特尼	しどにー	悉尼
竹刀	しない	（剑道用）竹刀
しないのではないか	しないのではないか	恐怕不会…吧
シナモン	しなもん	肉桂
シナリオライター	しなりおらいたー	编剧
至難	しなん	极难，难上加难
シニア	しにあ	资深；老年人
シニカル	しにかる	冷嘲的，玩世不恭的
老舗	しにせ	老字号，老店
死に体	しにたい	（相扑）失去平衡的姿势；濒临失败的状态
死人	しにん	死人，死者
シネマ	しねま	电影
シノニム	しのにむ	同义词
賜杯	しはい	御赐杯（天皇赏赐的奖杯）
支配的	しはいてき	支配性的，占主导地位的
支配人	しはいにん	经理
支払い方法	しはらいほうほう	支付方式
師範	しはん	师范，教练
四半期	しはんき	（一年的）季度
柴	しば	柴，柴薪
芝居小屋	しばいごや	戏院，剧场
芝草	しばくさ	草坪，草皮
縛り首	しばりくび	绞刑
私費	しひ	自费
シビック	しびっく	市民的
シビリアンコントロール	しびりあんこんとろーる	文官统治，文人控军
シフォン	しふぉん	雪纺
侵食	しんしょく	侵蚀；侵占（市场份额、权利等）
浸食	しんしょく	侵蚀；腐蚀
新進	しんしん	新兴的；崭露头角的
心神耗弱	しんしんこうじゃく	心神耗弱，责任能力减弱
シンジケート	しんじけーと	辛迪加，联合企业
身上	しんじょう	身世，经历；处境；长处
心酔	しんすい	倾倒，心醉；崇拜
真髄	しんずい	精髓，真谛
新制	しんせい	新制度；战后新学制
新星	しんせい	新星；新秀
新生	しんせい	新生，重生
新政	しんせい	新政，新政府
新生活	しんせいかつ	新生活
新生児	しんせいじ	新生儿
新成人	しんせいじん	新成人（当年满二十岁者）
新製品	しんせいひん	新产品
新世界	しんせかい	新大陆；新世界
シンセサイザー	しんせさいざー	合成器
新設	しんせつ	新设立，新建
新雪	しんせつ	新雪，初雪
深層	しんそう	深层
新装	しんそう	重新装修，翻新
心臓病	しんぞうびょう	心脏病
親族	しんぞく	亲属，亲戚
新体	しんたい	新体，新样式
進退	しんたい	进退；行动，去留
進退伺い	しんたいうかがい	非正式请辞（书）
身体障害者	しんたいしょうがいしゃ	身体残疾人
信託	しんたく	信托，委托
薪炭	しんたん	薪炭，柴炭
新築マンション	しんちくまんしょん	新建公寓，新建住宅楼
新着	しんちゃく	新到，新收到的
進駐	しんちゅう	进驻，驻扎
心中	しんちゅう	内心，心里
新陳代謝	しんちんたいしゃ	新陈代谢
新田	しんでん	新开垦的水田
信徒	しんと	信徒，教徒
新党	しんとう	新党（新政党）
浸透	しんとう	渗透，浸透；普及
神道	しんとう	神道（日本传统宗教）
深度	しんど	深度
神童	しんどう	神童
震動	しんどう	震动，晃动
シンドローム	しんどろーむ	综合症
シンナー	しんなー	（油漆）稀释剂
親日	しんにち	亲日
新入	しんにゅう	新加入，新来
進入	しんにゅう	进入，驶入
新任	しんにん	新任，新上任
真の	しんの	真正的
新発売	しんはつばい	新发售，新上市
新橋	しんばし	新桥（东京地名）
シンパ	しんぱ	（左翼运动等的）同情者
新派	しんぱ	新流派；新派剧
侵犯	しんぱん	侵犯，侵害
信販会社	しんぱんがいしゃ	信贷公司
神秘的	しんぴてき	神秘的
新品	しんぴん	全新物品，新品
シンフォニー	しんふぉにー	交响曲
心不全	しんふぜん	心力衰竭
新聞記事	しんぶんきじ	报纸报道，新闻报道
新婦	しんぷ	新娘
神父	しんぷ	神父
新風	しんぷう	新风气，新气象
振幅	しんぷく	振幅；波动幅度
身辺	しんぺん	身边，周围
親睦	しんぼく	亲睦，友好
シンボリスト	しんぼりすと	象征主义者
シンボリック	しんぼりっく	象征性的
シンポ	しんぽ	（学术）座谈会，研讨会
信奉	しんぽう	信奉，信仰
新法	しんぽう	新法律；新方法
新米	しんまい	新米；新手，新人
親密	しんみつ	亲密
神妙	しんみょう	老实，恭顺；乖巧
新芽	しんめ	新芽，嫩芽
審問	しんもん	审问，讯问
新薬	しんやく	新药
信用金庫	しんようきんこ	信用金库（一种合作金融机构）
信用組合	しんようくみあい	信用合作社
信頼性	しんらいせい	可靠性，可信度
審理	しんり	审理
心理的	しんりてき	心理上的
診療所	しんりょうじょ	诊所
新緑	しんりょく	新绿，嫩绿
心労	しんろう	忧虑，操心
シーア派	しーあは	什叶派
シーク	しーく	寻求
シークレット	しーくれっと	秘密
シークレットサービス	しーくれっとさーびす	特勤局，特工处
シーズニング	しーずにんぐ	调味料
シーズンオフ	しーずんおふ	淡季
シーソーゲーム	しーそーげーむ	拉锯战，僵持局面
ＣＤプレーヤー	しーでぃーぷれーやー	CD播放机
シード	しーど	种子；（比赛）种子选手排位
シーフード	しーふーど	海鲜
シームレス	しーむれす	无缝的
シーリング	しーりんぐ	天花板；（预算等）上限
シールド	しーるど	屏蔽；防护罩
ＣＭ	しー・えむ	广告，电视广告
痔	じ	痔疮
時	じ	……点，……时（时刻）；……时候
慈愛	じあい	（尤指父母对子女的）慈爱
地合い	じあい	（布料等）质地；市场行情走势
侍医	じい	御医，侍医
辞意	じい	辞职之意
じいさん|爺さん	じいさん	爷爷；老爷爷
ジェスチャー	じぇすちゃー	手势，姿态；（游戏）猜字谜
ジェット	じぇっと	喷气式
ジェットコースター	じぇっとこーすたー	过山车
ジェネレーション	じぇねれーしょん	一代人，世代
ジェノサイド	じぇのさいど	种族灭绝
ジェラシー	じぇらしー	嫉妒
ジェロントクラシー	じぇろんとくらしー	老人政治
ＪＲ	じぇー・あーる	JR（日本铁路公司）
自衛官	じえいかん	自卫队队员
自衛隊	じえいたい	日本自卫队
時価	じか	时价，市价
自家	じか	自家，自身
字画	じかく	汉字笔画
自活	じかつ	自食其力，自谋生计
自家用	じかよう	自用，私用
次官	じかん	次官，副部长
時間切れ	じかんぎれ	超时，时间到
自画像	じがぞう	自画像
次期	じき	下一期，下届
時期尚早	じきしょうそう	为时过早
直に	じきに	立刻，马上
持久	じきゅう	持久，耐久
自供	じきょう	招供，供认
時局	じきょく	时局，时势
時宜	じぎ	适宜的时机
事業所	じぎょうしょ	营业所，事业单位
ジグザグ	じぐざぐ	之字形，锯齿形
ジグソーパズル	じぐそーぱずる	拼图游戏
字形	じけい	字形
自決	じけつ	自决；自尽
時限	じげん	（课）节；时限
時効	じこう	时效（法律上的诉讼时效）
自己管理	じこかんり	自我管理
自国	じこく	本国，自己的国家
自己資本	じこしほん	自有资本，净资产
自己紹介	じこしょうかい	自我介绍
事後	じご	事后
自作	じさく	自己制作；自耕（土地）
自室	じしつ	自己的房间
自社	じしゃ	本公司
自主的	じしゅてき	自主的，主动的
事象	じしょう	事件，现象
自称	じしょう	自称的，自封的
時事	じじ	时事
事実上	じじつじょう	事实上，实际上
事実無根	じじつむこん	毫无根据，与事实不符
侍従	じじゅう	侍从（官）
侍女	じじょ	侍女，女仆
自助	じじょ	自助，自力更生
自浄	じじょう	自净，自我净化
自叙伝	じじょでん	自传
ＪＩＳ	じす	日本工业标准
辞す	じす	告辞；辞职，辞去
字数	じすう	字数
ジストロフィー	じすとろふぃー	营养不良（医学）
自省	じせい	自省，反省
自制	じせい	自制，克制
次席	じせき	次席，副职
自責	じせき	自责
自薦	じせん	自荐，毛遂自荐
慈善	じぜん	慈善
自尊	じそん	自尊，自重
地蔵	じぞう	地藏（菩萨）
持続的	じぞくてき	持续的，持久的
自他	じた	自己与他人；及物与不及物（动词）
自体	じたい	本身，自身
次代	じだい	下一个时代
時代劇	じだいげき	古装剧，历史剧
時代錯誤	じだいさくご	不合时宜，时代错误
示談	じだん	庭外和解，私了
自治権	じちけん	自治权
自治体	じちたい	自治体，地方政府
次長	じちょう	副局长，副处长
実況	じっきょう	实况，实际情况；实况转播
実兄	じっけい	亲哥哥
実刑	じっけい	实刑（须服刑的判决）
実権	じっけん	实权
実験室	じっけんしつ	实验室
実効	じっこう	实效
実際は	じっさいは	实际上，事实上
実子	じっし	亲生子女
実質的	じっしつてき	实质性的
実証	じっしょう	实证，证实
実数	じっすう	实数；实际数字
実勢	じっせい	实际，实情
実戦	じっせん	实战
実相	じっそう	真相，实情
実態調査	じったいちょうさ	实况调查，实态调查
実地	じっち	实地，实践
実弟	じってい	亲弟弟
実演	じつえん	实演，现场演示
実技	じつぎ	实际技能，实操
実業	じつぎょう	实业，产业
政変	せいへん	政变；政局动荡
生保	せいほ	人寿保险；（生活）保障
西方	せいほう	西方；西方极乐世界
歳暮	せいぼ	年末；年终礼品
聖母	せいぼ	圣母
精米	せいまい	碾米；精米
政務	せいむ	政务
政務次官	せいむじかん	政务次官
生命保険	せいめいほけん	人寿保险
生命力	せいめいりょく	生命力
製薬	せいやく	制药
成約	せいやく	订立合同；成交
製油所	せいゆじょ	炼油厂
静養	せいよう	静养
西洋人	せいようじん	西方人
性欲	せいよく	性欲
生理学	せいりがく	生理学
清流	せいりゅう	清流
清涼	せいりょう	清凉；凉爽
政令	せいれい	政令
清廉	せいれん	清廉
背泳ぎ	せおよぎ	仰泳
セオリー	せおりー	理论；常规做法
世界一	せかいいち	世界第一
世界各地	せかいかくち	世界各地
世界各国	せかいかっこく	世界各国
世界観	せかいかん	世界观
世界銀行	せかいぎんこう	世界银行
世界中	せかいじゅう	全世界；世界各地
世界大戦	せかいたいせん	世界大战
世界的	せかいてき	世界性的；全球性的
せかせか	せかせか	急急忙忙；坐立不安
セカンド	せかんど	第二；二垒；二垒手
せがむ	せがむ	纠缠；央求；死乞白赖地要求
関	せき	关卡，关口；（相扑）关取
積	せき	（数学）积；体积；面积
堰	せき	堰；水坝
籍	せき	户籍；国籍；（团体）会籍
石英	せきえい	石英
赤外線	せきがいせん	红外线
赤軍	せきぐん	红军
積載	せきさい	装载
積算	せきさん	累计；积算；估算
石材	せきざい	石材
石室	せきしつ	石室；石造墓室
席上	せきじょう	席间；会上
脊髄	せきずい	脊髓
積雪	せきせつ	积雪
寂然	せきぜん	寂静；冷清
関取	せきとり	（相扑）关取（十两以上力士）
責任感	せきにんかん	责任感
責任を持つ	せきにんをもつ	负责；承担责任
惜敗	せきはい	惜败
赤飯	せきはん	赤饭（红豆糯米饭，喜庆场合食用）
石碑	せきひ	石碑
石仏	せきぶつ	石佛；不动声色的人
赤面	せきめん	脸红；难为情
赤痢	せきり	痢疾
関脇	せきわけ	（相扑）关胁（第三高级别力士）
世銀	せぎん	世界银行
セクシー	せくしー	性感的
セクター	せくたー	部门，领域；（磁盘）扇区
施工	せこう	施工
セ氏	せし	摄氏
セシウム	せしうむ	铯
世襲	せしゅう	世袭
背筋	せすじ	脊背；后背正中线
せず	せず	不做，未做
せずに	せずに	不做……而；没有……就
セゾン	せぞん	季节
背丈	せたけ	身高；身长
セダン	せだん	轿车
石灰	せっかい	石灰
せっかち	せっかち	性急；急躁
石棺	せっかん	石棺
石器	せっき	石器
積極	せっきょく	积极的
雪渓	せっけい	雪溪；积雪山谷
接見	せっけん	接见；会见
席巻	せっけん	席卷
摂氏	せっし	摄氏
折衝	せっしょう	谈判；交涉
セッション	せっしょん	（会议、演奏等）场次；即兴演奏会
接戦	せっせん	激战；势均力敌的比赛
節操	せっそう	节操；操守
拙速	せっそく	粗糙但迅速；仓促
接着	せっちゃく	粘接；黏合
セッティング	せってぃんぐ	设置；安装；布置
設定可能	せっていかのう	可设置的；可配置的
説得力	せっとくりょく	说服力
折半	せっぱん	对半分；均分
切腹	せっぷく	切腹自杀
節減	せつげん	节减；节约
雪辱	せつじょく	雪耻；一雪前耻
切断	せつだん	切断；截断
刹那	せつな	刹那；瞬间
切望	せつぼう	渴望；殷切期望
設問	せつもん	提问；设问
摂理	せつり	（自然、天）规律；天意
拙劣	せつれつ	拙劣；笨拙
瀬戸	せと	海峡；水道
狭まる	せばまる	变窄；收窄
狭める	せばめる	使变窄；缩小
背番号	せばんごう	（运动员）背号
セピア	せぴあ	深褐色，棕褐色
セブン	せぶん	七
背骨	せぼね	脊椎；脊梁骨
蝉	せみ	蝉
セミコロン	せみころん	分号
背もたれ	せもたれ	（椅子）靠背
セラピー	せらぴー	疗法；治疗
セラミック	せらみっく	陶瓷（的）
セラー	せらー	卖方；酒窖
競り合い	せりあい	竞争；争夺
競り合う	せりあう	争夺；竞争
セル	せる	细胞；哔叽呢；（电影）赛璐珞；启动马达
競る	せる	竞争；竞价；拍卖
セルビア|塞爾維	せるびあ	塞尔维亚
セルフ	せるふ	自助（的）
セルロイド	せるろいど	赛璐珞
セレクション	せれくしょん	精选；甄选
セレクト	せれくと	选择；挑选
セレナーデ	せれなーで	小夜曲
セロハンテープ	せろはんてーぷ	透明胶带
セロリ	せろり	芹菜
世話人	せわにん	干事；照料人；中间人
銭	せん	钱（日元的百分之一）；辅币
選	せん	选，挑选
戦域	せんいき	战区；战场
船員	せんいん	船员；水手
１０００円	せんえん	一千日元
千円札	せんえんさつ	千元纸币
専横	せんおう	专横；独断专行
戦火	せんか	战火；战争
戦禍	せんか	战祸；战争灾难
旋回	せんかい	旋转；回转；盘旋
戦艦	せんかん	战舰
千九百年代	せんきゅうひゃくねんだい	20世纪
占拠	せんきょ	占据；占领
戦況	せんきょう	战况
選挙運動	せんきょうんどう	竞选活动
選挙権	せんきょけん	选举权
選挙戦	せんきょせん	选战；竞选
選挙人	せんきょにん	选民
鮮魚	せんぎょ	鲜鱼
専業	せんぎょう	专职；专营；专业
先駆	せんく	先驱；先锋
先見	せんけん	先见；预见
先遣	せんけん	先遣
浅見	せんけん	浅见；管见
線香	せんこう	香（线香）
戦後	せんご	战后
戦国	せんごく	战国（乱世）；战国时代
潜在	せんざい	潜在
戦死	せんし	阵亡
船室	せんしつ	船舱；客舱
戦車	せんしゃ	坦克；战车
先取	せんしゅ	先得；先占
船主	せんしゅ	船主
千秋楽	せんしゅうらく	（演出、比赛）最后一天
選手権	せんしゅけん	锦标；冠军赛
選出	せんしゅつ	选出；推选
専守防衛	せんしゅぼうえい	专守防卫（政策）
選手村	せんしゅむら	运动员村
戦勝	せんしょう	战胜
選奨	せんしょう	推荐；表彰
染色体	せんしょくたい	染色体
先進	せんしん	先进
先進国	せんしんこく	发达国家
戦時	せんじ	战时
選者	せんじゃ	评选人；评委
専従	せんじゅう	专职从事
先住	せんじゅう	原住民；先住
戦場	せんじょう	战场
洗浄	せんじょう	清洗；洗涤
洗浄剤	せんじょうざい	洗涤剂；清洁剂
先人	せんじん	先人；前辈
先陣	せんじん	先锋；先头部队
泉水	せんすい	（庭院）池塘
潜水艦	せんすいかん	潜水艇
先制	せんせい	先发制人
宣誓	せんせい	宣誓
戦績	せんせき	战绩
船籍	せんせき	船籍
宣戦	せんせん	宣战
戦線	せんせん	战线
センセーショナル	せんせーしょなる	轰动的；耸人听闻的
センセーション	せんせーしょん	轰动；哗然
戦前	せんぜん	战前
専属	せんぞく	专属；专职
船体	せんたい	船体
選択科目	せんたくかもく	选修课
センタリング	せんたりんぐ	（足球）传中；居中
仙台	せんだい	仙台（日本地名）
戦地	せんち	战地；前线
センチメンタル	せんちめんたる	多愁善感的；感伤的
センチメートル|糎	せんちめーとる	厘米
戦中	せんちゅう	战时；战争期间
船長	せんちょう	船长
先手	せんて	先下手；先手；率先
だらけ	だらけ	满是，浑身是（表示不良状态到处都是）
だらし無い	だらしない	邋遢；散漫，不检点；没出息
ダラス	だらす	达拉斯（美国城市）
打率	だりつ	打击率
打力	だりょく	击球能力
だるま|達磨	だるま	达摩不倒翁；达摩祖师
誰でも	だれでも	任何人，谁都
誰にでも	だれにでも	对任何人；无论谁
誰にも	だれにも	对任何人（都）
誰も	だれも	谁都，任何人（都）；（后接否定）谁也不
だろう	だろう	大概吧，……吧（表推测）
だろうか	だろうか	是不是……呢，会不会……呢
壇	だん	台，坛；讲台
断	だん	决断，判断
弾圧	だんあつ	镇压，压制
団員	だんいん	团员，成员
弾劾	だんがい	弹劾
弾丸	だんがん	子弹，炮弹
ダンク	だんく	扣篮
談合	だんごう	串通，勾结；（投标）串标；商谈
男爵	だんしゃく	男爵
談笑	だんしょう	谈笑，畅谈
ダンシング	だんしんぐ	跳舞
男児	だんじ	男孩，男子
断食	だんじき	绝食，斋戒
断じて	だんじて	绝对，坚决；（后接否定）绝不
壇上	だんじょう	台上，讲台上
ダンスホール	だんすほーる	舞厅
男性的	だんせいてき	男性化的，有男子气概的
断絶	だんぜつ	断绝，绝灭；（家族等）断代
断層	だんそう	断层；隔阂，差距
男尊女卑	だんそんじょひ	男尊女卑
断続	だんぞく	断断续续，间歇
団長	だんちょう	团长
弾頭	だんとう	弹头
暖冬	だんとう	暖冬
ダントツ|断トツ	だんとつ	遥遥领先，断层第一
弾道	だんどう	弹道
断熱	だんねつ	隔热，绝热
断念	だんねん	断念，死心，放弃
ダンピング	だんぴんぐ	倾销
ダンプカー	だんぷかー	自卸卡车，翻斗车
断片	だんぺん	碎片，片段
ダンボール|段ボール	だんぼーる	瓦楞纸，纸箱
弾薬	だんやく	弹药
段落	だんらく	段落；告一段落
暖流	だんりゅう	暖流
暖炉	だんろ	壁炉
談話	だんわ	谈话，交谈；（正式）声明
ダーク	だーく	暗，深色的
ダーリン	だーりん	亲爱的（称呼）
チア	ちあ	啦啦队，加油
チアガール	ちあがーる	啦啦队女孩
地域社会	ちいきしゃかい	地区社会，社区
小さい頃	ちいさいころ	小时候
チェア	ちぇあ	椅子
チェアマン	ちぇあまん	主席，会长
チェコ	ちぇこ	捷克
チェコスロバキア	ちぇこすろばきあ	捷克斯洛伐克
チェチェン	ちぇちぇん	车臣
チェッ	ちぇっ	切（表不满、懊恼的叹词）
チェッカー	ちぇっかー	跳棋；方格图案；检查装置
チェックアウト	ちぇっくあうと	（酒店）退房
チェリー	ちぇりー	樱桃
チェルノブイリ	ちぇるのぶいり	切尔诺贝利
チェロ	ちぇろ	大提琴
チェンジャー	ちぇんじゃー	换挡器，转换器
チェンバロ	ちぇんばろ	羽管键琴
誓い	ちかい	誓言，誓约
知覚	ちかく	知觉，感知
地殻	ちかく	地壳
地殻変動	ちかくへんどう	地壳变动；（局势等）巨变
地下室	ちかしつ	地下室
誓って	ちかって	发誓，一定；（后接否定）绝不
近づき	ちかづき	相识，结识
地下道	ちかどう	地下通道
近寄せる	ちかよせる	使靠近；让接近，结交
力一杯	ちからいっぱい	用尽全力
力添え	ちからぞえ	帮助，协助
力試し	ちからだめし	试一试自己的能力
力持ち	ちからもち	大力士
痴漢	ちかん	色狼，猥亵者
知己	ちき	知己，好友
地球儀	ちきゅうぎ	地球仪
地球上	ちきゅうじょう	地球上
チキン	ちきん	鸡肉；胆小鬼
稚魚	ちぎょ	鱼苗，幼鱼
ちぎれる|千切れる	ちぎれる	被撕碎，被扯断
逐一	ちくいち	逐一，一一
蓄財	ちくざい	积攒财富
逐次	ちくじ	依次，逐次
蓄電池	ちくでんち	蓄电池
乳首	ちくび	乳头
ちくり	ちくり	刺痛感；（言语）刺人；打小报告
竹林	ちくりん	竹林
ちぐはぐ	ちぐはぐ	不协调，参差不齐，前后矛盾
地検	ちけん	地方检察厅
治験	ちけん	临床试验
地裁	ちさい	地方法院
地誌	ちし	地方志，地理志
致死	ちし	致死，致命
知識人	ちしきじん	知识分子
千島	ちしま	千岛群岛
千島列島	ちしまれっとう	千岛群岛
致死量	ちしりょう	致死量
恥辱	ちじょく	耻辱，羞辱
治水	ちすい	治水，河道治理
稚拙	ちせつ	幼稚笨拙，不成熟
遅滞	ちたい	迟滞，拖延
チタン	ちたん	钛
遅々	ちち	迟缓，进展缓慢
父方	ちちかた	父亲一方（的亲属）
地中海	ちちゅうかい	地中海
縮み	ちぢみ	收缩；縮绸（棉织物）
窒素	ちっそ	氮
ちどり|千鳥	ちどり	千鸟（鸟名）
遅配	ちはい	（发放、配送等）延误
千葉	ちば	千叶（地名）
地表	ちひょう	地表，地面
ちび|禿び	ちび	小不点，小矮个；（动漫）Q版形象
チフス|窒扶斯	ちふす	伤寒
乳房	ちぶさ	乳房
チベット|西蔵	ちべっと	西藏
痴呆	ちほう	痴呆，愚蠢
地方議会	ちほうぎかい	地方议会
地方行政	ちほうぎょうせい	地方行政
地方公共団体	ちほうこうきょうだんたい	地方公共团体
地方公務員	ちほうこうむいん	地方公务员
地方自治	ちほうじち	地方自治
地方税	ちほうぜい	地方税
地方分権	ちほうぶんけん	地方分权
巷	ちまた	街头，街巷；坊间，世间
知名	ちめい	知名，有名
致命傷	ちめいしょう	致命伤
チャイナ	ちゃいな	中国；瓷器
チャイニーズ	ちゃいにーず	中国人的，汉语的
チャイルド	ちゃいるど	儿童，小孩
ちゃう	ちゃう	（口语，てしまう的音变）……了，不小心……了
ちゃうか	ちゃうか	不是吗？（关西方言）
茶褐色	ちゃかっしょく	茶褐色
着	ちゃく	抵达；（量词）套，件；名次
着衣	ちゃくい	所穿衣物，穿着
嫡子	ちゃくし	嫡子，长子
嫡出	ちゃくしゅつ	嫡出，婚生
着地	ちゃくち	着陆，落地
着服	ちゃくふく	侵吞，贪污；穿上衣服
着用	ちゃくよう	穿戴，佩戴
茶室	ちゃしつ	茶室
チャック	ちゃっく	拉链
チャット	ちゃっと	聊天，网络聊天
チャネリング	ちゃねりんぐ	通灵；频道切换
チャネル	ちゃねる	频道，渠道
チャプター	ちゃぷたー	章节
チャペル	ちゃぺる	小教堂
茶屋	ちゃや	茶馆，茶屋
チャリティー	ちゃりてぃー	慈善
ちゃん	ちゃん	（接尾）小～，亲昵称呼
チャージ	ちゃーじ	充电；充值；收费
チャーター	ちゃーたー	包租，租赁
チャーチ	ちゃーち	教会
チャート	ちゃーと	图表，海图
チャールストン	ちゃーるすとん	查尔斯顿舞
宙	ちゅう	空中；（凭）记忆
中尉	ちゅうい	中尉
注意深い	ちゅういぶかい	小心谨慎的，细心的
注意報	ちゅういほう	（气象）警报
中越	ちゅうえつ	中越（日本地名）；中国和越南
中欧	ちゅうおう	中欧
中央集権	ちゅうおうしゅうけん	中央集权
仲介	ちゅうかい	中介，斡旋
中核	ちゅうかく	核心，中坚
中華人民共和国	ちゅうかじんみんきょうわこく	中华人民共和国
中期	ちゅうき	中期
中級	ちゅうきゅう	中级
中京	ちゅうきょう	（日本）名古屋一带地区
忠義	ちゅうぎ	忠义，忠诚
中堅	ちゅうけん	中坚，骨干
中高	ちゅうこう	初高中；中等偏高
中佐	ちゅうさ	中校
仲裁	ちゅうさい	仲裁，调停
中産階級	ちゅうさんかいきゅう	中产阶级
中執	ちゅうしつ	中央执行委员会
注釈	ちゅうしゃく	注释，注解
抽出	ちゅうしゅつ	抽取，提取，抽样
中小	ちゅうしょう	中小（型）
衷心	ちゅうしん	衷心，内心
忠臣	ちゅうしん	忠臣
中心部	ちゅうしんぶ	中心部分
中耳	ちゅうじ	中耳
中耳炎	ちゅうじえん	中耳炎
中軸	ちゅうじく	主轴，核心人物
中将	ちゅうじょう	中将
忠誠	ちゅうせい	忠诚
中性子	ちゅうせいし	中子
中前	ちゅうぜん	（棒球）中前区
中卒	ちゅうそつ	初中毕业
鋳造	ちゅうぞう	铸造
中隊	ちゅうたい	（军）连队
躊躇	ちゅうちょ	犹豫，踌躇
中等	ちゅうとう	中等，中级
戸惑い	とまどい	困惑，不知所措；茫然
トマホーク	とまほーく	战斧（导弹或斧）
都民	とみん	东京都居民
トミーガン	とみーがん	汤姆逊冲锋枪
弔う	とむらう	吊唁，悼念；举行葬礼（法事）
留め金	とめがね	搭扣，卡子；扣环
とめどなく|止めどなく	とめどなく	不停地，没完没了地
共	とも	共，一起；均，都
とも	とも	（终助词）当然，一定（表强调肯定）
巴	ともえ	巴纹（涡卷状纹样）
灯す	ともす	点（灯），点亮
共倒れ	ともだおれ	同归于尽，两败俱伤；共同破产
共々	ともども	一起，共同
寅	とら	寅（十二支之一，虎）
渡来	とらい	（从海外）传来，舶来
トライアスロン	とらいあすろん	铁人三项
トライアングル	とらいあんぐる	三角铁（乐器）；三角形
トラクター	とらくたー	拖拉机
トラスト	とらすと	托拉斯，企业联合
トラッド	とらっど	传统的（尤指服饰、爵士乐）
トラップ	とらっぷ	陷阱，圈套
トラバーユ	とらばーゆ	跳槽，换工作
トラフ	とらふ	海槽
トラフィック	とらふぃっく	交通，通信流量
トラベラーズチェック	とらべらーずちぇっく	旅行支票
トラベル	とらべる	旅行
トランキライザー	とらんきらいざー	镇静剂
トランク	とらんく	手提箱；（汽车）后备箱
トランクス	とらんくす	（游泳、拳击用）短裤；四角内裤
トランシーバー	とらんしーばー	对讲机
トランジスタ	とらんじすた	晶体管
トランジット	とらんじっと	过境，转机
トランス	とらんす	变压器
トランスポンダー	とらんすぽんだー	应答机，转发器
トランペット	とらんぺっと	小号
酉	とり	酉（十二支之一，鸡）
取扱注意	とりあつかいちゅうい	小心轻放，注意搬运
トリウム	とりうむ	钍
取り柄	とりえ	优点，长处；价值
トリオ	とりお	三重奏，三人组
取り掛かる	とりかかる	着手，开始
取り方	とりかた	拿法，取法（如拍照方法）
トリガー	とりがー	扳机；触发因素
取り決め	とりきめ	决定，约定
取り口	とりくち	（相扑）招数，技法
トリクロロエチレン	とりくろろえちれん	三氯乙烯
取り消し	とりけし	取消，撤销
取り込み	とりこみ	收进，拿进；拉拢（顾客等）
取り込む	とりこむ	拿进，收进；引进，采纳
取り壊し	とりこわし	拆毁，拆除
取り下げ	とりさげ	撤回，撤销
取り締まり	とりしまり	取缔，管制
取締法	とりしまりほう	管制法
取締役会	とりしまりやくかい	董事会
取り調べ	とりしらべ	（警方等的）审讯，调查
取り揃える	とりそろえる	备齐，配齐
取り立て	とりたて	催收（债务、税款等）；提拔
トリック	とりっく	诡计，把戏；（推理小说的）诡计手法
トリップ	とりっぷ	旅行；（毒品）迷幻感受
都立	とりつ	都立（东京都设立、管理）
取次ぎ	とりつぎ	转达，传达；代理店，经销商
トリニトロトルエン	とりにとろとるえん	三硝基甲苯，TNT
取り残す	とりのこす	留下，落下（未带走）
取り計らい	とりはからい	处理，安排
取り外す	とりはずす	拆下，卸下
取引先	とりひきさき	客户，交易对象
トリビューン	とりびゅーん	（护民官，喻）代言人
トリプル	とりぷる	三倍，三重
トリュフ	とりゅふ	松露
塗料	とりょう	涂料，油漆
トリートメント	とりーとめんと	护理（尤指护发）
とる|摂る	とる	摄取（食物、营养等）
トルエン	とるえん	甲苯
トルク	とるく	扭矩，转矩
トルコ|土耳古	とるこ	土耳其；绿松石色
トルーパー	とるーぱー	骑警，突击队员
トレジャー	とれじゃー	宝藏，财宝
トレッカー	とれっかー	徒步旅行者
トレンチコート	とれんちこーと	风衣，战壕大衣
トレンディー	とれんでぃー	时髦的，流行的
トレンド	とれんど	潮流，趋势
トレー	とれー	托盘
トレース	とれーす	描摹，临摹；追踪
トレード	とれーど	交易，贸易
トレードマーク	とれーどまーく	商标；标志性特征
トレーナー	とれーなー	教练，训练师；运动衫，卫衣
トレーラー	とれーらー	拖车；（电影等的）预告片
とろ	とろ	金枪鱼腹肉（脂肪多的部位）
トロイ	とろい	金衡制（衡量金银的单位制）
徒労	とろう	徒劳，白费力气
トロフィー	とろふぃー	奖杯
トロント	とろんと	多伦多
トロンボーン	とろんぼーん	长号
トロール	とろーる	拖网
トワイライト	とわいらいと	暮光，黄昏
とんカツ|豚カツ	とんかつ	炸猪排
とんでも無い	とんでもない	岂有此理，出乎意料；不可思议
とんとん	とんとん	咚咚（敲击声）；不相上下，平平
とんぼ|蜻蛉	とんぼ	蜻蜓
トーキー	とーきー	有声电影
トークショー	とーくしょー	脱口秀，访谈节目
トースター	とーすたー	烤面包机
トースト	とーすと	吐司，烤面包
トーチ	とーち	火炬；手电筒
トーナメント	とーなめんと	锦标赛，淘汰赛
トール	とーる	通行费，过路费
度	ど	度（角度、温度等）；次，回；（眼镜）度数
度合い	どあい	程度，尺度
ドイツ語	どいつご	德语
動	どう	动，动作
同	どう	同，上述（指代前文提到的事物）
堂	どう	殿堂，庙堂；大厅
胴上げ	どうあげ	把（人）抛向空中欢庆
どういたしまして|どう致しまして	どういたしまして	不客气，不用谢
同音	どうおん	同音；一致
同化	どうか	同化，融合
導火線	どうかせん	导火线；（引发事件的）导火索
童顔	どうがん	娃娃脸，童颜
同期	どうき	同期，同一年入学（入职）；同步
同郷	どうきょう	同乡
同局	どうきょく	该局，同一（电台、部门）
動議	どうぎ	动议，提案
道義	どうぎ	道义，道德
同義語	どうぎご	同义词
道義的責任	どうぎてきせきにん	道义责任
同業	どうぎょう	同行，同业
洞窟	どうくつ	洞窟，山洞
同県	どうけん	该县（府）
同月	どうげつ	同月，该月
同好	どうこう	同好，兴趣相投
同校	どうこう	该校
同行	どうこう	同行，同去；同一银行
同国	どうこく	该国；同一国家
洞察	どうさつ	洞察，洞悉
銅山	どうざん	铜矿
同氏	どうし	该人，此人
同市	どうし	该市
どうしたの	どうしたの	怎么了，出什么事了
同室	どうしつ	同室，同房间
同社	どうしゃ	该公司；该神社
同種	どうしゅ	同种，同类
同省	どうしょう	该部（省，日本行政机构）
動植物	どうしょくぶつ	动植物
どうしようも無い	どうしようもない	没办法，无可奈何
童心	どうしん	童心，天真烂漫之心
同時期	どうじき	同一时期
同時代	どうじだい	同一时代
同日	どうじつ	同日，当天
同時に	どうじに	同时；一…就…
同上	どうじょう	同上
動じる	どうじる	动摇，慌乱
同人	どうじん	该人；同人（志趣相投者）
同数	どうすう	同数，相同数目
同姓	どうせい	同姓
同性	どうせい	同性
同棲	どうせい	同居
動静	どうせい	动向，动态
同性愛	どうせいあい	同性恋
同席	どうせき	同席，在座；同座
同船	どうせん	该船；同乘一船
同然	どうぜん	等于，形同；几乎一样
同窓	どうそう	同校，同学
同窓会	どうそうかい	校友会，同学会
銅像	どうぞう	铜像
動態	どうたい	动态
胴体	どうたい	躯干，身躯；（机身、船体等）机体
同地	どうち	该地
同町	どうちょう	该镇
同店	どうてん	该店
同点	どうてん	同分，平局
どうでもいい|どうでも良い	どうでもいい	无所谓，怎样都行
同党	どうとう	该党
どうにもならない|如何にもならない	どうにもならない	无可奈何，毫无办法
同年	どうねん	同年；那一年
同伴	どうはん	同行，陪伴
銅版画	どうはんが	铜版画
同病	どうびょう	同病
同胞	どうほう	同胞，同乡
動脈硬化	どうみゃくこうか	动脉硬化
同名	どうめい	同名
どうもありがとう|どうも有難う	どうもありがとう	非常感谢
同夜	どうや	当夜，那晚
動乱	どうらん	动乱，骚乱
同率	どうりつ	同比率
同類	どうるい	同类，同伙
同列	どうれつ	同列，同等地位
同～	どう～	同，上述
通り	どおり	按照，遵照；大约
土器	どき	陶器，土器
怒気	どき	怒气
ドキッと	どきっと	吓一跳，心里一惊
ドキドキ	どきどき	怦怦跳（心跳）
ドキュメンタリー	どきゅめんたりー	纪录片
ドキュメント	どきゅめんと	文件，文档
独	どく	德国（简称）
独演	どくえん	独演，独自表演
毒ガス	どくがす	毒气
毒殺	どくさつ	毒杀
独唱	どくしょう	独唱
毒性	どくせい	毒性
八分音符	はちぶおんぷ	八分音符
はちまき|鉢巻	はちまき	头巾，束发带；系头巾，扎头带
八幡	はちまん	八幡（武神）；八幡神社
爬虫類	はちゅうるい	爬行动物
波長	はちょう	波长；（比喻）性情，脾气相投程度
発火	はっか	起火，着火；点火
発刊	はっかん	发行，刊行（出版物）
発汗	はっかん	发汗，出汗
発給	はっきゅう	发给，签发（护照等）
発禁	はっきん	禁止发行，禁售
白血球	はっけっきゅう	白细胞，白血球
白血病	はっけつびょう	白血病
発光	はっこう	发光，发亮
発効	はっこう	生效
白骨	はっこつ	白骨
発祥	はっしょう	发祥，起源
発症	はっしょう	发病，出现症状
発祥地	はっしょうち	发祥地，发源地
発進	はっしん	（车、船等）出发，起航；起飞
ハッスル	はっする	卖力，起劲；积极行动
発声	はっせい	发声，发音；带头喊（口号）
ハッチ	はっち	舱口，天窗
発着	はっちゃく	出发和到达
八丁	はっちょう	多才多艺，样样精通
発展途上国	はってんとじょうこく	发展中国家
ハット	はっと	帽子
葉っぱ	はっぱ	叶子；（俚）大麻
ハッピー	はっぴー	幸福的，快乐的
ハッピーエンド	はっぴーえんど	大团圆结局，圆满结局
八方	はっぽう	四面八方，各个方向
発泡	はっぽう	起泡，发泡
発砲	はっぽう	开枪，射击
発泡スチロール	はっぽうすちろーる	泡沫塑料，泡沫聚苯乙烯
初	はつ	第一次，最初；新
発案	はつあん	提议，提案；创意
初売り	はつうり	新年首次营业，新年初卖
発煙	はつえん	冒烟，发烟
発煙筒	はつえんとう	烟雾弹，发烟筒
２０日	はつか	（每月）二十日；二十天
発言権	はつげんけん	发言权
初挑戦	はつちょうせん	首次挑战，第一次尝试
発電機	はつでんき	发电机
発電所	はつでんしょ	发电站，发电厂
発動	はつどう	发动，启动；行使（权力）
発熱	はつねつ	发热，发烧
初場所	はつばしょ	（相扑）新年初赛（一月在东京举行）
初舞台	はつぶたい	首次登台，初次演出
初雪	はつゆき	初雪
初夢	はつゆめ	新年第一个梦（据说可预示吉凶）
発令	はつれい	发布命令，颁布（法令、警报等）
果てしない	はてしない	无止境的，无边无际的
波止場	はとば	码头，栈桥
鼻息	はないき	鼻息；（比喻）气焰，脸色
花形	はながた	花纹图案；（明星）红人，当红者
鼻紙	はながみ	手纸，面巾纸
鼻先	はなさき	鼻尖；眼前，跟前
花盛り	はなざかり	花开正盛；（人）妙龄，全盛期
話し方	はなしかた	说话方式，措辞
花園	はなぞの	花园
鼻血	はなぢ	鼻血
放つ	はなつ	放，释放；发射，射出；放出（光、气味等）
花火大会	はなびたいかい	烟花大会
鼻水	はなみず	鼻涕
花道	はなみち	（歌舞伎）花道，通往舞台的通道；风光的引退
花輪	はなわ	花圈，花环
跳ね上がる	はねあがる	跳起，蹦起；（价格等）猛涨
ハネムーン	はねむーん	蜜月
はねる|撥ねる	はねる	撞，撞倒；剔除，淘汰；溅（水花）
母方	ははかた	母系，母亲一方
派閥	はばつ	派系，宗派
幅広	はばびろ	宽幅的，宽广的
歯ブラシ	はぶらし	牙刷
ハプニング	はぷにんぐ	意外事件，突发状况
派兵	はへい	派兵，出兵
葉巻	はまき	雪茄
浜松	はままつ	滨松（地名）
ハマる|嵌まる	はまる	嵌入，吻合；沉迷，着迷
はみ出す	はみだす	露出，伸出；超出（范围）
ハム	はむ	火腿；业余无线电爱好者
歯向かう	はむかう	反抗，对抗
ハムスター	はむすたー	仓鼠
羽目	はめ	镶板，壁板；（不好的）境地，处境
破滅	はめつ	毁灭，灭亡
波紋	はもん	水波纹；反响，波及影响
早	はや	已经；快，趁早
早瀬	はやせ	急流，湍流
早々	はやばや	早早地，尽早地
早引け	はやびけ	早退
はやぶさ|隼	はやぶさ	隼，游隼
早まる	はやまる	提前，提早；（时间）提前到来；仓促行事
払い	はらい	付款，支付；清扫，掸去
腹いっぱい	はらいっぱい	吃饱，肚子饱；尽情地
払い戻し	はらいもどし	退款，退还；（存款等）支取
ハラハラ	はらはら	提心吊胆，捏一把汗
波乱	はらん	风波，波折
波乱万丈	はらんばんじょう	跌宕起伏，波澜壮阔
梁	はり	梁，横梁
張り出す	はりだす	探出，伸出；张贴出（告示）
貼り付ける	はりつける	粘贴，贴上
春場所	はるばしょ	（相扑）春季赛（三月在大阪举行）
春休み	はるやすみ	春假
波浪	はろう	波浪
ハロウィン	はろうぃん	万圣节
ハロゲン	はろげん	卤素
ハロン	はろん	卤化烃灭火剂
ハロー	はろー	喂，你好
刃渡り	はわたり	刀刃长度
反	はん	反～，反对
藩	はん	藩，藩国（江户及明治初期的领地）
汎	はん	泛～，广泛的
範	はん	范例，模范
半官半民	はんかんはんみん	半官半民的，官民合办的
半期	はんき	半期，半年
反旗	はんき	反旗，叛旗
反共	はんきょう	反共
反逆	はんぎゃく	叛逆，谋反
ハング	はんぐ	挂起，悬挂；（系统）死机
ハングリー	はんぐりー	饥渴的，渴望成功的
ハングル	はんぐる	谚文（韩语文字）
版権	はんけん	版权，出版权
半減	はんげん	减半
反作用	はんさよう	反作用
犯罪者	はんざいしゃ	犯罪者，罪犯
煩雑	はんざつ	繁杂，繁琐
反射的	はんしゃてき	反射性的，条件反射式的
藩主	はんしゅ	藩主，领主
半周	はんしゅう	半周，绕半圈
搬出	はんしゅつ	搬出，运出
反証	はんしょう	反证，反驳证据
阪神	はんしん	阪神（大阪、神户地区；企业名）
半身	はんしん	半身
半熟	はんじゅく	半熟的
ハンスト	はんすと	绝食（抗议）
半生	はんせい	半生，前半生
反戦	はんせん	反战
帆船	はんせん	帆船
帆走	はんそう	扬帆航行
搬送	はんそう	搬运，输送；（急救）转送
販促	はんそく	促销
半袖	はんそで	短袖
反対側	はんたいがわ	对侧，对面
反体制	はんたいせい	反体制，反建制
ハンター	はんたー	猎人
班長	はんちょう	班长，组长
ハンティング	はんてぃんぐ	打猎，狩猎；猎装帽
反転	はんてん	翻转，翻过来；逆转
ハンディキャップ	はんでぃきゃっぷ	障碍，不利条件
ハンド	はんど	手；（足球）手球犯规
反動	はんどう	反动，反作用；（保守）反动势力
半導体	はんどうたい	半导体
ハンドボール	はんどぼーる	手球（运动）
ハンドメイド	はんどめいど	手工制作的
反日	はんにち	反日的
半日	はんにち	半天
搬入	はんにゅう	搬入，运进
ハマる|嵌まる	はまる	嵌入，吻合；沉迷，着迷
半値	はんね	半价
頒布	はんぷ	颁布，分发
反復	はんぷく	反复，重复
反米	はんべい	反美
ハンマー	はんまー	锤子
判明	はんめい	查明，弄清楚
半面	はんめん	另一方面
繁茂	はんも	茂盛，繁茂
汎用	はんよう	通用的，多用途的
反落	はんらく	（行情）回落，反跌
伴侶	はんりょ	伴侣
判例	はんれい	判例
販路	はんろ	销路，市场
反論	はんろん	反驳，反对意见
反～	はん～	反～
ハート	はーと	心，心脏；（扑克）红桃
ハードウェア	はーどうぇあ	硬件
ハードカバー	はーどかばー	精装本
ハードディスク	はーどでぃすく	硬盘
ハードトップ	はーどとっぷ	硬顶（车）
ハードボイルド	はーどぼいるど	硬汉派的；冷硬派侦探小说
ハードル	はーどる	跨栏；障碍
ハードロック	はーどろっく	硬摇滚
ハーバー	はーばー	港口
ハーフ	はーふ	一半；混血儿；上（下）半场
ハーフタイム	はーふたいむ	中场休息
ハーブ	はーぶ	香草，药草
ハープ	はーぷ	竖琴
ハーモニカ	はーもにか	口琴
ハーモニー	はーもにー	和声，和谐
ハーラーダービー	はーらーだーびー	最多胜投手争夺赛
ハーレム	はーれむ	后宫，闺阁
ば	ば	如果～的话；要是～
ばあさん|婆さん	ばあさん	老奶奶，老太太
ばあちゃん|婆ちゃん	ばあちゃん	奶奶，老奶奶
バイアスロン	ばいあすろん	冬季两项（滑雪加射击）
バイオ	ばいお	生物，生物技术
バイオテクノロジー	ばいおてくのろじー	生物技术
倍加	ばいか	倍增，加倍
媒介	ばいかい	媒介，中介
バイキング	ばいきんぐ	维京人；自助餐
売国奴	ばいこくど	卖国贼
媒酌	ばいしゃく	做媒，撮合
買収	ばいしゅう	收购；收买
売春	ばいしゅん	卖淫
付着	ふちゃく	附着；粘着
婦長	ふちょう	护士长
府庁	ふちょう	府厅（大阪府、京都府的行政机关）
浮沈	ふちん	浮沉；盛衰，兴衰
フッカー	ふっかー	（橄榄球）钩球员
復帰	ふっき	复归；复职，复出；恢复
フック	ふっく	钩子，挂钩
復権	ふっけん	恢复权利；复权
復刻	ふっこく	复刻，再版
払拭	ふっしょく	拭去，消除；扫除（疑虑等）
フットボール	ふっとぼーる	足球（多指足球，也泛指橄榄球等）
フットワーク	ふっとわーく	步法；（行动的）灵活性
仏	ふつ	法国
普通選挙	ふつうせんきょ	普选
普通預金	ふつうよきん	活期存款
２日	ふつか	（每月）二号；两天
仏語	ふつご	法语
不都合	ふつごう	不方便；不合适，不妥
仏文	ふつぶん	法语文章；法国文学
不釣合い	ふつりあい	不相称；不协调，不匹配
不定	ふてい	不定，不确定；无常
不敵	ふてき	大胆，无畏；肆无忌惮
不適切	ふてきせつ	不恰当，不合适
不適当	ふてきとう	不适当，不合适
不透明	ふとうめい	不透明；不明朗
不徳	ふとく	不道德，缺德
不得意	ふとくい	不擅长，不拿手
懐	ふところ	怀里，胸前口袋；经济状况，腰包；心中
太字	ふとじ	粗体字
太っ腹	ふとっぱら	大方，慷慨；胸怀宽广
太もも	ふともも	大腿
太り肉	ふとりじし	肥胖，丰满
不動	ふどう	不动，固定不变；坚定不移
浮動票	ふどうひょう	游离票，摇摆选票
船旅	ふなたび	乘船旅行，海上旅行
船出	ふなで	启航，出海；开始新的事业
船橋	ふなばし	浮桥；船桥
船酔い	ふなよい	晕船
不慣れ	ふなれ	不熟练，不习惯
不妊	ふにん	不孕，不育
不人気	ふにんき	不受欢迎，不得人心
不燃物	ふねんぶつ	不可燃物
不能	ふのう	不能，不可能；无能力；阳痿
不発	ふはつ	（弹药等）未爆炸，哑火
不払い	ふばらい	拒付，不付款
不必要	ふひつよう	不必要，没有必要
不平等	ふびょうどう	不平等
不文律	ふぶんりつ	不成文法；不成文的规矩
不変	ふへん	不变，永恒
不偏不党	ふへんふとう	不偏不倚，中立
不法	ふほう	不法，违法；无理，蛮横
文	ふみ	信，书信；书籍
踏み絵	ふみえ	踏绘（江户时代检验是否信奉基督教的方式）；忠诚度测试
不眠	ふみん	失眠，不眠
譜面	ふめん	乐谱
不毛	ふもう	不毛，贫瘠；（讨论等）没有成果
不問	ふもん	不追究，不予过问
フュージョン	ふゅーじょん	融合（乐）；融合
フューチャー	ふゅーちゃー	未来
浮遊	ふゆう	漂浮，浮游
冬場	ふゆば	冬季，冬天
冬物	ふゆもの	冬装，冬季用品
付与	ふよ	授予，给予
浮揚	ふよう	（在水中、空中）漂浮；（经济）复苏
不要	ふよう	不需要，不必要
不用意	ふようい	不留神，疏忽大意
フライ級	ふらいきゅう	（拳击）蝇量级
フライト	ふらいと	飞行，航班
フライドチキン	ふらいどちきん	炸鸡
フライホイール	ふらいほいーる	飞轮
フライング	ふらいんぐ	抢跑，起跑犯规；提前行动
フラグ	ふらぐ	标志，标记（旗帜、布尔值）；（作品中的）伏笔
フラスコ	ふらすこ	（实验用）烧瓶
フラッグ	ふらっぐ	旗，旗帜
フラッシュ	ふらっしゅ	（相机）闪光灯；（影视）闪回镜头
フラップ	ふらっぷ	（飞机机翼）襟翼；（信封等的）翻盖
フラメンコ	ふらめんこ	弗拉门戈舞
フラワーアレンジメント	ふらわーあれんじめんと	插花艺术
フラン	ふらん	法郎（货币）
フランク	ふらんく	坦率，直率
フランクフルト	ふらんくふると	法兰克福（德国城市）；法兰克福香肠
フランス語	ふらんすご	法语
フランスパン	ふらんすぱん	法棍面包
フランス料理	ふらんすりょうり	法国菜，法式料理
フランチャイズ	ふらんちゃいず	特许经营权
不利益	ふりえき	不利，损失
振替	ふりかえ	转账；调换，替换
振り切る	ふりきる	甩开，甩脱；用力挥（球棒等）
フリゲート	ふりげーと	护卫舰
振り子	ふりこ	钟摆，摆
振込	ふりこみ	汇款，转账；（麻将）放炮
フリッカー	ふりっかー	闪烁
フリップフロップ	ふりっぷふろっぷ	（电路）触发器；双稳态电路
府立	ふりつ	（大阪府、京都府）府立
振り付け	ふりつけ	编舞，舞蹈设计
不慮	ふりょ	意外，不测
不良品	ふりょうひん	次品，不合格产品
不倫	ふりん	通奸，婚外情；不道德行为
フリンジ	ふりんじ	穗子，流苏；边缘
フリーエージェント	ふりーえーじぇんと	自由球员
フリーキック	ふりーきっく	任意球
フリースタイル	ふりーすたいる	自由式
フリーダイヤル	ふりーだいやる	免费电话
フリーダム	ふりーだむ	自由
フリーハンド	ふりーはんど	徒手（画的）
フリーパス	ふりーぱす	免费通行证，通票
フリーランサー	ふりーらんさー	自由职业者
フリーランス	ふりーらんす	自由职业
奮う	ふるう	鼓起（勇气）；振奋，奋发
古着	ふるぎ	旧衣服，二手衣物
古臭い	ふるくさい	陈旧，老套，过时
古巣	ふるす	老巢，故居；老东家，旧单位
奮って	ふるって	踊跃地，积极地
古本	ふるほん	旧书，二手书
古本屋	ふるほんや	旧书店
フルート	ふるーと	长笛
古～	ふる～	旧～，老～
フレア	ふれあ	耀斑；（服装）喇叭形
フレキシブル	ふれきしぶる	灵活的，柔韧的
フレックス	ふれっくす	弹性工作制；（高尔夫球杆）弹性
フレッシュ	ふれっしゅ	新鲜的；（咖啡用）植脂末
フレッシュマン	ふれっしゅまん	新人，新员工
フレンズ	ふれんず	朋友们
フレンチ	ふれんち	法式的；法国菜
フレンド	ふれんど	朋友
フレンドリー	ふれんどりー	友好的
フレーズ	ふれーず	短语，乐句
フレーバー	ふれーばー	风味，香味
フレーム	ふれーむ	框架，框子
フロア	ふろあ	地板；（舞厅、卖场的）楼层
浮浪者	ふろうしゃ	流浪汉，无业游民
フロスト	ふろすと	霜；磨砂（效果）
フロック	ふろっく	侥幸，走运（如台球中的意外进球）
フロッピー	ふろっぴー	软盘
フロッピーディスク	ふろっぴーでぃすく	软盘
風呂場	ふろば	浴室
風呂屋	ふろや	公共浴池，澡堂
フロリダ	ふろりだ	佛罗里达
フロン	ふろん	氟利昂
フロンガス	ふろんがす	氟利昂气体
フロンティア	ふろんてぃあ	边疆，开拓前沿；（领域的）前沿
フロー	ふろー	流，流动；流量
フローズンフード	ふろーずんふーど	冷冻食品
フロート	ふろーと	浮标，浮筒；（饮料上加冰淇淋的）漂浮饮品
フローリング	ふろーりんぐ	木地板
不和	ふわ	不和，失和
不渡り	ふわたり	（票据）拒付，退票
ふわり	ふわり	轻轻地，飘然地
分	ふん	分（时间单位）；分（重量单位）
ふん	ふん	嗯；哼
噴煙	ふんえん	（火山）喷烟
分間	ふんかん	……分钟（时长）
奮起	ふんき	奋起，振作
紛糾	ふんきゅう	纠纷，混乱
粉砕	ふんさい	粉碎，砸碎
噴射	ふんしゃ	喷射
粉飾	ふんしょく	粉饰，装饰（美化事实）
踏ん張る	ふんばる	叉开腿站稳；坚持，咬牙硬撑
分別	ふんべつ	分辨，判断力；明智
墳墓	ふんぼ	坟墓
ふんわり	ふんわり	轻柔地，松软地
フーガ	ふーが	赋格曲
フード	ふーど	兜帽，风帽
部	ぶ	部，部门；科目，学科
歩合	ぶあい	比率，比例；提成
ブイ	ぶい	浮标，救生圈
部位	ぶい	部位，部分（多指身体或肉的部位）
部員	ぶいん	成员，社团成员
部会	ぶかい	分组会议，分会
舞楽	ぶがく	舞乐（日本宫廷古乐舞）
不気味	ぶきみ	令人毛骨悚然，诡异
部局	ぶきょく	部局，部门
奉行	ぶぎょう	奉行（江户时代官职）
武将	ぶしょう	武将
無精	ぶしょう	懒惰，懒散
部数	ぶすう	册数，发行量
部族	ぶぞく	部族，部落
部隊	ぶたい	部队，队伍
舞台裏	ぶたいうら	幕后，后台
ブタン	ぶたん	丁烷
ブチ切れ	ぶちぎれ	（俗）暴怒，大发雷霆
物価指数	ぶっかしすう	物价指数
ブッカー	ぶっかー	预订员，（体育馆等的）档期安排人
ぶっきらぼう|ぶっきら棒	ぶっきらぼう	生硬，粗鲁，不客气
ブック	ぶっく	书
ブックマーク	ぶっくまーく	书签
ブックメーカー	ぶっくめーかー	博彩公司
ブックレット	ぶっくれっと	小册子
物件	ぶっけん	物件，房产
物産	ぶっさん	物产
物質的	ぶっしつてき	物质上的
物証	ぶっしょう	物证
物的	ぶってき	物质的
物販	ぶっぱん	销售商品
物品	ぶっぴん	物品，物件
仏壇	ぶつだん	佛龛，佛坛
物理学	ぶつりがく	物理学
物理的	ぶつりてき	物理的，物质上的
物流	ぶつりゅう	物流
舞踏	ぶとう	舞蹈（尤指西式舞）
マジシャン	まじしゃん	魔术师
マジック	まじっく	魔术；魔法；记号笔，马克笔
魔術	まじゅつ	魔术；魔法；妖术
魔女	まじょ	女巫，魔女
交じり	まじり	掺杂，混杂
マス	ます	大众，大规模（传媒、生产等）
升	ます	量升；量斗；（剧场的）方格席位
マスゲーム	ますげーむ	团体操
マスコット	ますこっと	吉祥物
マスタード	ますたーど	芥末
マスト	ますと	（船）桅杆
マスメディア	ますめでぃあ	大众传媒
ませんか	ませんか	不是…吗；要不要…
混ぜ合わす	まぜあわす	搅拌混合，掺和
混ぜ物	まぜもの	混合物；掺假物
マゾ	まぞ	受虐狂
待たす	またす	让（人）等候
待たせる	またせる	让（人）等候
又ね	またね	再见，回头见
まだまだこれから	まだまだこれから	还早着呢，还没完呢
マダム	まだむ	夫人，太太；贵妇
待ち	まち	等待；等待时间
待合	まちあい	约会，会面；（茶室的）等候处
待ち合わせ場所	まちあわせばしょ	碰面地点
待ち受ける	まちうける	等候，期待
待ち兼ねる	まちかねる	迫不及待地等待
待ち構える	まちかまえる	等候，严阵以待
まちづくり|街づくり	まちづくり	城镇建设，社区营造
町中	まちなか	市区，闹市
町外れ	まちはずれ	城郊，城边
待ち伏せ	まちぶせ	埋伏，伏击
町役場	まちやくば	镇公所
末期的	まっきてき	末期的，濒临绝境的
マッキントッシュ	まっきんとっしゅ	麦金塔电脑；雨衣；（苹果品种）
マック	まっく	麦当劳；苹果电脑
マックス	まっくす	最大限度，极限
真っ向	まっこう	正对面；正前方
真っ最中	まっさいちゅう	正当中，高潮时
抹殺	まっさつ	抹杀，消除，否定
マッシュルーム	まっしゅるーむ	蘑菇
抹消	まっしょう	抹去，勾销，注销
まったり	まったり	味道醇厚；悠闲自在
末端	まったん	末端，尖端，末梢
マッチプレー	まっちぷれー	比洞赛（高尔夫）
抹茶	まっちゃ	抹茶
マット	まっと	垫子；（拳击摔跤的）擂台垫
まっとう|真っ当	まっとう	正经，正当，规规矩矩
マットレス	まっとれす	床垫
マッハ	まっは	马赫（速度单位）；高速
マップ	まっぷ	地图
末日	まつじつ	（一个月的）最后一天
末尾	まつび	末尾，结尾
政	まつりごと	政治，政务
マテリアル	まてりある	材料，素材
摩天楼	まてんろう	摩天楼
まで|迄	まで	到…为止；直到
までなら	までなら	如果到…为止的话
までも|迄も	までも	甚至到；即使
までも無い	までもない	用不着，没必要
マドラス	まどらす	马德拉斯（印度城市）
間取り	まどり	房屋布局，房间格局
マドレーヌ	まどれーぬ	玛德琳蛋糕
惑わす	まどわす	迷惑，蛊惑
マドンナ	まどんな	圣母；意中的女神
眼	まなこ	眼睛，眼珠
真夏	まなつ	盛夏
マナーモード	まなーもーど	（手机）静音模式，震动模式
マニアック	まにあっく	狂热的；狂热爱好者
間に合わせ	まにあわせ	凑合，权宜之计
マニキュア	まにきゅあ	美甲；指甲油
マニフェスト	まにふぇすと	宣言，施政方针
マニラ|馬尼剌	まにら	马尼拉
間抜け	まぬけ	愚蠢，糊涂；傻瓜
マネキン	まねきん	人体模特
マネジメント	まねじめんと	管理，经营
マネー	まねー	钱，金钱
マネーゲーム	まねーげーむ	金钱游戏，炒作投机
マネーサプライ	まねーさぷらい	货币供应量
マネージャー	まねーじゃー	经理；经纪人；（社团）事务负责人
マフィア	まふぃあ	黑手党
魔法	まほう	魔法
魔法瓶	まほうびん	热水瓶，保温瓶
幻	まぼろし	幻影，幻觉，虚幻
まま|儘	まま	保持原样，照旧；任凭
ママさん	ままさん	（酒吧）女老板；妈妈；宠物主人
豆知識	まめちしき	冷知识，小常识
守り	まもり	守护，防御；护身符
マヤ	まや	玛雅（中美洲古文明）
麻薬	まやく	麻醉药，毒品
繭	まゆ	蚕茧
迷い	まよい	犹豫，迷惑，困惑
真夜中	まよなか	深夜，半夜
マヨネーズ	まよねーず	蛋黄酱
マラカス	まらかす	沙槌
マラリア	まらりあ	疟疾
マリファナ	まりふぁな	大麻
魔力	まりょく	魔力，魅力
マリン	まりん	海洋的，海军陆战队的
マリンバ	まりんば	马林巴琴
マリーナ	まりーな	游艇停泊处
丸刈り	まるがり	平头，光头
マルク|馬克	まるく	马克（旧德国货币）
マルクス主義	まるくすしゅぎ	马克思主义
丸太	まるた	圆木，原木
マルターゼ	まるたーぜ	麦芽糖酶
マルチ	まるち	多元的，多重传销
マルチナショナル	まるちなしょなる	跨国的
マルチメディア	まるちめでぃあ	多媒体
丸まる	まるまる	蜷曲成团，变圆
丸み	まるみ	圆润，圆滑；成熟
丸め込む	まるめこむ	哄骗，拉拢
マレーシア|馬来西亜	まれーしあ	马来西亚
マロン	まろん	栗子
回し	まわし	（相扑）兜裆布；周转
回り	まわり	旋转；巡回；效力
マン	まん	人（男性）
満員電車	まんいんでんしゃ	拥挤的电车
満悦	まんえつ	大喜，非常满意
まん延	まんえん	蔓延，流行
漫画家	まんがか	漫画家
マンガン|満俺	まんがん	锰
満期	まんき	期满，到期
マングローブ	まんぐろーぶ	红树林
満載	まんさい	装满，满载
漫才	まんざい	漫才（相声式双人喜剧）
満場一致	まんじょういっち	全场一致
マンスリー	まんすりー	月刊
慢性的	まんせいてき	慢性的
満足感	まんぞくかん	满足感
漫談	まんだん	漫谈，闲聊
マンチェスター	まんちぇすたー	曼彻斯特
満潮	まんちょう	满潮，涨潮
マンツーマン	まんつーまん	一对一
マント	まんと	斗篷
マントル	まんとる	地幔；（灯的）纱罩
マンドリン	まんどりん	曼陀林（乐器）
万年	まんねん	万年，永久
満杯	まんぱい	满，装满
マンパワー	まんぱわー	人力，劳动力
満腹	まんぷく	吃饱，肚子饱
マンホール	まんほーる	窨井盖，人孔
マンボ	まんぼ	曼波舞曲
真ん丸	まんまる	正圆形；圆滚滚的
満々	まんまん	充满，洋溢
満面	まんめん	满脸，满面
マンモス	まんもす	猛犸象；巨大的
満了	まんりょう	期满，届满
満塁	まんるい	满垒（棒球）
マーカー	まーかー	记号笔；记分员；标记
マーガリン	まーがりん	人造黄油
マークシート	まーくしーと	机读答题卡
マーケティング	まーけてぃんぐ	市场营销
麻雀	まーじゃん	麻将
マージン	まーじん	差价，利润；页边距
マーチ	まーち	进行曲；三月
マート	まーと	超市，商场
マーブル	まーぶる	大理石；弹珠
麻婆	まーぼー	麻婆（豆腐）
マーメイド	まーめいど	美人鱼
巳	み	巳（十二支之一）；蛇
未	み	未，尚未；未…
見当たらない	みあたらない	找不到
見出す	みいだす	发现，找出
ミイラ|木乃伊	みいら	木乃伊
見受ける	みうける	看到；看来，估计
身動き	みうごき	活动身体，转动身子
見失う	みうしなう	迷失，看丢
見栄	みえ	虚荣，摆架子；外表
見え隠れ	みえかくれ	若隐若现，时隐时现
未解決	みかいけつ	未解决，悬而未决
見返り	みかえり	回报，报酬
見限る	みかぎる	放弃，死心，见弃
見かけ	みかけ	外表，外观
帝	みかど	天皇；宫门
未完成	みかんせい	未完成的
磨き	みがき	打磨，抛光；提高技艺
身軽	みがる	身手敏捷；轻装
身代わり	みがわり	替身，替罪羊
ミキサー	みきさー	搅拌机，榨汁机；调音师
見切り	みきり	放弃，死心；清仓甩卖
見切り発車	みきりはっしゃ	（车）提前发车；不顾反对仓促行事
右足	みぎあし	右脚
右上	みぎうえ	右上方
右腕	みぎうで	右臂；得力助手
右クリック	みぎくりっく	右键点击
右下	みぎした	右下方
見下す	みくだす	俯视；看不起，轻视
見比べる	みくらべる	比较着看
ミクロ	みくろ	微观的
ミクロネシア	みくろねしあ	密克罗尼西亚
ミクロン	みくろん	微米
ミグ|ＭｉＧ	みぐ	米格战斗机
未決	みけつ	未决，未定
巫女	みこ	巫女，神社女祭司
神輿	みこし	神轿
詔	みことのり	圣旨，诏书
ミサ|弥撒	みさ	（天主教）弥撒
操	みさお	节操，贞操
陵	みささぎ	皇陵，天皇陵墓
ミシガン	みしがん	密歇根
十	(〜を) とお	十，十个；（表示数量）十
浮ぶ	うかぶ	漂浮，浮起；浮现，想起
受取	うけとり	收到；收据
打合せ	うちあわせ	事先商量；碰头会，协商会
うどん|饂飩	うどん	乌冬面（日式粗面条）
売上	うりあげ	销售额，营业额
売行き	うれゆき	销路，销售情况
うんと	うんと	很多，大量；使劲，狠狠地
英和	えいわ	英日；英日词典
ええと	ええと	嗯，那个（思考时的语气词）
王女	おうじょ	公主
応ずる	おうずる	回应，答应；满足，适应
大凡	おおよそ	大约，大致
お帰り	おかえり	（你）回来了（欢迎回家用语）
おかけください	おかけください	请坐
おかまいなく	おかまいなく	请不要张罗，不必客气
送り仮名	おくりがな	送假名（汉字后表示活用的假名）
お先に	おさきに	先，提前；抱歉先失陪了
叔父	おじ	叔叔，伯父，舅舅
伯父	おじ	伯父，舅舅（谦称，年长于父母者）
伯父さん	おじさん	大叔，叔叔，伯伯
小父さん	おじさん	大叔，叔叔（对陌生中年男子的称呼）
お邪魔します	おじゃまします	打扰了（进门时用语）
落着く	おちつく	镇静下来；安定，落定
お出掛け	おでかけ	外出，出门
落し物	おとしもの	遗失物，丢失的东西
おはよう|お早う	おはよう	早上好
叔母	おば	婶婶，姑姑，舅妈
伯母	おば	伯母，舅妈（谦称，年长于父母者）
小母さん	おばさん	阿姨，大婶
お待ちください	おまちください	请稍候
おまちどおさま	おまちどおさま	久等了，让您久等了
思い掛けない	おもいがけない	意外的，没想到的
思いっきり	おもいっきり	尽情地；用尽全力地
思いっ切り	おもいっきり	尽情地；狠狠地，用力地
お休み	おやすみ	休息，假日；晚安
温帯	おんたい	温带
女の人	おんなのひと	女人，女性
回数	かいすう	次数，回数
改造	かいぞう	改造，改建，改组
係わる	かかわる	关系到，涉及；相关
書取	かきとり	听写
拡充	かくじゅう	扩充
かけざん	かけざん	乘法
可決	かけつ	通过（议案等）
火口	かこう	（火山）火山口
かしこまりました|畏まりました	かしこまりました	遵命，明白了（郑重用语）
かしょ	かしょ	地方，段落，处
カセット	かせっと	磁带；卡带；游戏卡带
加速度	かそくど	加速度
かたづく	かたづく	收拾整齐；解决，处理好
片寄る	かたよる	偏向一方；不公正，偏颇
勝手に	かってに	擅自，随意地
仮名	かな	假名（日语音节文字）
釜	かま	锅，釜；饭锅
構いません	かまいません	没关系，不要紧
紙屑	かみくず	废纸，纸屑
神様	かみさま	神，上帝
かるた	かるた	纸牌（日式扑克牌游戏）
感ずる	かんずる	感觉，感到；感动
間接	かんせつ	间接
寒帯	かんたい	寒带
官庁	かんちょう	政府机关，官厅
漢和	かんわ	汉和（汉日词典，日语注解汉字词典）
機関車	きかんしゃ	机车，火车头
規準	きじゅん	标准，准则
客席	きゃくせき	观众席，客席；（车的）乘客座位
斬る	きる	（用刀）砍，斩，劈
気を付ける	きをつける	小心，注意
琴	きん	日本古筝，十三弦琴
ギャング	ぎゃんぐ	犯罪团伙，歹徒帮
空中	くうちゅう	空中，半空
櫛	くし	梳子
苦心	くしん	苦心，费心思
くず|屑	くず	废物，废料；渣滓
組合せ	くみあわせ	组合，搭配
くるむ|包む	くるむ	包，裹，卷
クーラー	くーらー	空调，冷气机
蛍光灯	けいこうとう	日光灯，荧光灯；（喻）反应迟钝的人
継続	けいぞく	继续，持续
形容詞	けいようし	形容词
形容動詞	けいようどうし	形容动词
下水	げすい	污水，下水道
下品(な)	げひん(な)	低俗的，粗俗的
工員	こういん	工人，技工
こうして	こうして	这样，如此
交代	こうたい	更替，轮换
交替	こうたい	更替，轮流
耕地	こうち	耕地，农田
紅葉	こうよう	（秋天）树叶变红，红叶
こうよう もみじ	こうよう もみじ	枫叶
こくせき	こくせき	国籍
腰掛け	こしかけ	凳子，椅子；跳板性质的工作
腰掛	こしかけ	凳子，椅子
個体	こたい	个体
こちらこそ	こちらこそ	彼此彼此，我才该道谢（客套话）
こないだ	こないだ	前几天，最近
こんばんは|今晩は	こんばんは	晚上好
合流	ごうりゅう	汇合，合流
ご苦労様	ごくろうさま	辛苦了
五十音	ごじゅうおん	五十音（日语假名音节表）
ごちそうさま|ご馳走様	ごちそうさま	多谢款待（饭后用语）
御無沙汰	ごぶさた	久疏问候，久未联系
ごめん|御免	ごめん	对不起，抱歉
御覧	ごらん	看，瞧（敬语）
再三	さいさん	再三，屡次
祭日	さいじつ	节日，祭祀日
採点	さいてん	评分，打分
逆さ	さかさ	倒，颠倒，相反
捜す	さがす	寻找，搜寻
一昨昨日	さきおととい	大前天
作者	さくしゃ	作者，创作者
作成	さくせい	制作，拟定，编写
錆	さび	锈，铁锈
さようなら|左様なら	さようなら	再见
さわやか	さわやか	清爽的，爽快的
山林	さんりん	山林
明明後日	しあさって	大后天
しいんと (する)	しいんと (する)	鸦雀无声，寂静
塩辛	しおから	咸的（味道）
しかく しかくい	しかく しかくい	四角，方形
四角い	しかくい	方形的，四方的
始終	しじゅう	始终，自始至终；经常
自然科学	しぜんかがく	自然科学
死体	したい	尸体
湿気	しっき	湿气，潮气
しっぽ	しっぽ	尾巴
しつれいしました (かん)	しつれいしました (かん)	失礼了，抱歉
指定	してい	指定，规定
縞	しま	条纹，条纹图案
締切	しめきり	截止，截止日期
しめた (かん)	しめた (かん)	太好了，好极了
しめる	しめる	潮湿，湿润
社会科学	しゃかいかがく	社会科学
しゃぶる	しゃぶる	吮吸，含着
洒落	しゃれ	俏皮话，双关语
集金	しゅうきん	收款，收账
習字	しゅうじ	习字，书法练习
終了	しゅうりょう	结束，终了
生ずる	しょうずる	产生，发生；引起
小便	しょうべん	小便，尿
消防署	しょうぼうしょ	消防署，消防站
正面	しょうめん	正面，前面
芯	しん	芯，蕊；笔芯
信ずる	しんずる	相信，信仰
寝台	しんだい	床，卧铺
診断	しんだん	诊断
侵入	しんにゅう	侵入，闯入
針路	しんろ	航向，航线
自衛	じえい	自卫
磁石	じしゃく	磁铁；指南针
自治	じち	自治
じゅうたん (カーペット)	じゅうたん (かーぺっと)	地毯
順々	じゅんじゅん	依次，按顺序
助教授	じょきょうじゅ	副教授
人文科学	じんぶんかがく	人文科学
人命	じんめい	人命
水蒸気	すいじょうき	水蒸气
水平線	すいへいせん	水平线，（海面）地平线
水面	すいめん	水面
水曜	すいよう	星期三
隙間	すきま	缝隙，空隙
涼む	すずむ	乘凉，纳凉
スチュワーデス	すちゅわーです	（女）空中乘务员，空姐
ストッキング	すとっきんぐ	长筒袜
住まい	すまい	住处，住所
スリッパ	すりっぱ	拖鞋
ずうっと	ずうっと	一直，始终；远远地
ずらり	ずらり	成排地，一大排地
青少年	せいしょうねん	青少年
清掃	せいそう	清扫，清洁
生存	せいぞん	生存
正門	せいもん	正门，大门
瀬戸物	せともの	陶瓷器
栓	せん	塞子，栓，阀门
専制	せんせい	专制
センチ	せんち	厘米
洗面	せんめん	洗脸
ゼミ	ぜみ	研讨会，讨论课
全集	ぜんしゅう	全集
葬式	そうしき	葬礼
そうっと	そうっと	轻轻地，悄悄地
測量	そくりょう	测量
速力	そくりょく	速度
卒直	そっちょく	坦率，直率
そのため	そのため	因此，为此
その他	そのほか	其他，此外
それはいけませんね (かん)	それはいけませんね (かん)	那可不好，那不行啊
造船	ぞうせん	造船
草履	ぞうり	草履（日式草编凉鞋）
存ずる	ぞんずる	（谦）知道，认为
タイア	たいあ	轮胎
体系	たいけい	体系
大して	たいして	（不）怎么，（不）太
ただいま|只今	ただいま	我回来了；现在，刚才
溜息	ためいき	叹息，叹气
炭鉱	たんこう	煤矿
短編	たんぺん	短篇（小说、电影等）
田ぼ	たんぼ	稻田，田地
だいいち (とりわけ)	だいいち (とりわけ)	首先，第一；最重要的
大分	だいぶん	相当，很，大部分
ダイヤグラム	だいやぐらむ	图表，图解
ダイヤモンド	だいやもんど	钻石；棒球内场；（扑克）方块
楕円	だえん	椭圆
地下水	ちかすい	地下水
近付ける	ちかづける	使靠近，使接近
地質	ちしつ	地质
地帯	ちたい	地带，地区
地点	ちてん	地点
中間	ちゅうかん	中间
抽象	ちゅうしょう	抽象
中世	ちゅうせい	中世纪（日本指镰仓、室町时代）
中途	ちゅうと	中途，半途
長短	ちょうたん	长短；优缺点
直通	ちょくつう	直通，直达
直流	ちょくりゅう	直流（电）
塵紙	ちりがみ	草纸，卫生纸
追加	ついか	追加，补充
つうか	つうか	货币
通ずる	つうずる	通向；相通；精通
粒	つぶ	粒，颗（量词，用于小圆物）
低下	ていか	下降，降低
適確	てきかく	准确，恰当
手ごろ	てごろ	合适，恰到好处；顺手
鉄橋	てっきょう	铁桥
鉄砲	てっぽう	枪，火枪；河豚
手拭い	てぬぐい	手巾，毛巾
テンポ	てんぽ	节奏，速度
出入口	でいりぐち	出入口
問い合わせ	といあわせ	询问，查询
登場	とうじょう	登场，出场；出现
当番	とうばん	值班，值日；值班的人
灯油	とうゆ	煤油，灯油
通り掛かる	とおりかかる	正好路过，恰好经过
特売	とくばい	特价出售，大甩卖
留まる	とどまる	停留，留在原处
留まる	とまる	停留，留在原处
捕える	とらえる	捕捉，抓住
捕る	とる	捕捉，捕获
銅	どう	铜；铜牌
どういたしまして (かん)	どういたしまして (かん)	不客气，不用谢
同格	どうかく	同等，同格
どっと	どっと	（笑声、掌声等）哄然，一齐
丼	どんぶり	大碗；盖浇饭
為す	なす	做，完成
謎謎	なぞなぞ	谜语
傾らか	なだらか	平缓的，缓和的
なにしろ	なにしろ	不管怎样，总之
何々	なになに	某某；什么什么
何分	なにぶん	请多加，务请；毕竟，无奈
生意気な	なまいきな	傲慢的，狂妄的
何とも	なんとも	实在，非常；（后接否定）怎么也不
なんとも	なんとも	（接否定）一点也不；实在，非常
南米	なんべい	南美
日時	にちじ	日期和时间
日用品	にちようひん	日用品
捩る	ねじる	扭，拧
寝間着	ねまき	睡衣
寝巻	ねまき	睡衣
狙い	ねらい	瞄准；目的，目标
のこぎり|鋸	のこぎり	锯
乗換	のりかえ	换乘，换车
乗り越し	のりこし	坐过站
のろい|鈍い	のろい	迟钝的，笨的；慢的
はい (かん)	はい (かん)	是，好的
剥す	はがす	撕下，剥下
初めに	はじめに	首先，最初
始めに	はじめに	首先，最初
はじめまして|初めまして	はじめまして	初次见面，请多关照
斜	はす	斜，斜向
果して	はたして	果然，果真
肌着	はだぎ	贴身内衣
発	はつ	（列车等）发车，出发；发出
話合い	はなしあい	商谈，协商
話中	はなしちゅう	通话中，占线
早口	はやくち	说话快
判事	はんじ	法官，推事
バイバイ	ばいばい	再见，拜拜
バック	ばっく	背后，背景；后退，倒车
×	ばつ	叉号，错号
ばね|発条	ばね	弹簧；弹力，腿劲
万歳	ばんざい	万岁；万岁！（欢呼语）
番地	ばんち	门牌号，地址
比較的	ひかくてき	比较，相对
引受る	ひきうける	承担，接受；负责
引算	ひきざん	减法
引分け	ひきわけ	平局，不分胜负
陽射	ひざし	阳光，日照
引っ繰り返す	ひっくりかえす	弄翻，推翻；颠倒
筆者	ひっしゃ	笔者，作者
人差指	ひとさしゆび	食指
日にち	ひにち	日期；天数
日日	ひにち	日期
日の入り	ひのいり	日落
響き	ひびき	响声，回声
百科事典	ひゃっかじてん	百科全书
ひゃっかじてん	ひゃっかじてん	百科全书
広々	ひろびろ	宽广，宽敞
ビルディング	びるでぃんぐ	大楼，大厦
便箋	びんせん	信纸，便笺
瓶詰	びんづめ	瓶装
ピストル	ぴすとる	手枪
不規則	ふきそく	不规则，不规律
副詞	ふくし	副词
ふくめる	ふくめる	包含，含入；教导，使明白
膨らます	ふくらます	使膨胀，使鼓起
符号	ふごう	符号，记号
蒸す	ふす	闷热
襖	ふすま	隔扇门，拉门
附属	ふぞく	附属，隶属
踏切	ふみきり	道口，铁路道口
ふりがな|振り仮名	ふりがな	振假名（标在汉字旁的注音假名）
ふるさと|故郷	ふるさと	故乡，家乡
古里	ふるさと	故乡，家乡
振舞う	ふるまう	举止，行为；请客，款待
無沙汰	ぶさた	久未联系，久疏问候
部首	ぶしゅ	部首
ぶらさげる	ぶらさげる	挂，佩带；提着
文体	ぶんたい	文体，文风
プリント	ぷりんと	印刷；印刷品，讲义
閉会	へいかい	闭会，会议结束
ペンチ	ぺんち	钳子
朗らか(な)	ほがらか(な)	开朗的，爽朗的；晴朗的
保健	ほけん	保健
ほどく|解く	ほどく	解开，拆开
坊さん	ぼうさん	和尚，僧人
坊や	ぼうや	（对男孩的爱称）小弟弟，小家伙
募集	ぼしゅう	募集，招募
坊っちゃん	ぼっちゃん	（尊称他人的）公子，少爷
ぼろ	ぼろ	破布，破烂；破绽，缺点
盆	ぼん	托盘；盂兰盆节
枚数	まいすう	张数，件数
まざる	まざる	混合，掺杂
まじる	まじる	混合，掺杂
まぜる	まぜる	搅拌，混合
間も無く	まもなく	不久，马上
ミシン	みしん	缝纫机
みじめ	みじめ	悲惨的，凄惨的
惨めな	みじめな	悲惨的，凄惨的
店屋	みせや	店铺
見出し	みだし	标题，标目
道順	みちじゅん	路线，路径
見詰める	みつめる	凝视，注视
身分	みぶん	身份，地位
ミリ (メートル)	みり (めーとる)	毫米；毫（前缀）
無地	むじ	素色，无花纹
命ずる	めいずる	命令，任命
目覚し	めざまし	闹钟
面倒臭い	めんどうくさい	嫌麻烦，懒得做
モデル	もでる	模特；模型；样板
モノレール	ものれーる	单轨铁路
もやす	もやす	燃烧
催し	もよおし	活动，集会
やかん|薬缶	やかん	水壶；（俗）秃头
夜行	やこう	夜行，夜间出行；夜车
やたらに	やたらに	胡乱地，过分地
やっぱり|矢っ張り	やっぱり	果然，果不其然；还是，仍然
家主	やぬし	房东，房主
やむをえない	やむをえない	不得已，无可奈何
軟らかい	やわらかい	柔软的，软的
湯飲	ゆのみ	茶杯
用語	ようご	用语，术语
幼稚	ようち	幼稚，不成熟
洋品店	ようひんてん	服装店，洋货店
羊毛	ようもう	羊毛
よごす	よごす	弄脏；玷污，败坏
酔っ払い	よっぱらい	醉汉，醉鬼
慶ぶ	よろこぶ	高兴，喜悦
来日	らいにち	来日本，访日
欄	らん	栏，栏目
リットル	りっとる	升（容量单位）
リポート	りぽーと	报告，报告书
略す	りゃくす	省略，简化
零点	れいてん	零分；零点
レクリェーション	れくりぇーしょん	娱乐，消遣
列島	れっとう	列岛
れんが|煉瓦	れんが	砖
録音	ろくおん	录音
論ずる	ろんずる	论述，讨论
和英	わえい	日英；日英词典
割合に	わりあいに	比较，相当
割算	わりざん	除法
割と	わりと	比较，相当
(花を〜) 生ける, 活ける	(花を〜) 生ける, 活ける	插（花）
憧れ	あこがれ	憧憬，向往
値	あたい	价格；价值，值
呆気ない	あっけない	太简单，不过瘾；意想不到地简单
あつらえる	あつらえる	定制，订做
当て字	あてじ	借用字，训读汉字标音字
アラブ	あらぶ	阿拉伯；阿拉伯马
霰	あられ	冰雹，霰
有り様	ありさま	状态，情形
ありふれる	ありふれる	常见的，普通的
アワー	あわー	小时
案じる	あんじる	担心，挂念；筹划
イェス	いぇす	是，好的；耶稣
生き甲斐	いきがい	生活的意义，人生价值
移行	いこう	转变，过渡
異性	いせい	异性
依存	いぞん	依存，依赖
転ずる	てんずる	转变，转移
点線	てんせん	虚线
天体	てんたい	天体
天地	てんち	天地，天地间；上下颠倒
転任	てんにん	调任，调职
でかい	でかい	巨大的，很大的
できもの	できもの	疙瘩，脓包，疹子
デモンストレーション	でもんすとれーしょん	示威游行；演示
田園	でんえん	田园，乡村
逃走	とうそう	逃走，逃跑
統治	とうち	统治
尊い	とうとい	尊贵的，宝贵的
貴い	とうとい	尊贵的，宝贵的
冬眠	とうみん	冬眠
登録	とうろく	登记，注册
討論	とうろん	讨论，辩论
遠回り	とおまわり	绕道，绕远
とかく|兎角	とかく	种种，这个那个；动辄，往往
とがめる	とがめる	责备，责难
とぎれる	とぎれる	中断，间断
特派	とくは	特派
とげ (をさす)	とげ (をさす)	刺，尖刺
とっさに|咄嗟に	とっさに	一瞬间，立刻
とって	とって	把手，把柄
届	とどけ	申报，报告；申请书
止める	とどめる	使停止，留住
殿様	とのさま	老爷，大人（对领主的敬称）
とぼける|惚ける	とぼける	装糊涂，装傻
富	とみ	财富，财产
共稼ぎ	ともかせぎ	夫妻双方都工作
トランジスター	とらんじすたー	晶体管
取扱	とりあつかい	处理，办理；操作
鳥居	とりい	鸟居（神社牌坊）
取り替え	とりかえ	更换，交换
取締り	とりしまり	管理，取缔
副	とりわけ	尤其，特别是
胴	どう	躯干，身躯
同級	どうきゅう	同班，同年级
道場	どうじょう	道场，武术练习场
動力	どうりょく	动力
どぶ|溝	どぶ	水沟，阴沟
ドライクリーニング	どらいくりーにんぐ	干洗
内蔵	ないぞう	内置的，内含的
内部	ないぶ	内部
中程	なかほど	中间，中途
流し	ながし	（厨房的）水槽；流动卖艺；（浴室的）冲洗区
情無い	なさけない	可悲的，可耻的；令人失望的
情深い	なさけぶかい	富有同情心的，仁慈的
なにより	なにより	最好，再好不过
嘗める	なめる	舔；经历，尝到；轻视
なるたけ	なるたけ	尽量，尽可能
慣れ	なれ	习惯，熟练
馴々しい	なれなれしい	过分亲昵的，随便的
なんなり	なんなり	任何，随便什么
荷	に	行李，货物
にせ物	にせもの	假货，仿冒品
入賞	にゅうしょう	获奖，得奖
ニュー	にゅー	新（前缀）
尿	にょう	尿
主	ぬし	主人，物主；头目
寝かせる	ねかせる	让…躺下，哄睡；放倒；使发酵
ネガ	ねが	底片；负面的
ねじまわし	ねじまわし	螺丝刀
年賀	ねんが	拜年，贺年
燃焼	ねんしょう	燃烧
年長	ねんちょう	年长的
年輪	ねんりん	年轮；人生阅历
農地	のうち	农地，耕地
軒並	のきなみ	家家户户；一律，普遍
刃	は	刀刃，刀锋
配偶者	はいぐうしゃ	配偶
排水	はいすい	排水
敗戦	はいせん	战败
配布	はいふ	分发，散发
恥	はじ	耻辱，羞耻
はじく|弾く	はじく	弹开，弹回；防水
恥じらう	はじらう	害羞，羞怯
叩く	はたく	拍打，掸；倾囊
発芽	はつが	发芽
花びら	はなびら	花瓣
はまる	はまる	陷入，卡入；恰好合适；沉迷
腹立ち	はらだち	生气，愤怒
原っぱ	はらっぱ	空地，草地
張り紙	はりがみ	招贴，海报
版画	はんが	版画
ばい菌	ばいきん	细菌
倍率	ばいりつ	倍率，放大率
バット	ばっと	（棒球）球棒
万人	ばんにん	众人，所有人
パジャマ	ぱじゃま	睡衣
パトカー	ぱとかー	巡逻车，警车
控室	ひかえしつ	休息室，等候室
引下げる	ひきさげる	降低，下调；撤回
引取る	ひきとる	领回，取回；收养；离开
人気	ひとけ	人的气息，人的迹象
一頃	ひところ	曾经，一度
ひな|雛	ひな	雏鸟，雏鸡；女儿节人偶
雛祭	ひなまつり	女儿节（人偶节）
日の丸	ひのまる	太阳旗，日本国旗
火花	ひばな	火花
標語	ひょうご	标语，口号
比例	ひれい	比例
びっしょり	びっしょり	湿透，浑身湿透
ビールス	びーるす	病毒
フィルタ	ふぃるた	过滤器，滤芯
封	ふう	封，密封
風車	ふうしゃ	风车
風習	ふうしゅう	风俗，习惯
不振	ふしん	不景气，萧条；不振
札	ふだ	牌子，标签；票
復旧	ふっきゅう	恢复，修复
扶養	ふよう	扶养，抚养
浮力	ふりょく	浮力
付録	ふろく	附录，附赠品
フロント	ふろんと	前面；（酒店）前台
噴出	ふんしゅつ	喷出，喷射
ふんだん	ふんだん	大量，充裕
粉末	ふんまつ	粉末
ブザー	ぶざー	蜂鸣器
武装	ぶそう	武装
物資	ぶっし	物资
物体	ぶったい	物体
ブル	ぶる	公牛；推土机（俗称）
分業	ぶんぎょう	分工
文語	ぶんご	文语，书面语
分母	ぶんぼ	分母
分離	ぶんり	分离
兵士	へいし	士兵
平方	へいほう	平方
縁	へり	边，边缘
へりくだる	へりくだる	谦逊，自谦
返済	へんさい	偿还，还债
ペア	ぺあ	一对，一双
穂	ほ	穗，谷穗
放射能	ほうしゃのう	放射能，放射性
放出	ほうしゅつ	放出，释放
報ずる	ほうずる	报告，报道
保管	ほかん	保管
捕鯨	ほげい	捕鲸
干し物	ほしもの	晾晒的衣物
ほとり	ほとり	（水边、湖畔等）附近
ほどける|解ける	ほどける	解开，松开
本文	ほんぶん	正文，本文
防火	ぼうか	防火
紡績	ぼうせき	纺织，纺纱
膨張	ぼうちょう	膨胀
暴風	ぼうふう	暴风
牧師	ぼくし	牧师
惚ける	ぼける	痴呆，糊涂；变得模糊
母校	ぼこう	母校
母国	ぼこく	祖国，母国
ボルト	ぼると	伏特（电压单位）
ポット	ぽっと	壶，暖水瓶
マイクロフォン	まいくろふぉん	麦克风
舞う	まう	跳舞，飞舞
前売	まえうり	预售
まさしく	まさしく	的确，确实
真下	ました	正下方
まと	まと	靶子，目标
纏まり	まとまり	条理，一致性；解决
まとめ|纏め	まとめ	总结，归纳
まるっきり|丸っきり	まるっきり	完全，根本；（接否定）一点也不
真ん前	まんまえ	正前方，正对面
真ん円い	まんまるい	滚圆的，正圆的
味覚	みかく	味觉
微塵	みじん	微粒，微尘；丝毫
ミスプリント	みすぷりんと	印刷错误
ミセス	みせす	夫人，太太
見せ物	みせもの	展览品，展示物
民宿	みんしゅく	民宿
民俗	みんぞく	民俗
婿	むこ	女婿；新郎
むしる	むしる	拔，摘，撕
結び付き	むすびつき	联系，关系
むやみに|無闇に	むやみに	胡乱地，过分地
ムード	むーど	气氛，情调
目覚しい	めざましい	显著的，惊人的
召す	めす	召唤，召见（敬语）
目付き	めつき	眼神，眼色
目途	めど	目标，头绪
目盛	めもり	刻度
面目	めんぼく	面子，体面
面目	めんもく	面子，体面
申込	もうしこみ	申请，报名
申出	もうしで	申请，提出（要求）
模索	もさく	摸索
目下	もっか	目前，当下
もてる	もてる	受欢迎，吃香
腿	もも	大腿
股	もも	大腿
やつ|奴	やつ	家伙，小子；东西
闇	やみ	黑暗；暗中，非法
やりとおす	やりとおす	坚持到底，做完
やりとげる	やりとげる	完成，实现
故	ゆえ	原因，缘故
歪む	ゆがむ	歪斜，扭曲
濯ぐ	ゆすぐ	涮，漂洗
ユニーク	ゆにーく	独特的，独一无二的
弓	ゆみ	弓；箭术
緩める	ゆるめる	放松，松开
欲深い	よくふかい	贪婪的，贪心的
避ける	よける	躲避，避开
良し	よし	好，行
よし (かん)	よし (かん)	好，行（表决心）
善し悪し	よしあし	好坏，优劣
よって (よりどころ)	よって (よりどころ)	因此，所以
与党	よとう	执政党
夜更し	よふかし	熬夜，开夜车
弱る	よわる	变弱，衰弱；为难
ライス	らいす	米饭
ランプ	らんぷ	灯，油灯
濫用	らんよう	滥用
利子	りし	利息
立方	りっぽう	立方
領海	りょうかい	领海
良質	りょうしつ	优质，质量好
領地	りょうち	领地，领土
旅客	りょかく	旅客，乘客
林業	りんぎょう	林业
類	るい	种类，类
冷蔵	れいぞう	冷藏
冷淡	れいたん	冷淡，冷漠
レッスン	れっすん	课，课程
レディー	れでぃー	女士，淑女
レンジ	れんじ	炉灶；微波炉；范围
連邦	れんぽう	联邦
レース	れーす	比赛，赛跑
労力	ろうりょく	劳力，力气
ろくな|碌な	ろくな	（后接否定）像样的，正经的
論議	ろんぎ	议论，争论
ロープウエイ	ろーぷうえい	空中缆车
ワット	わっと	瓦特（功率单位）
詫び	わび	道歉，赔礼
和文	わぶん	日文
割当	わりあて	分配，分摊
割込む	わりこむ	插队，插入
我	われ	我，自己
我	我	自我，自己
(かさを～) さす	(かさを～) さす	打（伞），撑（伞）
嗚呼	ああ	啊，唉（感叹词）
ああああ|嗚呼嗚呼	ああああ	啊啊，哎呀（感叹词）
ああいう|ああ言う	ああいう	那样的
あい|藍	あい	蓼蓝；靛蓝色
愛犬	あいけん	爱犬，心爱的狗
愛好	あいこう	爱好
愛国	あいこく	爱国
合言葉	あいことば	暗号，口令；口号
アイコン	あいこん	图标
愛護	あいご	爱护
アイシャドウ	あいしゃどう	眼影
哀愁	あいしゅう	哀愁，悲伤
愛称	あいしょう	昵称，爱称
愛人	あいじん	情人，情妇
アイス	あいす	冰；冰淇淋
愛す	あいす	爱，热爱
アイスコーヒー	あいすこーひー	冰咖啡
アイスホッケー	あいすほっけー	冰球
愛憎	あいぞう	爱憎
相対	あいたい	当事人双方面对面
間中	あいだじゅう	……期间，整个……过程中
あいつら|あいつ等	あいつら	那些家伙，他们
相手方	あいてかた	对方
アイテム	あいてむ	物品，道具
アイデア; アイディア	あいであ; あいでぃあ	主意，想法
アイデンティティ	あいでんてぃてぃ	身份认同，自我认同
哀悼	あいとう	哀悼
愛読	あいどく	喜爱阅读
アイヌ	あいぬ	阿伊努人
相乗り	あいのり	合乘，拼车
相棒	あいぼう	搭档，伙伴
アイボリー	あいぼりー	象牙色
相まって	あいまって	加上，与……相结合
愛用	あいよう	爱用，常用
アイリス	あいりす	鸢尾花
ＯＵＴ	あうと	出局，出界
アウトドア	あうとどあ	户外
亜鉛	あえん	锌
青色	あおいろ	蓝色
青梅	あおうめ	青梅
青ざめる	あおざめる	（脸色）发青，变苍白
青田買い	あおたがい	提前买青苗；提前录用应届生
青柳	あおやぎ	嫩绿的柳树；（食材）蛤肉
煽る	あおる	扇，煽动；掀起
赤色	あかいろ	红色；（喻）共产主义
赤信号	あかしんごう	红灯；危险信号
アカデミー	あかでみー	学院，研究院
アカデミー賞	あかでみーしょう	奥斯卡金像奖
赤旗	あかはた	红旗
赤松	あかまつ	赤松（一种日本松树）
上がったり	あがったり	生意萧条，惨淡
飽き	あき	厌倦，腻烦
安芸	あき	安艺（旧国名，今广岛县西部）
秋風	あきかぜ	秋风
秋口	あきぐち	初秋
空き地	あきち	空地，空场
空き家	あきや	空房，空宅
アキレス腱	あきれすけん	跟腱；（喻）致命弱点
悪意	あくい	恶意
悪影響	あくえいきょう	不良影响
アクシデント	あくしでんと	意外事故
悪臭	あくしゅう	恶臭
悪事	あくじ	坏事，恶行
悪循環	あくじゅんかん	恶性循环
悪女	あくじょ	恶女，坏女人
悪性	あくせい	恶性
アクティビティ	あくてぃびてぃ	活动
アクティブ	あくてぃぶ	活跃的，积极的
あくまでも|飽くまでも	あくまでも	始终，彻底；坚持到底
悪夢	あくむ	噩梦
悪役	あくやく	反派，坏人角色
悪用	あくよう	滥用，恶意使用
握力	あくりょく	握力
アクリル	あくりる	丙烯酸，亚克力
あくる日	あくるひ	次日，第二天
明くる～	あくる～	次，翌
アクロバット	あくろばっと	杂技，特技
あぐら|胡坐	あぐら	盘腿坐
アグレッシブ	あぐれっしぶ	积极进取的，有攻击性的
朱	あけ	朱红色
明け暮れ	あけくれ	朝夕，日复一日；专心致志于
曙	あけぼの	黎明，拂晓
あけましておめでとうございます|明けましておめでとうございます	あけましておめでとうございます	新年好，恭贺新年
上げ	あげ	（衣物的）折叠缝；上涨
揚げ	あげ	油炸；油炸食品；油豆腐
挙句	あげく	结果，到最后
憧れの的	あこがれのまと	憧憬的对象
アコースティック	あこーすてぃっく	原声的，不插电的
アコーディオン	あこーでぃおん	手风琴
アコード	あこーど	协调，一致
朝一番	あさいちばん	一大早，清晨第一件事
朝霧	あさぎり	晨雾
浅黒い	あさぐろい	（皮肤）微黑的，黝黑的
浅瀬	あさせ	浅滩
麻布	あさぬの	麻布
朝晩	あさばん	早晚；经常，总是
朝飯	あさめし	早饭
漁る	あさる	捕鱼；到处寻找
字	あざ	（村镇下的）小地名，区划
嘲る	あざける	嘲笑，讥笑
足首	あしくび	脚踝
アシスタント	あしすたんと	助手
アシスト	あしすと	助攻，协助
足止め	あしどめ	阻止外出，留住
足並み	あしなみ	步伐，步调
足早	あしばや	脚步快，快步
あじ|鯵	あじ	竹荚鱼
アジア人	あじあじん	亚洲人
味気ない	あじけない	乏味的，无趣的
あじさい|紫陽花	あじさい	绣球花
味付け	あじつけ	调味
アジト	あじと	秘密据点，藏身处
味の素	あじのもと	味之素（味精品牌）
ＡＳＣＩＩ	あすきー	ASCII码
アスパラガス	あすぱらがす	芦笋
アスファルト	あすふぁると	沥青
アスベスト	あすべすと	石棉
アスリート	あすりーと	运动员
アスレチック	あすれちっく	体育运动；户外拓展项目
預かり	あずかり	保管，寄存；（比赛）未判定
預かり証	あずかりしょう	寄存单，保管证
預かり所	あずかりじょ	寄存处
預け入れる	あずけいれる	存入
アセスメント	あせすめんと	评估
焦り	あせり	焦急，焦躁
遊び相手	あそびあいて	玩伴
遊び場	あそびば	游乐场，玩耍的地方
あたし|私	あたし	我（女性用语）
頭打ち	あたまうち	达到顶点，停滞不前
頭金	あたまきん	首付款，定金
当たり役	あたりやく	拿手角色，成名角色
アダプター	あだぷたー	适配器，转接器
アダルト	あだると	成人的；成人色情的
あっ	あっ	啊，哎呀
圧巻	あっかん	压轴，最精彩的部分
あっけ|呆気	あっけ	惊讶，愕然
悪口	あっこう	骂人，恶言
圧勝	あっしょう	压倒性胜利，大获全胜
あってない|有って無い	あってない	名存实亡，形同虚设
あっての	あっての	有……才有；正因为有
アット	あっと	@符号
圧倒的	あっとうてき	压倒性的
アッパー	あっぱー	上部的；鞋帮；上钩拳
厚紙	あつがみ	厚纸，硬纸板
厚着	あつぎ	穿得厚
厚み	あつみ	厚度；（内涵的）深度
充てる	あてる	分配，用作
後押し	あとおし	推动，支持
後から	あとから	随后，之后
後書き	あとがき	后记，跋
後の祭り	あとのまつり	马后炮，为时已晚
アトピー	あとぴー	特应性（皮炎），过敏性体质
アトム	あとむ	原子
後戻り	あともどり	倒退，往回走
アトラクション	あとらくしょん	游乐设施；余兴节目
アトラス	あとらす	地图集
アトリエ	あとりえ	画室，工作室
アド	あど	广告
アドバイザー	あどばいざー	顾问，指导者
アドバンテージ	あどばんてーじ	优势
アドベンチャー	あどべんちゃー	冒险
アドリブ	あどりぶ	即兴表演，即兴发挥
アドレナリン	あどれなりん	肾上腺素
アナ	あな	播音员，主持人
あなた方	あなたがた	你们
侮る	あなどる	轻视，蔑视
アナリスト	あなりすと	分析师
アナログ	あなろぐ	模拟（式）
兄貴	あにき	哥哥，大哥
アニマル	あにまる	动物
アニメーション	あにめーしょん	动画，动画片
亜熱帯	あねったい	亚热带
あの方	あのかた	那位（对第三者的敬称）
あのね	あのね	喂，那个（引起注意的语气词）
あの世	あのよ	阴间，来世
アバウト	あばうと	大致的，马虎的
アヒル|家鴨	あひる	家鸭
浴びせる	あびせる	浇，泼；（言语）劈头盖脸地施加
アフィリエイト	あふぃりえいと	联盟营销，会员推广
アフタヌーン	あふたぬーん	下午
アフター	あふたー	……之后；（酒吧）陪酒外出
脂身	あぶらみ	肥肉
アプリ	あぷり	应用程序，App
アプリケーション	あぷりけーしょん	应用程序，应用软件
アベック	あべっく	情侣，成双成对
アベニュー	あべにゅー	大街，大道
アホ|阿呆	あほ	傻瓜，笨蛋
アマ	あま	业余（爱好者）
尼	あま	尼姑，修女
甘え	あまえ	撒娇，依赖
天下り	あまくだり	（政府官员退休后的）空降就职；上级命令
雨雲	あまぐも	雨云
余す	あます	剩下，留下
甘酢	あまず	糖醋
天の川	あまのがわ	银河
甘味	あまみ	甜味；甜食
雨水	あまみず	雨水；雨水（节气）
雨漏り	あまもり	漏雨
雨宿り	あまやどり	避雨
阿弥陀	あみだ	阿弥陀佛；阶梯抽签
アミノ酸	あみのさん	氨基酸
アミューズメント	あみゅーずめんと	娱乐
雨が降る	あめがふる	下雨
アメダス|ＡＭｅＤＡＳ	あめだす	（日本）区域气象观测系统
アメフト	あめふと	美式橄榄球
雨降り	あめふり	下雨，雨天
アメリカ合衆国	あめりかがっしゅうこく	美利坚合众国
アメリカ人	あめりかじん	美国人
アメリカン	あめりかん	美式的；美式淡咖啡
アメーバ	あめーば	变形虫
誤って	あやまって	误，不小心地
あゆ|鮎	あゆ	香鱼
歩み寄り	あゆみより	妥协，让步
歩み寄る	あゆみよる	走近；互相让步
あら	あら	哎呀，啊（惊讶时用语）
荒々しい	あらあらしい	粗暴的，粗野的
洗い上げる	あらいあげる	洗干净；彻底查清
洗い物	あらいもの	要洗的东西（衣物、餐具等）
アラカルト	あらかると	点菜式，单点
荒木	あらき	带皮原木
新手	あらて	新手，生力军
荒波	あらなみ	巨浪，惊涛；艰难险阻
荒らげる	あららげる	使粗暴，提高（嗓门）
アラート	あらーと	警报，警示
アリア	ありあ	咏叹调
ありあわせ|あり合わせ	ありあわせ	现成的，手头现有的
ありえない|あり得ない	ありえない	不可能，难以置信
ありがち|有りがち	ありがち	常有的，常见的
ありがとうございました|有難うございました	ありがとうございました	谢谢（过去时，郑重）
ありがとうございます|有難うございます	ありがとうございます	谢谢
在りし日	ありしひ	往日，昔日
ありそう|有りそう	ありそう	似乎有，可能的
アリバイ	ありばい	不在场证明
アリーナ	ありーな	竞技场，体育馆
在る; 有る	ある	有，存在
ある意味で	あるいみで	从某种意义上说
ある意味では	あるいみでは	从某种意义上说
アルカディア	あるかでぃあ	世外桃源，乐土
アルカリ性	あるかりせい	碱性
アルゴリズム	あるごりずむ	算法
主	あるじ	主人，店主
アル中	あるちゅう	酒精中毒，酒鬼
アルツハイマー	あるつはいまー	阿尔茨海默病
アルデヒド	あるでひど	醛
アルト	あると	女低音，中音
アルパイン	あるぱいん	高山的，阿尔卑斯式的
Α	あるふぁ	希腊字母阿尔法
アルファベット順	あるふぁべっとじゅん	字母顺序
アルプス	あるぷす	阿尔卑斯山脉
アルミニウム	あるみにうむ	铝
荒れ	あれ	（天气）恶劣；（皮肤）粗糙
アロハ	あろは	夏威夷问候语；夏威夷衬衫
アロマテラピー	あろまてらぴー	芳香疗法
アロー	あろー	箭头
安価	あんか	廉价的；肤浅的
アンカー	あんかー	锚；（接力赛）最后一棒；新闻主播
行脚	あんぎゃ	巡游，徒步旅行（僧侣修行）
アングラ	あんぐら	地下的，非主流的
アングル	あんぐる	角度
案件	あんけん	案件，议题
あんこ|餡子	あんこ	豆沙馅
暗黒	あんこく	黑暗
暗号	あんごう	密码，暗号
アンサンブル	あんさんぶる	合奏，合唱；整体搭配
暗礁	あんしょう	暗礁；意外的障碍
安心感	あんしんかん	安心感
安住	あんじゅう	安居，安于现状
あんず|杏	あんず	杏
安全保障	あんぜんほしょう	安全保障
アンソロジー	あんそろじー	文集，选集
あんた|貴方	あんた	你（随便的说法）
安泰	あんたい	安泰，平安
安打	あんだ	（棒球）安打
アンダー	あんだー	下方的；曝光不足
アンダーライン	あんだーらいん	下划线
アンチ	あんち	反……；黑粉
アンティーク	あんてぃーく	古董，古董的
アンド|＆	あんど	和，与；（符号）＆
アンドロイド	あんどろいど	仿真机器人；安卓系统
暗に	あんに	暗中，含蓄地
塩梅	あんばい	调味；分寸，情况
アンバランス	あんばらんす	不平衡
安否	あんぴ	安危，平安与否
アンフェア	あんふぇあ	不公平的
アンプ	あんぷ	放大器，扩音器
安保	あんぽ	安保（条约），安全保障
あん摩	あんま	按摩
安眠	あんみん	安眠，熟睡
アンモニア|安母尼亜	あんもにあ	氨
安楽死	あんらくし	安乐死
アーキテクチャ	あーきてくちゃ	架构，体系结构
アーク	あーく	弧，电弧
アーケード	あーけーど	拱廊街，商业街
アース	あーす	接地，地线
アーチ	あーち	拱门；（棒球）本垒打
アーチェリー	あーちぇりー	射箭
アーティスト	あーてぃすと	艺术家，音乐人
アート	あーと	艺术
アーバン	あーばん	都市的
アーム	あーむ	手臂，臂状物
アーモンド	あーもんど	杏仁
医	い	医，医术
亥	い	亥（十二地支之一）
位	い	位，位数；名次
伊	い	意大利
慰安	いあん	慰问，慰藉
いい; よい	いい; よい	好的
いい加減にしろ	いいかげんにしろ	够了，适可而止
言い方	いいかた	说法，措辞
言い切る	いいきる	断言，说完
言いなり	いいなり	唯命是从，言听计从
良いね	いいね	（社交媒体）点赞；好啊
言い回し	いいまわし	说法，措辞
いいや	いいや	不，不是
言いようがない	いいようがない	无法形容，说不出
言い渡し	いいわたし	宣判，宣告
委員長	いいんちょう	委员长，主席
言うまでもない	いうまでもない	不用说，不言而喻
遺影	いえい	遗像
家柄	いえがら	门第，家世
家づくり	いえづくり	建房，房屋建造
家元	いえもと	（流派的）掌门，宗家
イエロー	いえろー	黄色；黄牌
庵	いおり	庵，茅庐
イオン	いおん	离子
医科	いか	医科
医科学	いかがく	医学科学
錨	いかり	锚
移管	いかん	移交，转移管理
医学部	いがくぶ	医学院，医学系
鋳型	いがた	铸模，模具
意気	いき	气概，意气
生き	いき	活着；新鲜，生气勃勃
生き埋め	いきうめ	活埋
生き返る	いきかえる	复活，苏醒
生き方	いきかた	生活方式，人生态度
域外	いきがい	区域外
息切れ	いきぎれ	气喘吁吁；（喻）力不从心
意気盛ん	いきさかん	意气风发，干劲十足
行き過ぎ	いきすぎ	过度，过分
行き過ぎる	いきすぎる	走过头；做过分
閾値	いきち	阈值
行き詰まり	いきづまり	僵局，走投无路
行き届く	いきとどく	周到，考虑周全
行き止まり	いきどまり	死路，尽头
域内	いきない	区域内
生き残り	いきのこり	幸存，幸存者
医局	いきょく	医务室，医局
行き渡る	いきわたる	普及，遍及
偉業	いぎょう	伟业，丰功伟绩
幾	いく	若干，几
育英	いくえい	育英，培育英才
戦	いくさ	战争，战斗
意気地	いくじ	志气，骨气
幾度	いくど	几次，多少次
異口同音	いくどうおん	异口同声
幾日	いくにち	几天，几号
イクラ	いくら	咸鲑鱼子
いくら～ても	いくら～ても	不管多么……也
幾～	いく～	若干，几
謡	うたい	能乐吟唱，谣曲
うたう|謳う	うたう	歌颂，赞美；宣扬，宣称；（法律条文等）明文规定
宴	うたげ	宴会，酒宴
歌姫	うたひめ	女歌手，歌姬
打ち合い	うちあい	对打，互相攻击；持久战，拉锯战（比赛中）
内々	うちうち	私下，内部；不公开，秘密的
打ち切り	うちきり	中止，结束
打ち込み	うちこみ	打入，钉入；输入（数据）；打桩
内堀	うちぼり	（城堡的）内护城河
宇宙開発事業団	うちゅうかいはつじぎょうだん	日本宇宙开发事业团（NASDA）
右中間	うちゅうかん	（棒球）右外野与中外野之间
宇宙空間	うちゅうくうかん	（外）太空，宇宙空间
内輪	うちわ	自家人，自己人；内部（的），不公开；从宽估计
ウッド	うっど	木材；（高尔夫）木杆
うつ|鬱	うつ	忧郁，郁闷；（草木）茂盛
映し出す	うつしだす	放映，映出；反映，展现
移り変わり	うつりかわり	变迁，变化
自惚れ	うぬぼれ	自负，自满，自命不凡
畝	うね	（田里的）垄，畦；条纹，罗纹
うねり|畝り	うねり	蜿蜒起伏；（波浪的）涌
畝る	うねる	蜿蜒，弯曲；（波浪）起伏
右派	うは	右派
右方	うほう	右侧，右方；（日本雅乐的）右方乐
午	うま	（十二生肖之一）马；午时（上午11点至下午1点前后）；正南方
うまくいく|上手く行く	うまくいく	进展顺利，成功
馬主	うまぬし	马主，马匹所有者
生まれ育つ	うまれそだつ	出生并成长（于某地）
生み	うみ	生育，生产；创造
海辺	うみべ	海边，海滨
生む	うむ	生（孩子），下（蛋）；产生，创造
梅酒	うめしゅ	梅酒
埋め立て	うめたて	填海，填地
埋め立て地	うめたてち	填海造地，填埋地
羽毛	うもう	羽毛，羽绒
埋もれる	うもれる	被埋没，被掩埋；被埋藏
うやむや|有耶無耶	うやむや	含糊，暧昧，不了了之
右翼	うよく	右翼（政治立场）；（鸟、飞机等的）右翼；（棒球）右外野
浦	うら	海湾，海滨
裏方	うらかた	幕后工作人员；（贵人的）夫人
裏金	うらがね	贿赂，黑钱；私房钱
裏側	うらがわ	背面，反面；内幕
裏切り	うらぎり	背叛，出卖
裏切り者	うらぎりもの	叛徒，背叛者
裏付け	うらづけ	佐证，证据；担保
裏通り	うらどおり	小巷，背街
占い	うらない	占卜，算命；占卜师
占い師	うらないし	占卜师，算命先生
裏腹	うらはら	相反，截然相反
裏道	うらみち	小道，僻径；歪门邪道
裏目	うらめ	反面；事与愿违
裏面	うらめん	背面，反面；内幕
ウラン	うらん	铀
売り	うり	出售；卖点，招牌
売上金	うりあげきん	销售款，营业收入
売上高	うりあげだか	销售额
雨量	うりょう	降雨量
閏年	うるうどし	闰年
潤い	うるおい	湿润，滋润；（生活等的）情趣
潤す	うるおす	润湿，滋润；使受益，使富裕
ウルグアイ|宇柳貝	うるぐあい	乌拉圭
漆塗り	うるしぬり	漆器，涂漆
ウルトラ	うるとら	超，超级
潤む	うるむ	（因泪水）湿润；模糊，朦胧
憂い	うれい	忧愁，忧虑
憂える	うれえる	忧虑，担心
売れ筋	うれすじ	畅销（商品）
売れ筋ランキング	うれすじらんきんぐ	畅销商品排行榜
うろつく|彷徨く	うろつく	徘徊，游荡
上唇	うわくちびる	上唇
上っ調子	うわっちょうし	轻浮，浮躁
上積み	うわづみ	堆放在上面；追加，加码
上手投げ	うわてなげ	（相扑）上手投
上乗せ	うわのせ	追加，加码（金额等）
上向き	うわむき	朝上，向上；（行情）上升，好转
上～	うわ～	上，上部～
うんこ	うんこ	大便，粑粑
運航	うんこう	（船、飞机）运营，航行
ウンチ	うんち	大便，粑粑
運転士	うんてんし	驾驶员，司机
雲泥の差	うんでいのさ	天壤之别
運動場	うんどうじょう	运动场，操场
運動不足	うんどうぶそく	运动不足，缺乏锻炼
運輸省	うんゆしょう	（日本旧）运输省
運良く	うんよく	幸运地，幸而
江	え	河口，海湾
え	え	（表示惊讶、疑问）唉？什么？
エア	えあ	空气；空调
エアゾール	えあぞーる	气雾剂，喷雾剂
エアバッグ	えあばっぐ	（汽车）安全气囊
エアロビクス	えあろびくす	有氧健身操
英	えい	英国；英语
鋭角	えいかく	锐角
栄冠	えいかん	桂冠，荣誉
英気	えいき	旺盛的精神；锐气，干劲
影響力	えいきょうりょく	影响力
営業所	えいぎょうしょ	营业所，办事处
営業時間	えいぎょうじかん	营业时间
営業マン	えいぎょうまん	推销员，业务员
栄枯	えいこ	盛衰，兴衰
英国	えいこく	英国
永住	えいじゅう	永久居住
英数字	えいすうじ	英文字母和数字，字母数字字符
エイズ|ＡＩＤＳ	えいず	艾滋病
衛生的	えいせいてき	卫生的
営繕	えいぜん	（建筑物的）维修，营缮
永続	えいぞく	永续，持续
永代	えいたい	永世，永久
英単語	えいたんご	英语单词
営団	えいだん	（旧时的公营）团，公社
英知	えいち	智慧，才智
エイト	えいと	八；（划船）八人艇
営農	えいのう	经营农业，务农
鋭敏	えいびん	敏锐，灵敏
英文学	えいぶんがく	英语文学，英国文学
エイプリルフール	えいぷりるふーる	愚人节
英明	えいめい	英明，睿智
英訳	えいやく	英译
栄誉	えいよ	荣誉
栄養学	えいようがく	营养学
栄養士	えいようし	营养师
栄養失調	えいようしっちょう	营养失调，营养不良
栄養素	えいようそ	营养素
営利	えいり	营利
鋭利	えいり	锋利，犀利
エイリアン	えいりあん	外星人
益	えき	利益，好处
エキサイティング	えきさいてぃんぐ	令人兴奋的，刺激的
エキサイト	えきさいと	兴奋，激动
液晶	えきしょう	液晶
エキスパート	えきすぱーと	专家，能手
エキスポ	えきすぽ	博览会，世博会
駅長	えきちょう	站长
駅伝	えきでん	长途接力赛跑；驿站，驿马
疫病	えきびょう	瘟疫，疫病
エクアドル|厄瓜多	えくあどる	厄瓜多尔
エクステンション	えくすてんしょん	延伸；接发（美发）
エクストラ	えくすとら	额外的，特别的；（电影）临时演员
エクスプレス	えくすぷれす	快车，快递
エクスペリエンス	えくすぺりえんす	经验，体验
えくぼ|笑窪	えくぼ	酒窝
エグゼクティブ	えぐぜくてぃぶ	（企业）高层，行政人员
エコノミスト	えこのみすと	经济学家
エコノミー	えこのみー	经济；节约
エコー	えこー	回声，回音；超声波（检查）
エゴ	えご	自我，利己主义
エジプト|埃及	えじぷと	埃及
Ｓ	えす	S；南；硫
エスコート	えすこーと	护送，陪同
エステサロン	えすてさろん	美容院
エステティック	えすててぃっく	美容护理；美容院
エステティックサロン	えすててぃっくさろん	美容院
エステル	えすてる	酯
エステート	えすてーと	庄园，地产
エストニア	えすとにあ	爱沙尼亚
エストロゲン	えすとろげん	雌激素
エスニック	えすにっく	民族风的，异国风情的
エスプリ	えすぷり	机智，才气
枝葉	えだは	枝叶；细枝末节，次要部分
越後	えちご	越后（旧国名，今新潟县一带）
越境	えっきょう	越境，非法越境
Ｘ線	えっくすせん	X光，X射线
越権	えっけん	越权
エッジ	えっじ	边缘；锋芒，锐利感
エッセイスト	えっせいすと	散文作家，随笔作家
エッセンス	えっせんす	精华，精髓；香精
Ｈ	えっち	下流，好色
エッチング	えっちんぐ	蚀刻，腐蚀雕版
えっと	えっと	（思考时）嗯，那个
越冬	えっとう	过冬，越冬
エッフェル塔	えっふぇるとう	埃菲尔铁塔
越年	えつねん	跨年，辞旧迎新；过冬
エディション	えでぃしょん	版，版本
エディター	えでぃたー	（文本）编辑器；编辑
エデン	えでん	伊甸园
絵とき	えとき	图解说明
江戸時代	えどじだい	江户时代（1603-1868）
江戸っ子	えどっこ	（土生土长的）江户人，东京老市民
エナジー	えなじー	能量，能源
エナメル	えなめる	珐琅，瓷漆；漆皮
エネ	えね	能源
エネルギッシュ	えねるぎっしゅ	精力充沛的，有活力的
エバー	えばー	永远，曾经
えび|海老	えび	虾
恵比寿	えびす	惠比寿（渔业与商业之神）
エピック	えぴっく	史诗（作品）
エペ	えぺ	（击剑）重剑
エポック	えぽっく	时代，纪元
絵巻	えまき	画卷，绘卷
絵巻物	えまきもの	画卷，绘卷
笑み	えみ	微笑
蝦夷	えみし	虾夷（古代日本东北部原住民）
エメラルド	えめらるど	祖母绿，绿宝石
エラー	えらー	错误；（棒球）失误
エリア	えりあ	区域，地区
襟巻き	えりまき	围巾
襟元	えりもと	衣领处，领口
エルサルバドル	えるさるばどる	萨尔瓦多
エレガンス	えれがんす	优雅，高雅
越歴	えれき	电，电力；电吉他
エレキギター	えれきぎたー	电吉他
エレクトリック	えれくとりっく	电的，电动的
エレクトロニクス	えれくとろにくす	电子学，电子技术
エロ	えろ	色情，下流
エロス	えろす	性爱，情欲；厄洛斯（爱神）
エロチック	えろちっく	色情的，性感的
絵を描く	えをかく	画画
園	えん	园，庭院；乐园
遠泳	えんえい	远泳，长距离游泳
演歌	えんか	演歌（日本传统流行歌曲）
塩化	えんか	氯化
沿海州	えんかいしゅう	（俄罗斯）滨海边疆区
沿革	えんかく	沿革，发展历程
遠隔	えんかく	远隔，遥远；远程（的）
塩基	えんき	碱，盐基
遠距離	えんきょり	远距离
遠近法	えんきんほう	透视法
演技力	えんぎりょく	演技，表演功力
援軍	えんぐん	援军
円弧	えんこ	弧，弧线
援護	えんご	支援，援助；掩护
塩酸	えんさん	盐酸
演算	えんざん	运算，演算
遠山	えんざん	远山
演出家	えんしゅつか	导演
遠心力	えんしんりょく	离心力
園児	えんじ	幼儿园儿童
エンジェル	えんじぇる	天使；天使投资人
エンジニアリング	えんじにありんぐ	工程学，工程技术
円熟	えんじゅく	成熟，老练
エンジョイ	えんじょい	享受，享乐
炎上	えんじょう	（大楼等）起火，烧起来；（网络上）遭到炮轰，被喷
援助交際	えんじょこうさい	援助交际（成年人与未成年少女的有偿约会）
遠征	えんせい	远征，出征；远行（比赛、考察等）
宴席	えんせき	宴席，酒席
塩素	えんそ	氯
円相場	えんそうば	日元汇率
延滞	えんたい	拖欠，延误
円卓	えんたく	圆桌
エンターテインメント	えんたーていんめんと	娱乐
エンタープライズ	えんたーぷらいず	企业
円建て	えんだて	以日元计价
円柱	えんちゅう	圆柱
園長	えんちょう	（幼儿园、动物园等）园长
炎天	えんてん	炎炎烈日，酷暑
エンディング	えんでぃんぐ	结尾，片尾
塩田	えんでん	盐田
円筒	えんとう	圆筒
エンド	えんど	终点，结束
沿道	えんどう	沿路，路边
エンドレス	えんどれす	无限的，无休止的
園内	えんない	园内（幼儿园、动物园、公园等内部）
円盤	えんばん	圆盘；铁饼；飞碟
演舞	えんぶ	舞蹈表演
エンブレム	えんぶれむ	徽章，标志
延命	えんめい	延命，延长寿命
演目	えんもく	（音乐会、演出等的）节目单，剧目
エージェンシー	えーじぇんしー	代理机构，经纪公司
エージェント	えーじぇんと	代理人，经纪人
エース	えーす	王牌，（球队的）主力；（棒球）王牌投手
エール	えーる	加油，呐喊助威
ＡＴＭ	えー・てぃー・えむ	自动取款机
緒	お	绳，带；线索，端绪
お|御	お	（表示尊敬、礼貌、谦让的前缀）
オアシス	おあしす	绿洲
おい	おい	喂！哎！
追い上げる	おいあげる	追赶，逼近
追い討ち	おいうち	追击（逃敌）；雪上加霜
追い風	おいかぜ	顺风；有利条件
追い込み	おいこみ	最后冲刺，最后阶段
お医者さん	おいしゃさん	医生
生い立ち	おいたち	成长经历，身世
オイディプス	おいでぃぷす	俄狄浦斯
負い目	おいめ	负债感，负疚感
オイルフェンス	おいるふぇんす	（防止海面漏油扩散的）围油栏
王位	おうい	王位
桜花	おうか	樱花
王冠	おうかん	王冠；瓶盖
王宮	おうきゅう	王宫
扇	おうぎ	折扇
扇形	おうぎがた	扇形
王侯	おうこう	王侯
王国	おうこく	王国
黄金時代	おうごんじだい	黄金时代
応札	おうさつ	投标，应标
王座	おうざ	王座，宝座；冠军宝座
王室	おうしつ	王室
応酬	おうしゅう	（言语、举动等的）交锋，唇枪舌剑；回敬
押収	おうしゅう	扣押，没收
欧州	おうしゅう	欧洲
応召	おうしょう	应征入伍
王将	おうしょう	（将棋）王将
往生	おうじょう	往生，去世；一筹莫展，束手无策
横線	おうせん	横线
王族	おうぞく	王族，皇族
殴打	おうだ	殴打
横断幕	おうだんまく	横幅
おうち|お家	おうち	（尊称对方的）家
王朝	おうちょう	王朝
王手	おうて	（将棋）将军
嘔吐	おうと	呕吐
凹凸	おうとつ	凹凸不平
往年	おうねん	往年，昔日
王妃	おうひ	王妃，王后
応分	おうぶん	相应，适当
横柄	おうへい	傲慢，蛮横
応募者	おうぼしゃ	应征者，报名者
王立	おうりつ	皇家的，王立的
大	おお	大，大型
大商い	おおあきない	（股市等）交易活跃，大额交易
大当たり	おおあたり	大获成功，大受欢迎；中大奖
おおい	おおい	喂！（呼喊声）
大急ぎ	おおいそぎ	急忙，匆忙
大枝	おおえだ	大树枝
大男	おおおとこ	大个子，高大的男人
狼	おおかみ	狼；披着羊皮的狼；玩弄女性的男人
大掛かり	おおがかり	大规模的
大きくなる	おおきくなる	长大，变大
大蔵	おおくら	（旧时的）大藏（财政机构）
大蔵省	おおくらしょう	（日本旧）大藏省（财政部）
大さじ	おおさじ	大汤匙（计量单位）
大騒ぎ	おおさわぎ	喧闹，大吵大闹
大雑把	おおざっぱ	粗略的，草率的
多し	おおし	多，众多
大時代	おおじだい	过时的，老派的
大相撲	おおずもう	职业相扑
大関	おおぜき	（相扑）大关（次于横纲的等级）
大掃除	おおそうじ	大扫除
大店	おおだな	大商铺，大店铺
大粒	おおつぶ	大颗，大粒
大詰め	おおづめ	（戏剧、事情的）最后一幕，结局阶段
大手企業	おおてきぎょう	大企业，大公司
大野	おおの	大片原野
大船	おおぶね	大船
大まか	おおまか	粗略的，大致的
大昔	おおむかし	远古，很久以前
大麦	おおむぎ	大麦
大文字	おおもじ	大写字母
大盛り	おおもり	（饭菜）大份，加量
大雪	おおゆき	大雪；大雪（节气，约12月7日）
大喜び	おおよろこび	欣喜若狂，非常高兴
大笑い	おおわらい	大笑，哄堂大笑
お会計	おかいけい	（餐馆等）结账
お買い得	おかいどく	划算，物超所值
おかげで|お陰で	おかげで	多亏，幸亏；由于
おかしな|可笑しな	おかしな	奇怪的，可笑的
お菓子屋	おかしや	点心店，糖果店
オカリナ	おかりな	陶笛
オカルト	おかると	神秘学，灵异
沖合	おきあい	近海，海面
起き上がりこぼし	おきあがりこぼし	不倒翁
起き上がる	おきあがる	起来，站起，坐起
置き換える	おきかえる	移位，调换；替换
置き去り	おきざり	遗弃，丢下
掟	おきて	规矩，规定，法度
翁	おきな	老翁，老爷爷
お気に入り	おきにいり	喜爱的（人或物）；（浏览器）收藏夹
置き場	おきば	堆放处，放置场所
置物	おきもの	摆设，装饰品；有名无实的领导
荻	おぎ	荻（一种芒草）
憶測	おくそく	推测，臆测
オクターブ	おくたーぶ	八度音阶
奥地	おくち	内地，腹地
屋内	おくない	室内
臆病者	おくびょうもの	胆小鬼
奥山	おくやま	深山
奥行き	おくゆき	进深，纵深
オクラ	おくら	秋葵
オクラホマ	おくらほま	俄克拉荷马州
送り	おくり	送行，送别；（棒球等的）传送
送り返す	おくりかえす	送回，退回
送り込む	おくりこむ	送入，输送进
送り先	おくりさき	收件地址，寄送地
送り出し	おくりだし	（相扑招式）推出
贈り主	おくりぬし	赠送人
オケ	おけ	乐团，管弦乐队
お子様	おこさま	（尊称他人的）孩子
興す	おこす	振兴，复兴
お小遣い	おこづかい	零花钱
お好み焼き	おこのみやき	御好烧（日式什锦煎饼）
怒らせる	おこらせる	惹怒，使生气
抑え	おさえ	镇压，压制；镇纸；（棒球）终结投手
抑える	おさえる	抑制，控制；压住，按住
幼子	おさなご	幼儿，小孩子
幼なじみ	おさななじみ	青梅竹马，儿时玩伴
収まり	おさまり	收场，了结；平衡，妥当
修める	おさめる	学习，修习；修养，修身
押し	おし	推，按；压力，权势
押し入り	おしいり	闯入，闯入行窃
押し入る	おしいる	闯入，强行进入
押入れ	おしいれ	（日式房间的）壁橱
押し売り	おしうり	强卖，硬销
押し出し	おしだし	推出；仪表，气派
お支払い方法	おしはらいほうほう	支付方式
おしまい|お仕舞い	おしまい	结束，完了
押し問答	おしもんどう	争执不下，来回争辩
和尚	おしょう	和尚，住持
白粉	おしろい	（化妆用）白粉，脂粉
お時間	おじかん	（您的）时间
伯父; 叔父さん	おじさん	伯伯，叔叔；大叔
推す	おす	推荐，推举；推，推动
お酢	おす	醋
汚水	おすい	污水
オスカー	おすかー	奥斯卡（金像奖）
お墨付き	おすみつき	（权威人士的）认可，保证书
オセアニア	おせあにあ	大洋洲
お歳暮	おせいぼ	年末礼品；年末
おせち|お節	おせち	御节料理（日本新年食用的传统菜肴）
おせち料理	おせちりょうり	御节料理
お世話になる	おせわになる	承蒙照顾，受到关照
お葬式	おそうしき	葬礼
遅咲き	おそざき	开花晚；大器晚成
恐る恐る	おそるおそる	战战兢兢地，胆怯地
恐るべき	おそるべき	可怕的，惊人的
オゾンホール	おぞんほーる	臭氧空洞
お互いに	おたがいに	互相，彼此
オタク	おたく	御宅族，宅男宅女；狂热爱好者
お試しあれ	おためしあれ	请一试！
オタワ	おたわ	渥太华
お誕生日	おたんじょうび	生日
お誕生日おめでとうございます	おたんじょうびおめでとうございます	生日快乐
汚濁	おだく	污浊，污染
落ち	おち	遗漏，疏漏；结局，结果；（笑话的）包袱
落ち合う	おちあう	碰面，会合；（河流等）汇合
落ちこぼれ	おちこぼれ	落伍者，跟不上的学生
落ち着いた	おちついた	沉着的，稳重的
お中元	おちゅうげん	中元节礼品
追っかけ	おっかけ	追赶；追星族
追っかける	おっかける	追赶，追逐
おっきい|大っきい	おっきい	大的（大きい的口语说法）
オックスフォード|牛津	おっくすふぉーど	牛津
ＯＫ	おっけー	好的，行
おっさん	おっさん	大叔，老头（对中年男子的俗称）
追っ手	おって	追兵，追捕者
おっと	おっと	哎呀，哎哟
おっぱい	おっぱい	（俗）乳房，奶
お疲れ様	おつかれさま	辛苦了
お手数	おてすう	麻烦，费神
お手数ですが	おてすうですが	麻烦您了，劳驾
汚点	おてん	污点，瑕疵
お天気	おてんき	天气；心情，脾气
おでこ|お凸	おでこ	额头
おでん|御田	おでん	关东煮
男たち	おとこたち	男人们
男前	おとこまえ	帅哥，美男子
男らしい	おとこらしい	有男子气概的
落とし穴	おとしあな	陷阱
訪れ	おとずれ	来访；（季节等的）到来
一昨年	おととし	前年
大人っぽい	おとなっぽい	老成的，成熟的（样子）
大人になる	おとなになる	长大成人
衰え	おとろえ	衰弱，衰退
オドオド	おどおど	胆怯，战战兢兢
脅し	おどし	威胁，恐吓；吓唬人的东西（稻草人等）
躍り	おどり	跳跃
踊り子	おどりこ	舞女，舞者
踊り場	おどりば	（楼梯的）平台；舞厅；（经济等的）平缓期
驚くほど	おどろくほど	惊人地，出乎意料地
お腹の子	おなかのこ	腹中胎儿
同じく	おなじく	同样，同样地
おなじみ|お馴染み	おなじみ	熟悉的，老相识的；老主顾
お名前	おなまえ	（您的）姓名
おなら	おなら	屁
オニオン	おにおん	洋葱
おにぎり|お握り	おにぎり	饭团
鬼ごっこ	おにごっこ	捉迷藏，抓人游戏
尾根	おね	（山）脊，山脊
お願い	おねがい	请求，拜托
お願いいたします	おねがいいたします	拜托了，请多关照
己	おのれ	自己；（蔑称）你
オハイオ	おはいお	俄亥俄州
お話	おはなし	故事；谈话
お話中	おはなしちゅう	（电话）占线
おはようございます|お早うございます	おはようございます	早上好
おばあちゃん|お婆ちゃん	おばあちゃん	奶奶，外婆；老婆婆
伯母さん; 叔母さん	おばさん	阿姨，大婶
お久しぶり	おひさしぶり	好久不见
お一人様	おひとりさま	一位（顾客）；单身独居女性
オピニオン	おぴにおん	意见，看法
オピニオンリーダー	おぴにおんりーだー	意见领袖
オフィシャル	おふぃしゃる	正式的，官方的
オフサイド	おふさいど	（足球）越位
オフシーズン	おふしーずん	淡季
オフレコ	おふれこ	非正式发言，不公开报道
オフロード	おふろーど	越野（的）
オブザーバー	おぶざーばー	观察员
オブジェ	おぶじぇ	（艺术品的）摆件，装置艺术品
汚物	おぶつ	污物，秽物
オブラート	おぶらーと	（药用）糯米纸，糖衣纸
オペ	おぺ	手术
オペレッタ	おぺれった	轻歌剧
オペレーション	おぺれーしょん	操作，运作
オペレーター	おぺれーたー	操作员，话务员
お坊さん	おぼうさん	和尚
覚書	おぼえがき	备忘录
お待ちかね	おまちかね	期待已久（的）
お守り	おまもり	护身符
お神輿	おみこし	神轿；腰
お見積もり	おみつもり	报价，估价单
オムニバス	おむにばす	集锦式（作品）
オムレツ	おむれつ	煎蛋卷，欧姆蛋
汚名	おめい	恶名，污名
Ω	おめが	希腊字母欧米伽；终结
思い上がる	おもいあがる	自满，自大
思い当たる	おもいあたる	想起，恍然大悟
思い描く	おもいえがく	想象，构想
思い起こす	おもいおこす	回想起，忆起
思い思い	おもいおもい	各随己意，各自
思い切って	おもいきって	毅然，果断地
思いつき	おもいつき	想法，灵感
思いとどまる	おもいとどまる	打消念头，放弃（打算）
思い直す	おもいなおす	重新考虑，改变主意
思いやる	おもいやる	体贴，体谅
重き	おもき	重要，重视
重し	おもし	压石，镇物
面白	おもしろ	有趣的，好玩的
面	おもて	脸，面孔；表面；面具
表立って	おもてだって	公开地，公然地
表立つ	おもてだつ	公开化，公之于众
おもてなし|お持て成し	おもてなし	款待，招待
表向き	おもてむき	表面上，名义上
重荷	おもに	重担，负担
面持ち	おももち	神情，脸色
重る	おもる	（病情）加重，恶化
思われる	おもわれる	被认为，似乎
おや	おや	哎呀！咦！
親会社	おやがいしゃ	母公司
おやすみなさい|お休みなさい	おやすみなさい	晚安
親バカ	おやばか	溺爱孩子的父母
親不孝	おやふこう	不孝
親分	おやぶん	首领，头目
親譲り	おやゆずり	继承自父母（的相貌、性格等）
オラクル	おらくる	神谕，预言
オラトリオ	おらとりお	清唱剧
オランウータン	おらんうーたん	猩猩
オランダ|阿蘭陀	おらんだ	荷兰
織り	おり	编织，织法
折り合い	おりあい	妥协，和解
オリエンタリズム	おりえんたりずむ	东方主义
オリエンタル	おりえんたる	东方（风格）的
オリエンテーリング	おりえんてーりんぐ	定向越野
オリエント	おりえんと	东方（古代近东地区）
折々	おりおり	不时，偶尔
オリオン	おりおん	猎户座
折から	おりから	正值，恰逢其时
折り紙	おりがみ	折纸；品质保证，鉴定证书
オリゴマー	おりごまー	寡聚物，低聚物
折りたたみ	おりたたみ	折叠式的
折に触れて	おりにふれて	每逢机会，不时
オリーブ色	おりーぶいろ	橄榄色
オルグ	おるぐ	（工会等的）组织者，组织工作
オルゴール	おるごーる	八音盒
オレンジ色	おれんじいろ	橙色
おろおろ	おろおろ	惊慌失措，手足无措
おろか|疎か	おろか	不用说，更不用说
卸	おろし	批发
卸売	おろしうり	批发
卸売市場	おろしうりしじょう	批发市场
卸売物価	おろしうりぶっか	批发物价
卸値	おろしね	批发价
終値	おわりね	收盘价
オン|ＯＮ	おん	开（开关）；（高尔夫）球上果岭
オンエア	おんえあ	正在播出，直播中
音階	おんかい	音阶
恩返し	おんがえし	报恩
恩給	おんきゅう	（旧时公务员）养老金，恩给
音響	おんきょう	音响，声音
音訓	おんくん	（汉字的）音读与训读
穏健	おんけん	稳健的，温和的
恩賜	おんし	（天皇的）恩赐
音質	おんしつ	音质
恩赦	おんしゃ	大赦，特赦
温床	おんしょう	温床，滋生地
恩知らず	おんしらず	忘恩负义
恩人	おんじん	恩人
オンス	おんす	盎司
温存	おんぞん	保留，保存
音程	おんてい	音程
穏当	おんとう	妥当的，稳妥的
音頭	おんど	领唱，带头（喊口号）；民谣舞曲
音読	おんどく	朗读；（汉字的）音读
温度計	おんどけい	温度计
女形	おんながた	（歌舞伎）男扮女装的演员；女方伴侣
女らしい	おんならしい	有女人味的，淑女般的
オンパレード	おんぱれーど	大展示，大汇演
穏便	おんびん	温和的，和缓的
オンブズマン	おんぶずまん	监察专员，申诉专员
音符	おんぷ	音符
オンリー	おんりー	仅，只有
御～	おん～	（敬语前缀）尊，贵
オーガ	おーが	食人魔，妖怪
オーク	おーく	橡树，橡木
オークス	おーくす	（赛马）橡树大赛
オーシャン	おーしゃん	海洋
オーダー	おーだー	订购，点单；顺序；数量级
オーチャード	おーちゃーど	果园
オーディオ	おーでぃお	音响设备
オーディション	おーでぃしょん	试演，选拔试镜
オート	おーと	自动，自动化
オートキャンプ	おーときゃんぷ	汽车露营
悲しみ	かなしみ	悲伤，悲哀
かなた|彼方	かなた	那边，彼方；远方
カナダ|加奈陀	かなだ	加拿大
奏でる	かなでる	演奏（弦乐器等）
要	かなめ	关键，要点，核心
カナリア|金糸雀	かなりあ	金丝雀
かに|蟹	かに	螃蟹
カヌー	かぬー	独木舟，皮划艇
かね	かね	（表疑问、感叹的终助词）呢，吧
兼ね合い	かねあい	平衡，协调
金がない	かねがない	没钱，手头拮据
過熱	かねつ	过热，白热化
可燃性	かねんせい	可燃性
可燃物	かねんぶつ	可燃物
可能性が高い	かのうせいがたかい	可能性很大，很有可能
可能にする	かのうにする	使成为可能，实现
河畔	かはん	河畔，河边
下半身	かはんしん	下半身
可否	かひ	可否，是否妥当
華美	かび	华丽，奢华
かび (～がはえる)	かび (～がはえる)	霉，霉菌
寡婦	かふ	寡妇
カフェ	かふぇ	咖啡馆
カフェイン	かふぇいん	咖啡因
カフェテリア	かふぇてりあ	自助餐厅
カフス	かふす	袖口
花粉症	かふんしょう	花粉症
カブ	かぶ	幼崽，幼兽（cub）
下部	かぶ	下部，下层
株券	かぶけん	股票，股票凭证
株式市場	かぶしきしじょう	股票市场
兜	かぶと	头盔，兜鍪
株主	かぶぬし	股东
かぶれ|気触れ	かぶれ	（皮肤）过敏，皮疹；着迷，沉迷
カプラー	かぷらー	连接器，耦合器
貨幣価値	かへいかち	货币价值
壁紙	かべがみ	壁纸；桌面背景图
下方	かほう	下方，下部
かぼちゃ|南瓜	かぼちゃ	南瓜
窯	かま	窑，炉灶
鎌	かま	镰刀
かまくら	かまくら	雪屋（日本东北地区正月的雪洞节庆）
鎌倉	かまくら	镰仓（地名）
窯元	かまもと	窑户，窑主
カマーバンド	かまーばんど	（礼服的）腰封
神風	かみかぜ	神风；神风特攻队
上期	かみき	上半期（财年）
紙芝居	かみしばい	纸芝居（连环画讲故事）
噛み付く	かみつく	咬，咬住；猛烈斥责
神業	かみわざ	神技，超凡技艺
カム	かむ	凸轮
かむ|擤む	かむ	擤（鼻涕）
亀	かめ	乌龟
加盟	かめい	加盟，加入
仮名	かめい	化名，假名
カメレオン	かめれおん	变色龙
仮面	かめん	面具，假面
寡黙	かもく	寡言，沉默寡言
かもしれません|かも知れません	かもしれません	也许，可能
かもしれん|かも知れん	かもしれん	也许，可能
カモメ|鴎	かもめ	海鸥
蚊帳	かや	蚊帐
火薬	かやく	火药
カヤック	かやっく	皮划艇
通い	かよい	往返，来往
火曜	かよう	星期二
か弱い	かよわい	柔弱的，纤弱的
から	から	从……；由于，因为
辛口	からくち	（酒等）辣口，不甜；辛辣（措辞）
からし|辛子	からし	芥末
体つき	からだつき	体格，身材
カラチ	からち	卡拉奇
からって	からって	（虽说）……也；就算……
カラット	からっと	克拉；开（金的纯度单位）
からには	からには	既然……
カラフル	からふる	多彩的，色彩缤纷的
空振り	からぶり	（棒球等）挥空棒；落空，白费力气
絡み	からみ	纠缠，牵连；关联
絡み合う	からみあう	相互纠缠，交织在一起
カラメル	からめる	焦糖
からり	からり	（开门窗等）哗啦一声；（天气）晴朗
カラーコーディネーター	からーこーでぃねーたー	色彩搭配师
カラード	からーど	有色人种
かり|雁	かり	大雁；龟头
刈り入れ	かりいれ	收割，收获
借り入れ	かりいれ	借入（资金）
借入金	かりいれきん	借款，贷款
カリウム	かりうむ	钾
カリキュラム	かりきゅらむ	课程，教学大纲
刈り込む	かりこむ	修剪
仮処分	かりしょぶん	（法律）临时处分，假处分
刈り取る	かりとる	收割，割取
仮に	かりに	假设，姑且
狩場	かりば	狩猎场
カリフォルニア	かりふぉるにあ	加利福尼亚
カリブ海	かりぶかい	加勒比海
花柳	かりゅう	花柳界，红灯区
狩人	かりゅうど	猎人
かりゆしウェア	かりゆしうぇあ	（冲绳）卡里由西衬衫
駆る	かる	驱使，驱赶；策马飞奔
カルガリー	かるがりー	卡尔加里
軽々	かるがる	轻轻松松地，轻而易举地
カルキ|加爾基	かるき	漂白粉
カルタ|歌留多	かるた	纸牌（日本传统游戏牌）
カルダモン	かるだもん	小豆蔻
カルチャー	かるちゃー	文化
カルチャーショック	かるちゃーしょっく	文化冲击
カルチャーセンター	かるちゃーせんたー	文化中心
カルテット	かるてっと	四重奏
カルテル	かるてる	卡特尔，垄断联盟
カルデラ	かるでら	破火山口
カルト	かると	邪教，异端崇拜
軽はずみ	かるはずみ	轻率的，草率的
カルバドス	かるばどす	卡尔瓦多斯苹果白兰地
カルメラ	かるめら	蜂窝糖，焦糖脆糖
華麗	かれい	华丽，绚丽
枯れ木	かれき	枯木
カレッジ	かれっじ	学院，大学
枯葉	かれは	枯叶
可憐	かれん	娇小可爱，惹人怜爱
カレンシー	かれんしー	货币
咖哩	かれー	咖喱
カレーライス	かれーらいす	咖喱饭
カロチン	かろちん	胡萝卜素
軽やか	かろやか	轻快的，轻盈的
カロライナ	かろらいな	卡罗来纳州
カローラ	かろーら	花冠（丰田车型）
川; 河	かわ	河，河流
川上	かわかみ	河流上游
渇き	かわき	口渴；渴望
皮切り	かわきり	开端，开始
川岸	かわぎし	河岸
川崎	かわさき	川崎（地名）
川下	かわしも	河流下游
為替相場	かわせそうば	汇率
川沿い	かわぞい	沿河的，河边的
川端	かわばた	河边，河畔
河原	かわら	干涸河床，河滩
変わらない	かわらない	不变的，一如既往的
替わる	かわる	代替，替换
代わる代わる	かわるがわる	轮流，交替
艦	かん	军舰
観	かん	（事物的）外观，印象
感	かん	感觉，感触
棺	かん	棺材
貫	かん	贯（旧重量、货币单位）；（寿司计量单位）贯
間	かん	间隔，期间；……之间
～観	かん	……观（看法，认识）
勘案	かんあん	斟酌，考虑
間一髪	かんいっぱつ	千钧一发，间不容发
簡易保険	かんいほけん	简易人寿保险
肝炎	かんえん	肝炎
感化	かんか	感化，影响
看過	かんか	忽视，放任不管
官界	かんかい	官场，政界
管轄	かんかつ	管辖
感慨	かんがい	感慨
感慨無量	かんがいむりょう	感慨万千
考え方	かんがえかた	想法，思考方式
考えてみれば	かんがえてみれば	仔细想来，细想起来
カンガルー	かんがるー	袋鼠
喚起	かんき	唤起，激起
歓喜	かんき	欢喜，欣喜
乾季	かんき	旱季
寒気	かんき	寒气，冷空气
換気扇	かんきせん	排气扇
緩急	かんきゅう	缓急，快慢
環境庁	かんきょうちょう	（日本旧）环境厅
換金	かんきん	变卖成现金，兑现
監禁	かんきん	监禁，囚禁
勧業	かんぎょう	劝业，鼓励产业发展
管区	かんく	辖区，管区
管区気象台	かんくきしょうだい	地方气象台
関係者	かんけいしゃ	相关人员，有关人士
官憲	かんけん	官府，当局
観劇	かんげき	看戏，观剧
甘言	かんげん	甜言蜜语，花言巧语
管弦楽	かんげんがく	管弦乐
管弦楽団	かんげんがくだん	管弦乐团
敢行	かんこう	断然实行，果敢施行
官公庁	かんこうちょう	政府机关，公署
肝硬変	かんこうへん	肝硬化
冠婚葬祭	かんこんそうさい	冠婚葬祭，人生重要礼仪
缶コーヒー	かんこーひー	罐装咖啡
監獄	かんごく	监狱
監査	かんさ	审查，审计
簡裁	かんさい	（日本）简易法院
関西人	かんさいじん	关西人
監察	かんさつ	监察
監査役	かんさやく	监事，审计员
閑散	かんさん	冷清，萧条
管財	かんざい	财产管理
カンザス	かんざす	堪萨斯州
漢詩	かんし	汉诗
看守	かんしゅ	看守，狱警
監修	かんしゅう	监修，主编
勧奨	かんしょう	劝导，鼓励
環礁	かんしょう	环礁
観賞	かんしょう	观赏
緩衝地帯	かんしょうちたい	缓冲地带
間食	かんしょく	吃零食，两餐间进食
関心事	かんしんじ	关心的事，关注的问题
幹事	かんじ	干事，负责人
感じ取る	かんじとる	感受到，体会到
感受性	かんじゅせい	感受性，敏感度
環状	かんじょう	环状，圆环形
感情的	かんじょうてき	感情用事的，情绪化的
勧進	かんじん	（寺庙的）募捐，劝募
完遂	かんすい	完成，达成
管制	かんせい	（对空、对交通等的）管制
閑静	かんせい	（住宅区等）幽静，僻静
管制官	かんせいかん	（空中交通）管制员
管制塔	かんせいとう	（机场）控制塔
関節	かんせつ	关节
間接税	かんせつぜい	间接税
艦船	かんせん	舰船
観戦	かんせん	观战
感染症	かんせんしょう	感染症，传染病
敢然	かんぜん	毅然，果敢地
完全試合	かんぜんじあい	（棒球）完全比赛，无安打无失分比赛
勧善懲悪	かんぜんちょうあく	劝善惩恶
完走	かんそう	跑完全程
寒村	かんそん	偏僻的穷村庄
歓待	かんたい	盛情款待
艦隊	かんたい	舰队
干拓	かんたく	（填海、围垦）造地
感嘆	かんたん	感叹，赞叹
カンタータ	かんたーた	（音乐）康塔塔
寛大	かんだい	宽大，宽厚
甲高い	かんだかい	尖锐的，尖细的（声音）
歓談	かんだん	畅谈，欢谈
寒暖計	かんだんけい	寒暑表，温度计
完治	かんち	痊愈，彻底治愈
寒中	かんちゅう	严冬，寒冬期间
管長	かんちょう	（宗派）总住持，管长
貫通	かんつう	贯通，穿通
カンツォーネ	かんつぉーね	（意大利）坎佐纳歌曲
官邸	かんてい	官邸
艦艇	かんてい	舰艇
貫徹	かんてつ	贯彻，实现
カント	かんと	斜角，倾斜（弯道超高）
敢闘	かんとう	奋勇作战
完投	かんとう	（棒球投手）投完全场
広東	かんとん	广东；广州
管内	かんない	辖区内
館内	かんない	馆内（图书馆、博物馆、影院等内部）
神主	かんぬし	神社祭司，神主
観音	かんのん	观音菩萨
完売	かんばい	售罄，卖光
間伐	かんばつ	（森林）间伐
カンパ	かんぱ	募捐，捐款
完敗	かんぱい	惨败，完败
カンパニー	かんぱにー	公司；剧团
甲板	かんぱん	（船的）甲板
甘美	かんび	甘美，甜美
カンフル	かんふる	樟脑；强心剂，兴奋剂
患部	かんぶ	患处，病灶
乾物	かんぶつ	干货
漢文	かんぶん	汉文，古汉语文言文
還付	かんぷ	归还，退还
完封	かんぷう	（棒球）完封
鑑別	かんべつ	鉴别
完璧	かんぺき	完美，完善无缺
官房	かんぼう	（政府机关的）官房，秘书处
官房長官	かんぼうちょうかん	（日本）内阁官房长官
陥没	かんぼつ	塌陷，凹陷
官報	かんぽう	（政府）公报
漢方	かんぽう	中医，汉方（传统中医药）
巻末	かんまつ	卷末，书末
干満	かんまん	（潮汐）涨落
緩慢	かんまん	缓慢，迟缓
甘味料	かんみりょう	甜味剂
官民	かんみん	官方与民间
喚問	かんもん	传讯
関門	かんもん	关口，难关
肝要	かんよう	极其重要，紧要
陥落	かんらく	陷落，沦陷；下降
歓楽街	かんらくがい	（歌舞）欢乐街，风月场所
官吏	かんり	官吏，公务员
監理	かんり	监督管理
管理者	かんりしゃ	管理者，管理人
管理職	かんりしょく	管理职位，管理岗位
管理人	かんりにん	管理员，看门人
簡略	かんりゃく	简略
還流	かんりゅう	回流，倒流
感涙	かんるい	感激的泪水
寒冷	かんれい	寒冷
カースト	かーすと	种姓制度
カーチェイス	かーちぇいす	汽车追逐（戏）
カーディガン	かーでぃがん	开襟毛衣
カート	かーと	手推车；卡丁车
カートリッジ	かーとりっじ	（墨盒、弹匣等）盒式装置
カードゲーム	かーどげーむ	纸牌游戏
カーニバル	かーにばる	狂欢节
カーネーション	かーねーしょん	康乃馨
カーフェリー	かーふぇりー	汽车渡轮
カーボン	かーぼん	碳；复写纸
カーリング	かーりんぐ	冰壶（运动）
カール	かーる	卷发，卷曲
カーレース	かーれーす	赛车
カーン	かーん	（人名）卡恩
が	が	（主语助词）；但是，可是
ガイ	がい	家伙，小子
街	がい	……街，……区
外	がい	……之外
外圧	がいあつ	外部压力
外苑	がいえん	外苑（神社或宫殿外围花园）
外角	がいかく	外角
外郭	がいかく	外郭，外围轮廓
外郭団体	がいかくだんたい	外围组织，附属机构
外気	がいき	户外空气
概況	がいきょう	概况
外交官	がいこうかん	外交官
骸骨	がいこつ	骸骨，骨架
概算	がいさん	概算，估算
外資	がいし	外资
外車	がいしゃ	进口车，外国车
外傷	がいしょう	外伤
外信	がいしん	国际电讯，国外报道
外需	がいじゅ	外需，国外需求
外人	がいじん	外国人（多指西方人）
街宣車	がいせんしゃ	（右翼团体等的）宣传车
ガイダンス	がいだんす	指导，引导
害虫	がいちゅう	害虫
外電	がいでん	国外电讯
街灯	がいとう	路灯
外米	がいまい	进口大米
外務	がいむ	外务，外交事务
外務省	がいむしょう	（日本）外务省
外面	がいめん	外表，外表面
外野	がいや	（棒球）外场；局外人，旁观者
外野手	がいやしゅ	（棒球）外场手
外遊	がいゆう	出国游历，海外访问
外洋	がいよう	外洋，远海
街路	がいろ	街道，街路
街路樹	がいろじゅ	行道树
外～	がい～	外……
ガウシアン	がうしあん	高斯（分布）
ガウン	がうん	长袍，晨衣
雅楽	ががく	雅乐（日本宫廷音乐）
学位	がくい	学位
学院	がくいん	学院
学園	がくえん	学园，校园
学際	がくさい	跨学科的
学識	がくしき	学识，学问造诣
学習指導要領	がくしゅうしどうようりょう	（日本）学习指导要领，课程标准
楽章	がくしょう	（乐曲的）乐章
学生時代	がくせいじだい	学生时代
学卒	がくそつ	大学毕业生
楽隊	がくたい	乐队
楽団	がくだん	乐团
学徒	がくと	学生，学子
学童	がくどう	学童，小学生
学内	がくない	校内
額縁	がくぶち	画框
額面	がくめん	面值，票面金额
楽屋	がくや	（剧场）化妆室，后台
学友	がくゆう	学友，同学
学齢	がくれい	学龄
学割	がくわり	学生优惠
餓死	がし	饿死
ガシガシ	がしがし	粗鲁地，猛地（拟声拟态词）
画商	がしょう	画商
賀正	がしょう	恭贺新禧
ガジェット	がじぇっと	小工具，小玩意
賀状	がじょう	贺年卡
ガスタービン	がすたーびん	燃气轮机
ガストアルバイター	がすとあるばいたー	外籍劳工
ガスボンベ	がすぼんべ	煤气罐
ガスマスク	がすますく	防毒面具
ガソール	がそーる	乙醇汽油
画像	がぞう	图像，影像
ガタガタ	がたがた	咔嗒咔嗒响；摇晃不稳；哆嗦
雅致	がち	雅致，风雅
学界	がっかい	学界，学术界
学会誌	がっかいし	学会会刊
学究	がっきゅう	学者，钻研学问的人
楽曲	がっきょく	乐曲
学区	がっく	学区
学校法人	がっこうほうじん	（依法设立的）学校法人
学校名	がっこうめい	校名
合作	がっさく	合作（作品）
合宿	がっしゅく	集训，集体住宿训练
合掌	がっしょう	合掌
合唱団	がっしょうだん	合唱团
合奏	がっそう	合奏
ガッツ	がっつ	胆量，魄力
ガッツポーズ	がっつぽーず	（获胜后的）握拳庆祝姿势
ガット	がっと	肠线（网球拍弦、琴弦用）
月日	がっぴ	月日，日期
合併症	がっぺいしょう	并发症
月	がつ	……月
合点	がてん	理解，领会；同意
画伯	がはく	画家（敬称）
ガボット	がぼっと	加沃特舞曲
ガメラン	がめらん	甘美兰（印尼传统器乐合奏）
画用紙	がようし	图画纸
ガラクタ|我楽多	がらくた	破烂，废物
ガラス戸	がらすど	玻璃门
ガラス張り	がらすばり	镶玻璃的；坦荡公开的
がらん	がらん	空荡荡（形容空旷寂静）
ガリウム	がりうむ	镓（元素符号Ga）
ガリバー	がりばー	格列佛；某领域中出类拔萃的巨头
ガリレオ	がりれお	伽利略
がる	がる	（接尾）表示显出…样子，觉得…（如寒がる：觉得冷）
瓦礫	がれき	瓦砾；碎石；废墟碎片
画廊	がろう	画廊；美术馆
ガロン	がろん	加仑
側	がわ	侧，边；（钟表等的）壳，外壳
ガン	がん	枪
雁	がん	大雁
願	がん	祈愿；心愿；许愿
岩塩	がんえん	岩盐
眼科医	がんかい	眼科医生
ガンガン	がんがん	哐哐（撞击声）；（疼痛等）阵阵剧烈
頑強	がんきょう	顽强；倔强；固执
元金	がんきん	本金；本钱
岩礁	がんしょう	暗礁
元祖	がんそ	始祖；创始人；元祖
含蓄	がんちく	含蓄；蕴含深意
がんばって|頑張って	がんばって	加油；坚持住
頑張り	がんばり	坚持；奋斗；韧劲
岸壁	がんぺき	码头壁；防波堤；峭壁
元本	がんぽん	本金；本钱
Γ	がんま	希腊字母γ（伽马）
顔面	がんめん	颜面；脸部
含有	がんゆう	含有（某成分）
ガーディアン	がーでぃあん	守护者；监护人
ガーデン	がーでん	花园；庭院
ガードマン	がーどまん	保安；警卫
ガールフレンド	がーるふれんど	女朋友
機	き	时机；机会；机器；飞机
気合	きあい	气势；干劲；（发出）吆喝声
奇異	きい	奇异；奇怪
生糸	きいと	生丝
起因	きいん	起因；源于
棋院	きいん	棋院
キウイ	きうい	猕猴桃；几维鸟
機運	きうん	时机；机运；大势所趋
帰依	きえ	皈依
気鋭	きえい	锐气十足；朝气蓬勃
気負い	きおい	干劲十足；意气昂扬
既往症	きおうしょう	既往病史
キオスク	きおすく	小卖亭；书报亭
幾何	きか	几何（学）
奇怪	きかい	奇怪；离奇；蹊跷
機械化	きかいか	机械化
幾何学	きかがく	几何学
企画室	きかくしつ	企划室
聞かす	きかす	讲给…听；说给…听
利かせる	きかせる	发挥（作用）；施展（威力）
基幹	きかん	骨干；核心；基础
帰還	きかん	归还；返航；（电路等的）反馈
期間限定	きかんげんてい	限时（供应等）
気管支	きかんし	支气管
機関紙	きかんし	机关报；机关刊物
機関銃	きかんじゅう	机关枪
飢餓	きが	饥饿；饥荒
気概	きがい	骨气；气概
器楽	きがく	器乐
気がつく	きがつく	察觉；注意到；意识到
機器	きき	仪器；设备；器械
聞き書き	ききがき	（采访）笔录
棄却	ききゃく	驳回；弃权
危急	ききゅう	危急；紧急
気球	ききゅう	气球
帰休	ききゅう	临时休假；停薪留职
寄金	ききん	捐款
貴金属	ききんぞく	贵金属
木々	きぎ	树木（们）
企業家	きぎょうか	企业家
訊く	きく	询问；打听
気配り	きくばり	体贴；周到；用心照顾
危険性	きけんせい	危险性
紀元	きげん	纪元
紀元前	きげんぜん	公元前
寄港	きこう	（船只）停靠港口
紀行	きこう	游记；纪行
起工	きこう	动工；开工
季語	きご	季语（俳句中表示季节的词）
起債	きさい	发行公债
鬼才	きさい	鬼才；奇才
器材	きざい	器材
機材	きざい	机械材料；设备器材
刻み	きざみ	切碎；刻痕
棋士	きし	棋手（围棋、将棋）
騎士	きし	骑士
起死回生	きしかいせい	起死回生
岸辺	きしべ	岸边
記者会見	きしゃかいけん	记者招待会
旗手	きしゅ	旗手
機首	きしゅ	机首
騎手	きしゅ	骑手；骑师
奇襲	きしゅう	奇袭
寄宿舎	きしゅくしゃ	宿舍；寄宿舍
気性	きしょう	性情；脾气
希少	きしょう	稀少；罕见
記章	きしょう	徽章；勋章
気象学	きしょうがく	气象学
気象台	きしょうだい	气象台
気象予報士	きしょうよほうし	气象预报员
鬼神	きしん	鬼神
基軸	きじく	基轴；基础；核心
喜寿	きじゅ	喜寿（77岁）
奇術	きじゅつ	魔术；戏法
基準法	きじゅんほう	基准法
机上	きじょう	纸上（谈兵）；书桌上；理论上的
気丈	きじょう	坚强；刚强；有胆量
キス	きす	接吻
奇数	きすう	奇数
築き上げる	きずきあげる	建立起来；缔造
寄生	きせい	寄生
既製	きせい	现成的；成品的
気勢	きせい	气势；声势
棋聖	きせい	棋圣
既成事実	きせいじじつ	既成事实
寄生虫	きせいちゅう	寄生虫
既製服	きせいふく	成衣
軌跡	きせき	轨迹；经历过的道路
季節風	きせつふう	季风
気絶	きぜつ	昏厥；昏迷
起草	きそう	起草
起訴猶予	きそゆうよ	暂缓起诉
既存	きそん	既有；现有
毀損	きそん	损毁；损害；诽谤
帰属	きぞく	归属
北アイルランド	きたあいるらんど	北爱尔兰
機体	きたい	机身；机体
期待感	きたいかん	期待感
北風	きたかぜ	北风
北側	きたがわ	北侧
北九州	きたきゅうしゅう	北九州（市名）
北国	きたぐに	北国；北方地区
北朝鮮	きたちょうせん	朝鲜（北朝鲜）
キチガイ|気違い	きちがい	疯子；发疯
基調	きちょう	基调
機長	きちょう	机长
記帳	きちょう	记账；登记
貴重品	きちょうひん	贵重物品
キック	きっく	踢
キックオフ	きっくおふ	开球
キックボクシング	きっくぼくしんぐ	踢拳；拳击腿击
喫する	きっする	吃；喝；受到（打击等）
キッズ	きっず	孩子们
キッズビジネス	きっずびじねす	儿童商品业务
吉兆	きっちょう	吉兆；好兆头
キット	きっと	套件；组装件
キッド	きっど	小孩；小鬼
吉報	きっぽう	喜讯；好消息
きつね|狐	きつね	狐狸；（喻）狡猾的人；油豆腐荞麦（乌冬）面
詰問	きつもん	盘问；追问
気遣い	きづかい	担心；顾虑；体贴
気づかれ	きづかれ	精神疲劳；心累
既定	きてい	既定；预定
規程	きてい	规程；规章
汽笛	きてき	汽笛
企図	きと	企图；计划
帰途	きと	归途
気筒	きとう	（发动机）气缸
祈祷	きとう	祈祷
危篤	きとく	病危
既得権	きとくけん	既得权益
輝度	きど	亮度；辉度
木戸	きど	木门；（相扑等场馆的）入口栅门
喜怒哀楽	きどあいらく	喜怒哀乐
機動	きどう	机动；灵活
機動隊	きどうたい	机动队；防暴警察
気に入り	きにいり	中意；喜爱的（人或物）
絹糸	きぬいと	丝线
絹織物	きぬおりもの	丝织品
キネシオロジー	きねしおろじー	运动机能学
祈念	きねん	祈念；祈祷
記念碑	きねんひ	纪念碑
記念日	きねんび	纪念日
きのこ|茸	きのこ	蘑菇
気のせい	きのせい	（只是）心理作用；错觉
気の向くままに	きのむくままに	随心所欲；随兴
木の芽	きのめ	树芽；嫩芽
気迫	きはく	气魄；魄力
揮発	きはつ	挥发
騎馬	きば	骑马
木場	きば	木材堆场
起爆	きばく	起爆；引爆
奇抜	きばつ	奇特；新奇；标新立异
気晴らし	きばらし	散心；消遣
忌避	きひ	回避；忌避
貴賓	きひん	贵宾
厳しさ	きびしさ	严厉；严峻程度
奇病	きびょう	怪病；奇病
機敏	きびん	机敏；敏捷
棋譜	きふ	棋谱
器物	きぶつ	器物；器皿
騎兵	きへい	骑兵
気泡	きほう	气泡
基本的	きほんてき	基本的
基本料金	きほんりょうきん	基本费；起步价
木彫り	きぼり	木雕
気前	きまえ	大方；慷慨
行	ぎょう	行（文字）；行业
業	ぎょう	业；行业；工作
行革	ぎょうかく	行政改革
行間	ぎょうかん	行距；字里行间
凝固	ぎょうこ	凝固；凝结
凝視	ぎょうし	凝视；注视
業種	ぎょうしゅ	行业种类
行司	ぎょうじ	（相扑）裁判
暁星	ぎょうせい	晓星；启明星
行政機関	ぎょうせいきかん	行政机关
行政処分	ぎょうせいしょぶん	行政处分
行政訴訟	ぎょうせいそしょう	行政诉讼
御苑	ぎょえん	御苑；皇家园林
魚介	ぎょかい	鱼贝类；海鲜
漁獲	ぎょかく	渔获；捕捞
玉砕	ぎょくさい	玉碎；壮烈牺牲
魚群	ぎょぐん	鱼群
漁港	ぎょこう	渔港
漁場	ぎょじょう	渔场
魚肉	ぎょにく	鱼肉
漁民	ぎょみん	渔民
魚雷	ぎょらい	鱼雷
魚類	ぎょるい	鱼类
ギラギラ	ぎらぎら	刺眼地（闪烁）；耀眼
ギリシャ|希臘	ぎりしゃ	希腊
ギルド	ぎるど	行会；公会
儀礼	ぎれい	礼仪；礼节
ギロチン	ぎろちん	断头台
銀貨	ぎんか	银币
銀河	ぎんが	银河；星系
銀紙	ぎんがみ	锡箔纸；银纸
銀杯	ぎんぱい	银杯
区	く	区（行政区划）
悔い	くい	悔恨；后悔
食い込む	くいこむ	嵌入；勒进；侵占（时间等）
食い下がる	くいさがる	紧咬不放；死缠不放
クイック	くいっく	快速的
クインテット	くいんてっと	五重奏
クイーン	くいーん	女王；（扑克/国际象棋）王后
クイーンズイングリッシュ	くいーんずいんぐりっしゅ	标准英式英语
空域	くういき	空域
クウェート|科威都	くうぇーと	科威特
空虚	くうきょ	空虚；空洞
空軍	くうぐん	空军
空車	くうしゃ	空车（尤指空车出租车）
空襲	くうしゅう	空袭
空前	くうぜん	空前
空疎	くうそ	空洞；空泛
空地	くうち	空地；闲置土地
空調	くうちょう	空调
空転	くうてん	（发动机）空转；原地打转
空洞	くうどう	空洞；洞穴
空砲	くうほう	空包弹
空母	くうぼ	航空母舰
空輸	くうゆ	空运
空欄	くうらん	空栏；空白处
空路	くうろ	空中航线；乘飞机
空～	くう～	空～（前缀，表示空的）
クエーサー	くえーさー	类星体
クオリティ	くおりてぃ	质量；品质
クオート	くおーと	夸脱（容量单位）
９月	くがつ	九月
苦境	くきょう	困境；逆境
区議	くぎ	区议员
九九	くく	乘法口诀表
苦言	くげん	忠言；逆耳之言
草刈り	くさかり	割草
草木	くさき	草木；花草树木
草の根	くさのね	草根；基层民众
草花	くさばな	花草
草分け	くさわけ	开拓者；先驱
駆使	くし	运用自如；灵活运用
句集	くしゅう	俳句集
苦笑	くしょう	苦笑
くじ引き	くじびき	抽签
葛	くず	葛（植物）
屑	くず	废料；碎屑；渣滓
崩れ	くずれ	崩溃；塌陷；过气（人物）
くせに|癖に	くせに	却，明明…可是（表不满）
苦戦	くせん	苦战；艰苦作战
くそ|糞	くそ	（骂）该死；妈的；粪便
くたばる	くたばる	（俗）死掉；翘辫子
下す	くだす	下达（命令、判断等）；使下泻
下り坂	くだりざか	下坡；（事物）走下坡路
口数	くちかず	说话数量；话多话少；家眷人数
口利き	くちきき	说合，斡旋，介绍
駆逐	くちく	驱逐；消灭
駆逐艦	くちくかん	驱逐舰
口癖	くちぐせ	口头禅
口々	くちぐち	各人（各说各的）；各个入口
口々に	くちぐちに	异口同声地
口喧嘩	くちげんか	吵嘴；口角
口答え	くちごたえ	顶嘴
口ごもる	くちごもる	支支吾吾；含糊其辞
口出し	くちだし	插嘴；多管闲事
口止め	くちどめ	封口；叮嘱保密
口火	くちび	导火线；引信；（事情的）导火索
口笛	くちぶえ	口哨
区長	くちょう	区长
クッキング	くっきんぐ	烹饪
掘削	くっさく	挖掘；开凿
クッション	くっしょん	靠垫；缓冲
屈託	くったく	担心；忧虑；无所顾忌（多用于屈託のない）
覆る	くつがえる	翻倒；颠覆；被推翻
屈辱	くつじょく	屈辱
靴屋	くつや	鞋店；鞋匠
駆動	くどう	驱动
区内	くない	区内
宮内庁	くないちょう	宫内厅
国柄	くにがら	国情；国风
苦肉の策	くにくのさく	苦肉计；无奈之策
苦悩	くのう	苦恼；烦恼
配り物	くばりもの	赠品；分发的礼物
凹み	くぼみ	凹陷；坑洼
くまなく|隈なく	くまなく	彻底地；无遗漏地
組み替え	くみかえ	重新编排；重组
組曲	くみきょく	组曲
組み立て	くみたて	组装；构造；结构
組長	くみちょう	组长；（黑帮）头目
汲み取る	くみとる	汲取；体谅（心情）
区民	くみん	区民
くも|蜘蛛	くも	蜘蛛
供物	くもつ	供品；祭品
雲行き	くもゆき	天色；（事态）走向
区役所	くやくしょ	区政府；区公所
悔し泣き	くやしなき	因懊悔而哭
供養	くよう	供养；祭奠
クライアント	くらいあんと	客户；委托人
クライシス	くらいしす	危机
クライミング	くらいみんぐ	攀岩；攀登
クライムストーリー	くらいむすとーりー	犯罪故事
食らう	くらう	吃；喝；遭受（打击等）
クラウン	くらうん	王冠；牙冠
クラクション	くらくしょん	汽车喇叭
クラゲ|水母	くらげ	水母
クラシカル	くらしかる	古典的
倉敷	くらしき	仓敷（地名）；仓储费
クラシック音楽	くらしっくおんがく	古典音乐
クラスメイト	くらすめいと	同班同学
クラッカー	くらっかー	饼干；拉炮
クラック	くらっく	裂纹；裂缝
クラッシュ	くらっしゅ	（车辆等）碰撞；崩溃
クラッチ	くらっち	离合器
クラフト	くらふと	手工艺；手工制品
クラブ活動	くらぶかつどう	社团活动；课外活动
くらべ|比べ	くらべ	比较；较量
暗闇	くらやみ	黑暗
クラン	くらん	氏族；家族
クランク	くらんく	曲柄；（道路）S形弯道
クランクイン	くらんくいん	开拍（电影开机）
クラーク	くらーく	职员；办事员
くり|栗	くり	栗子
繰り上げ	くりあげ	提前；上调
繰り上げる	くりあげる	提前；提升
繰入	くりいれ	转入；结转
クリエイター	くりえいたー	创作者；创意人
クリエイティブ	くりえいてぃぶ	创意的；富有创造力
クリオール	くりおーる	克里奥尔人（语）
繰り返し	くりかえし	反复；重复
クリケット	くりけっと	板球
クリスタル	くりすたる	水晶
クリスチャン	くりすちゃん	基督徒
クリスマスイブ	くりすますいぶ	平安夜
クリスマスカード	くりすますかーど	圣诞卡
クリスマスツリー	くりすますつりー	圣诞树
繰り出し梯子	くりだしはしご	伸缩梯
繰り出す	くりだす	抽出；放出；成群出动
区立	くりつ	区立（区营）
クリニック	くりにっく	诊所
繰り延べ	くりのべ	延期
繰り広げる	くりひろげる	展开；展现
苦慮	くりょ	苦思；费心；忧虑
クリンチ	くりんち	（拳击）搂抱
クリーク	くりーく	（高尔夫）5号木杆
クリーナー	くりーなー	清洁器；除尘器
クリーン	くりーん	干净的；清洁的
クリーンアップトリオ	くりーんあっぷとりお	（棒球）三四五棒主力打者
クリーンヒット	くりーんひっと	（棒球）干净利落的安打
繰る	くる	依次翻（页）；转动；卷绕
くるくる	くるくる	骨碌骨碌地转；滴溜溜转
苦しみ	くるしみ	痛苦；苦恼
クルス|久留子	くるす	十字架标志
クルド	くるど	库尔德人
車椅子	くるまいす	轮椅
クルー	くるー	（船、机组）乘务组；船员
クルーザー	くるーざー	巡洋舰；豪华游艇
クルージング	くるーじんぐ	巡游；巡航
クルーズ	くるーず	游轮观光；巡航
クレアチニンクリアランス	くれあちにんくりあらんす	肌酐清除率
クレイジー	くれいじー	疯狂的
クレオソート	くれおそーと	杂酚油；木馏油
クレジット	くれじっと	信用；赊销；信用卡
クレディビリティーギャップ	くれでぃびりてぃーぎゃっぷ	信任差距（可信度落差）
紅	くれない	深红；鲜红
クレンザー	くれんざー	去污粉；清洁剂
クレンジングクリーム	くれんじんぐくりーむ	卸妆膏
クレー	くれー	粘土；飞碟射击用靶
クレーコート	くれーこーと	（网球）红土场地
クレーター	くれーたー	环形山；陨石坑
クレープ	くれーぷ	可丽饼；绉纱
クロアチア	くろあちあ	克罗地亚
黒い霧	くろいきり	黑幕；疑云重重
黒色	くろいろ	黑色
黒木	くろき	未剥皮的原木
黒潮	くろしお	黑潮（暖流）
黒白	くろしろ	黑白；是非
クロス	くろす	十字；交叉；（足球）传中球
クロスカントリー	くろすかんとりー	越野（跑、滑雪）
クロスワード	くろすわーど	填字游戏
クロック	くろっく	时钟
クロニクル	くろにくる	编年史
クロノスコープ	くろのすこーぷ	计时器
黒星	くろぼし	黑点；（比赛）败绩标记
黒幕	くろまく	幕后操纵者；幕后黑手
クロム	くろむ	铬（元素符号Cr）
クロレラ	くろれら	小球藻
クローク	くろーく	衣帽间；寄存处
クローズ	くろーず	关闭
クローズアップ	くろーずあっぷ	特写；聚焦（关注）
クロール	くろーる	（游泳）自由泳；（网络）爬取
クローン	くろーん	克隆
桑	くわ	桑树
クワイア	くわいあ	合唱队
桑畑	くわばたけ	桑田
桑原	くわばら	桑田（也用作念咒祈福免灾用语）
君	くん	君（对男性或晚辈的称呼）
訓戒	くんかい	训诫；告诫
勲章	くんしょう	勋章
訓読み	くんよみ	训读（汉字的日语固有读音）
君臨	くんりん	君临；称霸；主宰
訓令	くんれい	训令；指示
クーキー	くーきー	怪异的；饼干
クーデター	くーでたー	政变
クーペ	くーぺ	双门轿跑车
クーリングオフ	くーりんぐおふ	（消费）冷静期；无理由退货期
愚	ぐ	愚蠢；愚笨
グアテマラ	ぐあてまら	危地马拉
グアテマラ共和国	ぐあてまらきょうわこく	危地马拉共和国
グアム|瓜姆	ぐあむ	关岛
偶像	ぐうぞう	偶像
偶発	ぐうはつ	偶发；意外发生
具象	ぐしょう	具象；具体化
具体化	ぐたいか	具体化；落实
グダグダ	ぐだぐだ	啰嗦冗长；拖沓
グッズ	ぐっず	商品；周边
グッド	ぐっど	好的
グライコ	ぐらいこ	图示均衡器
グライダー	ぐらいだー	滑翔机
グラグラ	ぐらぐら	摇晃；不稳固
グラスファイバー	ぐらすふぁいばー	玻璃纤维
グラタン	ぐらたん	焗菜；法式烤菜
グラデーション	ぐらでーしょん	渐变（色）；渐变剪发
グラビア	ぐらびあ	凹版印刷；写真页（杂志）
グラフィック	ぐらふぃっく	图形的；图文并茂的
グラフィックス	ぐらふぃっくす	图形（学）
グラマー	ぐらまー	丰满性感的
グランス	ぐらんす	龟头
グランデ	ぐらんで	大杯（尺寸）；宏大
グランドピアノ	ぐらんどぴあの	三角钢琴
グランプリ	ぐらんぷり	大奖赛；头奖
グリコーゲン	ぐりこーげん	糖原
グリップ	ぐりっぷ	握把；手柄
グリル	ぐりる	烧烤；烤架；烤鱼餐厅
グリークラブ	ぐりーくらぶ	合唱团
グリーンスクール	ぐりーんすくーる	绿色学校
グリーンピース	ぐりーんぴーす	青豆
グリーンフィー	ぐりーんふぃー	（高尔夫）场地使用费
グリーンランド|臥児狼徳	ぐりーんらんど	格陵兰
ぐるっと	ぐるっと	转一圈；环绕一周
ぐるり	ぐるり	周围；四周
グルー	ぐるー	胶水
グレコローマンスタイル	ぐれころーまんすたいる	古典式摔跤（希腊罗马式）
グレゴリオ	ぐれごりお	格里高利（历）
愚連隊	ぐれんたい	流氓团伙；小混混
グレーゾーン	ぐれーぞーん	灰色地带
グレート	ぐれーと	伟大的；很棒的
グレード	ぐれーど	等级；档次
グロ	ぐろ	怪诞；猎奇（暗黑）
グロテスク	ぐろてすく	怪诞的；离奇的
グロリア	ぐろりあ	荣耀颂（宗教音乐）
グローバリズム	ぐろーばりずむ	全球主义
グローバル化	ぐろーばるか	全球化
グローブ	ぐろーぶ	手套（尤指运动用）
軍医	ぐんい	军医
軍拡	ぐんかく	扩军；军备扩张
軍機	ぐんき	军事机密；军用飞机
軍港	ぐんこう	军港
軍国主義	ぐんこくしゅぎ	军国主义
軍縮	ぐんしゅく	裁军；裁减军备
軍需	ぐんじゅ	军需
軍人	ぐんじん	军人
軍政	ぐんせい	军政；军事管制
群像	ぐんぞう	群像
軍属	ぐんぞく	军中文职人员
軍団	ぐんだん	军团
群島	ぐんとう	群岛
軍配	ぐんばい	（相扑裁判用）团扇；指挥；裁定
軍兵	ぐんぴょう	军队；士兵
軍部	ぐんぶ	军部；军方
郡部	ぐんぶ	郡（农村）地区
軍用	ぐんよう	军用
グー	ぐー	（石头剪刀布之）石头；不错
グール	ぐーる	食尸鬼
家	け	（接尾）家；家族
ケア	けあ	护理；照顾；关怀
系	けい	系统；系；谱系
軽	けい	（前缀）轻型（如轻型车）
軽音楽	けいおんがく	轻音乐
計画的	けいかくてき	有计划的
景観	けいかん	景观；风景
経企庁	けいきちょう	经济企划厅（日本旧机构）
経験者	けいけんしゃ	有经验者
経験値	けいけんち	经验值
経験豊富	けいけんほうふ	经验丰富
軽工業	けいこうぎょう	轻工业
渓谷	けいこく	溪谷；峡谷
警護	けいご	警卫；护卫
警察庁	けいさつちょう	警察厅
経済界	けいざいかい	经济界；商界
経済学	けいざいがく	经济学
経済企画庁	けいざいきかくちょう	经济企划厅
経済研究所	けいざいけんきゅうじょ	经济研究所
経済成長率	けいざいせいちょうりつ	经济增长率
経済封鎖	けいざいふうさ	经济封锁
警視	けいし	警视（日本警察官阶）
形式的	けいしきてき	形式上的
警視庁	けいしちょう	警视厅（东京警察机关）
慶祝	けいしゅく	庆祝
敬称	けいしょう	敬称
景勝	けいしょう	名胜；风景优美之地
警鐘	けいしょう	警钟
軽食	けいしょく	便餐；小吃
軽震	けいしん	轻微地震
啓示	けいじ	启示（神谕）
慶事	けいじ	喜事
刑事事件	けいじじけん	刑事案件
刑事責任	けいじせきにん	刑事责任
計上	けいじょう	列入（预算/账目）；计入
経常	けいじょう	经常性的；日常的
経常利益	けいじょうりえき	经常利润；营业利润
系図	けいず	家谱；系谱
形跡	けいせき	痕迹；迹象
係争	けいそう	争讼；争议
計測	けいそく	测量；计测
継続的	けいぞくてき	持续性的
携帯ストラップ	けいたいすとらっぷ	手机挂绳
境内	けいだい	（神社寺院的）境内；院内
傾注	けいちゅう	倾注；专注投入
傾聴	けいちょう	倾听；聆听
慶弔	けいちょう	婚丧喜庆
警笛	けいてき	警笛
傾倒	けいとう	倾心；倾倒；醉心于
継投	けいとう	（棒球）接替投球
軽薄	けいはく	轻浮；浅薄
京阪	けいはん	京阪（京都大阪地区）
競馬場	けいばじょう	赛马场
系譜	けいふ	系谱；家谱
警報	けいほう	警报
警報器	けいほうき	警报器
軽妙	けいみょう	轻快巧妙；诙谐风趣
啓蒙	けいもう	启蒙
契約書	けいやくしょ	契约书；合同
軽油	けいゆ	柴油；轻油
形容	けいよう	形容；描述
掲揚	けいよう	升（旗）；悬挂
鶏卵	けいらん	鸡蛋
渓流	けいりゅう	溪流
計量	けいりょう	计量；测量
競輪	けいりん	竞轮（自行车竞速赛）
敬老	けいろう	敬老
消印	けしいん	邮戳
けじめ	けじめ	界限；分寸
削り節	けずりぶし	鲣鱼干刨花（柴鱼片）
ケチャップ	けちゃっぷ	番茄酱
決起	けっき	奋起；起而行动
血痕	けっこん	血迹
結婚相手	けっこんあいて	结婚对象
決済方法	けっさいほうほう	支付方式；结算方式
結社	けっしゃ	社团；结社
結集	けっしゅう	集结；汇聚
傑出	けっしゅつ	杰出；出众
決勝戦	けっしょうせん	决赛
決勝点	けっしょうてん	决胜分；终点线
決勝トーナメント	けっしょうとーなめんと	淘汰赛；决赛圈
決する	けっする	决定；决意
決戦	けっせん	决战
決選投票	けっせんとうひょう	决选投票；最终投票
結託	けったく	勾结；串通
決定的	けっていてき	决定性的
結党	けっとう	组党；建党
血糖	けっとう	血糖
潔白	けっぱく	清白
潔癖	けっぺき	洁癖；廉洁正直
欠員	けついん	空缺；缺员
血液検査	けつえきけんさ	血液检查
血縁	けつえん	血缘
欠場	けつじょう	缺席比赛
決別	けつべつ	决裂；诀别
結末	けつまつ	结局
血友病	けつゆうびょう	血友病
決裂	けつれつ	决裂
健気	けなげ	坚强懂事；令人钦佩
ケベック	けべっく	魁北克
ケミカル	けみかる	化学的；化学（合成）的
毛虫	けむし	毛毛虫
ケルン	けるん	科隆（德国城市）
けれど; けれども	けれど; けれども	但是；虽然
ケロイド	けろいど	瘢痕疙瘩；蟹足肿
兼	けん	兼；兼任
剣	けん	剑
権	けん	权；权利
険悪	けんあく	险恶；剑拔弩张
懸案	けんあん	悬而未决的问题；悬案
県営	けんえい	县营；（日本）县政府经营的
検疫	けんえき	检疫
検閲	けんえつ	审查；检阅
犬猿の仲	けんえんのなか	水火不容；势不两立
嫌悪	けんお	厌恶
嫌悪感	けんおかん	厌恶感
県下	けんか	县（日本都道府县）辖区内
献花	けんか	献花
県会	けんかい	县议会
圏外	けんがい	范围之外；（信号）无服务区
県外	けんがい	县外
研究家	けんきゅうか	研究者
研究官	けんきゅうかん	研究官
研究結果	けんきゅうけっか	研究结果
検挙	けんきょ	逮捕；检举
嫌疑	けんぎ	嫌疑
建議	けんぎ	建议；提案
県議	けんぎ	县议员
県警	けんけい	县警察局
献血	けんけつ	献血
剣劇	けんげき	剑戟剧；武打戏
健康食品	けんこうしょくひん	健康食品
健康的	けんこうてき	健康的
健康保険	けんこうほけん	医疗保险
建国	けんこく	建国
堅固	けんご	坚固；牢固
検索	けんさく	检索；查询
検索条件	けんさくじょうけん	搜索条件
検察	けんさつ	检察
検察庁	けんさつちょう	检察厅
建材	けんざい	建材
剣士	けんし	剑客；剑手
検視	けんし	验尸；勘验
検出	けんしゅつ	检测；检出
憲章	けんしょう	宪章
検証	けんしょう	验证；查证
顕彰	けんしょう	表彰
検診	けんしん	体检；健康检查
健診	けんしん	健康检查
堅持	けんじ	坚持
検事正	けんじせい	首席检察官
拳銃	けんじゅう	手枪
献上	けんじょう	进献；献上
健常者	けんじょうしゃ	健全人；无残疾者
賢人	けんじん	贤人
懸垂	けんすい	引体向上；悬垂
憲政	けんせい	宪政
建設省	けんせつしょう	建设省（日本旧机构）
建設的	けんせつてき	建设性的
建造	けんぞう	建造
倦怠	けんたい	倦怠；疲乏
建築学	けんちくがく	建筑学
建築士	けんちくし	建筑师
建築物	けんちくぶつ	建筑物
県知事	けんちじ	县知事（日本都道府县长官）
堅調	けんちょう	（行情）坚挺；看好
検定	けんてい	检定；鉴定；认证考试
遣唐使	けんとうし	遣唐使
剣道	けんどう	剑道
県道	けんどう	县道
圏内	けんない	范围之内
県内	けんない	县内
兼任	けんにん	兼任
鍵盤	けんばん	键盘
見物人	けんぶつにん	观众；游客
絹布	けんぷ	绢布；丝绸
賢母	けんぼ	贤母
健保	けんぽ	医疗保险（健康保险的简称）
研磨	けんま	研磨；磨练
県民	けんみん	县民
兼務	けんむ	兼职；兼任
検問	けんもん	检查；盘查
県立	けんりつ	县立
ケーオー	けーおー	击倒；KO
ケージ	けーじ	笼子
ケーススタディ	けーすすたでぃ	案例研究
ケースワーカー	けーすわーかー	社会福利工作者
ケーソン工法	けーそんこうほう	沉箱工法
ケープ	けーぷ	披肩；斗篷
ゲイ	げい	男同性恋
迎撃	げいげき	迎击；拦截
迎合	げいごう	迎合
芸者	げいしゃ	艺伎
芸術院	げいじゅついん	艺术院
芸術家	げいじゅつか	艺术家
芸術祭	げいじゅつさい	艺术节
鯨肉	げいにく	鲸肉
芸人	げいにん	艺人；表演者
迎賓館	げいひんかん	迎宾馆
芸名	げいめい	艺名
ゲイリブ	げいりぶ	同性恋解放运动
ゲイン	げいん	增益
下界	げかい	下界；人间
外科医	げかい	外科医生
劇画	げきが	剧画（写实风格漫画）
劇作	げきさく	剧本创作
激情	げきじょう	激情
激甚	げきじん	剧烈；严重
激戦	げきせん	激战
撃沈	げきちん	击沉
撃墜	げきつい	击落
激突	げきとつ	猛烈碰撞
激怒	げきど	大怒；震怒
激動	げきどう	剧烈动荡；巨变
激変	げきへん	剧变
劇薬	げきやく	剧毒药；烈性药
激流	げきりゅう	激流
激論	げきろん	激烈争论
下戸	げこ	不能喝酒的人
下山	げざん	下山
夏至	げし	夏至
ゲシュタポ	げしゅたぽ	盖世太保
下水道	げすいどう	下水道
月刊	げっかん	月刊
月間	げっかん	一个月内；月度（活动周期）
月経	げっけい	月经
月光	げっこう	月光
月産	げっさん	月产量
月収	げっしゅう	月收入
月食	げっしょく	月食
ゲットー	げっとー	犹太人隔离区；贫民窟
月額	げつがく	月额；每月金额
月内	げつない	月内；本月内
月面	げつめん	月面
月曜	げつよう	星期一
月例	げつれい	每月惯例的
解熱	げねつ	退烧
ゲノム	げのむ	基因组
ゲバリスタ	げばりすた	格瓦拉主义者
下野	げや	下野；下台
ゲリラ	げりら	游击队；游击战
ゲル	げる	凝胶
ゲルマン|日耳曼	げるまん	日耳曼（人、语言、文化）
ゲレンデ	げれんで	滑雪场
言	げん	言语；言论
原案	げんあん	原案；原方案
減員	げんいん	裁员；减员
幻影	げんえい	幻影；幻象
減益	げんえき	利润减少
原価	げんか	成本价
厳戒	げんかい	严加戒备
厳格	げんかく	严格；严厉
幻覚	げんかく	幻觉
減価償却	げんかしょうきゃく	折旧
原画	げんが	原画
弦楽	げんがく	弦乐
弦楽器	げんがっき	弦乐器
現況	げんきょう	现况
元凶	げんきょう	元凶；祸首
厳禁	げんきん	严禁
原義	げんぎ	本义；原义
現行犯	げんこうはん	现行犯；当场被捕
原稿用紙	げんこうようし	稿纸
原告	げんこく	原告
げんこつ|拳骨	げんこつ	拳头
元号	げんごう	（日本）年号
減産	げんさん	减产
原産地	げんさんち	原产地
原資	げんし	原始资金；本金
原子核	げんしかく	原子核
厳守	げんしゅ	严格遵守
減収	げんしゅう	收入减少
厳粛	げんしゅく	严肃；庄严
原色	げんしょく	原色
現職	げんしょく	现任；在职
原子力	げんしりょく	原子能；核能
原子炉	げんしろ	反应堆
源氏	げんじ	源氏（人名/氏族）
現実的	げんじつてき	现实的
現時点	げんじてん	现阶段；目前
現住所	げんじゅうしょ	现住址
原住民	げんじゅうみん	原住民
原人	げんじん	原始人
元帥	げんすい	元帅
原水爆	げんすいばく	原子弹和氢弹
原生	げんせい	原生；原始的
原潜	げんせん	核潜艇
源泉	げんせん	源泉；源头
減税	げんぜい	减税
減速	げんそく	减速
減反	げんたん	（水稻等）减种；减产
現代社会	げんだいしゃかい	现代社会
現代的	げんだいてき	现代的；有现代感的
現段階	げんだんかい	现阶段
言質	げんち	口实；承诺；把柄
限度額	げんどがく	限额；额度
厳罰	げんばつ	严惩
小言	こごと	唠叨；训斥
古参	こさん	老资格；资深
小皿	こざら	小碟子
枯死	こし	枯死
古紙	こし	废纸；旧纸
個室	こしつ	单人房间；单间
古書	こしょ	古书；旧书
呼称	こしょう	称呼；名称
湖沼	こしょう	湖泊沼泽
故事	こじ	故事；典故
誇示	こじ	炫耀；夸示
孤児院	こじいん	孤儿院
乞食	こじき	乞丐；乞讨
小島	こじま	小岛
古城	こじょう	古城
個人差	こじんさ	个体差异
個人的	こじんてき	个人的；私人的
湖水	こすい	湖水
戸数	こすう	户数
コスタリカ	こすたりか	哥斯达黎加
コスプレ	こすぷれ	角色扮演；cosplay
コスモ	こすも	宇宙；波斯菊
コスモス	こすもす	波斯菊
コスモポリタン	こすもぽりたん	四海为家者；世界主义者
個性的	こせいてき	有个性的；独特的
戸籍謄本	こせきとうほん	户籍誊本
こそ	こそ	正是；才是（强调助词）
小僧	こぞう	小和尚；小伙计；臭小子
固体	こたい	固体
誇大	こだい	夸大；夸张
国歌	こっか	国歌
黒海	こっかい	黑海
国会議員	こっかいぎいん	国会议员
国会議事堂	こっかいぎじどう	国会大厦
骨格	こっかく	骨骼；骨架
国家公務員	こっかこうむいん	国家公务员
国家試験	こっかしけん	国家考试；资格考试
コックス	こっくす	（赛艇）舵手
コックピット	こっくぴっと	驾驶舱
国慶節	こっけいせつ	国庆节
国権	こっけん	国权；国家主权
国庫	こっこ	国库
刻々	こっこく	时时刻刻；渐渐地
骨子	こっし	要点；骨干
凝った	こった	精致的；考究的
骨董	こっとう	古董
コツコツ	こつこつ	兢兢业业；坚持不懈地
骨髄	こつずい	骨髓
固定資産	こていしさん	固定资产
固定費	こていひ	固定费用
小手先	こてさき	小手段；肤浅的技巧
個展	こてん	个展；个人展览
古典的	こてんてき	古典的
コテージ	こてーじ	小别墅；乡间小屋
孤島	ことう	孤岛
ことがある|事がある	ことがある	有时会…；曾经…过
ことができる|ことが出来る	ことができる	能够…；可以…
ことがない|事がない	ことがない	从未…过；不曾…
ことにする|事にする	ことにする	决定…；就当作…
ことになる|事になる	ことになる	（结果）规定为…；将会…
ことによって|事によって	ことによって	根据…；通过…
ことにより|事により	ことにより	因…；通过…（方式）
ことによる|事による	ことによる	视情况而定；根据…而定
寿	ことぶき	贺喜；长寿；喜庆
断らず	ことわらず	未经许可；擅自
断り	ことわり	通知；拒绝；许可
小道具	こどうぐ	小道具；小工具
子供たち	こどもたち	孩子们
子供の頃	こどものころ	儿时；小时候
子供用	こどもよう	儿童用的
粉ミルク	こなみるく	奶粉
コニャック	こにゃっく	干邑白兰地
コニーデ	こにーで	层状火山
コネクション	こねくしょん	人脉关系；连接
子猫	こねこ	小猫
小ネタ	こねた	小段子；小笑料
このうち|この内	このうち	其中；在这些之中
近衛	このえ	近卫（军）
このため	このため	因此
このほか|この外	このほか	此外
好んで	このんで	喜好地；甘愿地
琥珀	こはく	琥珀
小幅	こはば	小幅度；窄幅
湖畔	こはん	湖畔
コバルト	こばると	钴（元素符号Co）
コバルトブルー	こばるとぶるー	钴蓝色
子羊	こひつじ	小羊；羔羊
小人	こびと	小矮人；侏儒
コピペ	こぴぺ	复制粘贴
コピーライト	こぴーらいと	版权
古風	こふう	古风；老派
古墳	こふん	古坟；古墓
鼓舞	こぶ	鼓舞；激励
こぶ|瘤	こぶ	肿块；瘤；包
拳	こぶし	拳头
小舟	こぶね	小船
コブラ	こぶら	眼镜蛇
古文	こぶん	古文；古典文献
戸別訪問	こべつほうもん	挨家挨户走访
コペルニクス	こぺるにくす	哥白尼
コマ	こま	彗发（彗星周围光晕）
駒	こま	（象棋、将棋）棋子；马驹
こま|独楽	こま	陀螺
細か	こまか	细小的；详细的；小气的
細かいこと	こまかいこと	琐事；细节
細かく	こまかく	细致地；详细地
鼓膜	こまく	鼓膜
細々	こまごま	详详细细地
困り果てる	こまりはてる	完全为难；一筹莫展
コマンド	こまんど	命令；指令
コミカル	こみかる	滑稽的
コミック	こみっく	漫画
コミックス	こみっくす	漫画（合订本）
コミッショナー	こみっしょなー	（体育联盟）专员；总裁
コミッション	こみっしょん	佣金；手续费
コミット	こみっと	承诺；参与投入
コミュニケ	こみゅにけ	公报
コミュニティ	こみゅにてぃ	社区；社群
ＣＯＭ	こむ	计算机输出缩微胶片系统
混む	こむ	拥挤；混杂
小結	こむすび	小结（相扑第四等级力士）
米倉	こめぐら	米仓
米粒	こめつぶ	米粒
コメディ	こめでぃ	喜剧
コメディアン	こめでぃあん	喜剧演员
コメンテーター	こめんてーたー	评论员
小文字	こもじ	小写字母
子守	こもり	看孩子；保姆
子守歌	こもりうた	摇篮曲
古文書	こもんじょ	古文书；古代文献
子役	こやく	童星；儿童角色
肥やし	こやし	肥料；粪肥
肥やす	こやす	施肥；使肥沃
小山	こやま	小山
今宵	こよい	今宵；今晚
古来	こらい	自古以来
コラボレーション	こらぼれーしょん	合作；联名
コラム	こらむ	专栏
コラムニスト	こらむにすと	专栏作家
コラージュ	こらーじゅ	拼贴画
コラール	こらーる	众赞歌（合唱曲）
コリア	こりあ	韩国；朝鲜
凝り性	こりしょう	好钻研的性格；执着于某事
コリー	こりー	柯利牧羊犬
コル	こる	（登山）鞍部
コルク	こるく	软木塞
これから先	これからさき	今后；从今往后
コレクター	これくたー	收藏家
これこそ|此れこそ	これこそ	这才是；正是这个
これで	これで	至此；就此
コレラ|虎列刺	これら	霍乱
これを機に	これをきに	借此机会；以此为契机
コロイド	ころいど	胶体
コロコロ	ころころ	滚动貌；咕噜咕噜；（笑声）清脆
殺し	ころし	杀害；凶手
コロシアム	ころしあむ	罗马斗兽场；大型体育馆
コロナ	ころな	日冕；新冠病毒
コロナウイルス	ころなういるす	冠状病毒
コロナ禍	ころなか	新冠疫情灾祸
コロニー	ころにー	殖民地；聚居地
衣	ころも	衣服；（炸物的）外皮
コロラド	ころらど	科罗拉多
コロン	ころん	冒号
コロンブスデー	ころんぶすでー	哥伦布日
声色	こわいろ	腔调；口吻；口技
声高	こわだか	大声的；高声的
懇意	こんい	情谊深厚；交好
婚姻	こんいん	婚姻
今夏	こんか	今年夏天
根幹	こんかん	根本；基础
懇願	こんがん	恳求；恳请
今期	こんき	本期；本届
今季	こんき	本赛季
困窮	こんきゅう	穷困；困窘
コングロマーチャント	こんぐろまーちゃんと	跨行业联营公司
根源	こんげん	根源
コンコース	こんこーす	（车站等的）大厅
コンゴ	こんご	刚果
コンサルタント	こんさるたんと	顾问
コンサルティング	こんさるてぃんぐ	咨询
今秋	こんしゅう	今年秋天
今週末	こんしゅうまつ	本周末
今春	こんしゅん	今年春天
コンシューマー	こんしゅーまー	消费者
懇親	こんしん	联谊；亲睦
今昔	こんじゃく	古今
公司	こんす	公司（中国的）
昏睡	こんすい	昏睡；昏迷
コンスタント	こんすたんと	稳定的；一贯的
混成	こんせい	混合组成
痕跡	こんせき	痕迹
懇切	こんせつ	恳切周到
混戦	こんせん	混战
コンセンサス	こんせんさす	共识
根絶	こんぜつ	根绝；彻底消灭
コンソーシアム	こんそーしあむ	联盟；财团
魂胆	こんたん	鬼胎；企图
コンダクター	こんだくたー	指挥；列车长
懇談	こんだん	恳谈；座谈
コンチェルト	こんちぇると	协奏曲
コンチネンタル	こんちねんたる	大陆的
コンテ	こんて	分镜脚本
コンテナ	こんてな	集装箱
コンテンポラリー	こんてんぽらりー	当代的，现代的
コンディション	こんでぃしょん	状态，状况；身体状况
コンデンサ	こんでんさ	电容器，冷凝器
コント	こんと	短篇故事；喜剧小品
コントラ	こんとら	反对，对立
コントラバス	こんとらばす	低音提琴，倍大提琴
コントローラー	こんとろーらー	控制器，手柄
コンドミニアム	こんどみにあむ	公寓式住宅
コンドル	こんどる	兀鹫，秃鹫；安第斯神鹫
コンドーム	こんどーむ	避孕套
今日的	こんにちてき	现代的，当今的
混入	こんにゅう	混入，掺入
今年度	こんねんど	本年度
コンバイン	こんばいん	联合收割机
コンバーター	こんばーたー	转换器
コンバート	こんばーと	转换，转位；（橄榄球）触地得分后的附加得分
コンパ	こんぱ	联谊会，聚会
コンパニオン	こんぱにおん	（展会）礼仪小姐，展场女郎
コンビ	こんび	搭档，组合
コンビナート	こんびなーと	（企业）联合企业，工业联合体
コンビニエンス	こんびにえんす	便利，方便
コンビネーション	こんびねーしょん	组合，搭配
コンピュータ; コンピューター	こんぴゅーた; こんぴゅーたー	电脑，计算机
コンピレーション	こんぴれーしょん	汇编，精选集
コンフィギュレーション	こんふぃぎゅれーしょん	配置，构造
昆布	こんぶ	海带，昆布
コンブリオ	こんぶりお	生气勃勃地（音乐术语）
コンプレッサー	こんぷれっさー	压缩机
コンベンション	こんべんしょん	大会，会议；惯例
コンベンションセンター	こんべんしょんせんたー	会议中心
コンペ	こんぺ	比赛，竞赛
コンペティション	こんぺてぃしょん	竞赛，比赛
コンボイ	こんぼい	车队，护航队
混紡	こんぼう	混纺
コンポ	こんぽ	组合音响
コンポスト	こんぽすと	堆肥
根本的	こんぽんてき	根本的，基本的
混迷	こんめい	混乱，混沌
婚約者	こんやくしゃ	未婚夫，未婚妻
建立	こんりゅう	建造（寺院、纪念碑等）
こんろ|焜炉	こんろ	炉灶，灶
懇話	こんわ	恳谈，畅谈
今～	こん～	本，这个（时间）
コーキング	こーきんぐ	填缝，勾缝
コークスクリュー	こーくすくりゅー	开塞钻，螺旋钻
コースター	こーすたー	（饮料）杯垫；过山车
コーチング	こーちんぐ	指导，教练
コーティング	こーてぃんぐ	涂层，镀膜
コーディネーター	こーでぃねーたー	协调员，统筹人
コーディネート	こーでぃねーと	协调，搭配（服装等）
コードレス	こーどれす	无绳的，无线的
コードレスホン	こーどれすほん	无绳电话
コーナリング	こーなりんぐ	（赛车等）转弯，过弯
コーヒーカップ	こーひーかっぷ	咖啡杯；（游乐设施）旋转茶杯
コーヒーショップ	こーひーしょっぷ	咖啡店
コープ	こーぷ	合作社
コーポ	こーぽ	公寓楼
コーポレーション	こーぽれーしょん	公司，法人团体
コーポレートアイデンティティー	こーぽれーとあいでんてぃてぃー	企业形象，CI
コーラン	こーらん	古兰经
コール	こーる	（电话）呼叫；喊叫；召唤
コールド	こーるど	冷的；冷烫
コールドゲーム	こーるどげーむ	（因雨等中止的）中断比赛
コーン	こーん	（冰淇淋）蛋卷筒；（扬声器）锥盆；（交通）锥形筒
コーンスターチ	こーんすたーち	玉米淀粉
小～	こ～	小～
ご|御	ご	（敬语前缀）贵，令；（敬语后缀）
語	ご	词，词语；语言
号	ごう	号，期；型号
合	ごう	合（容量单位，约180毫升）；合（面积单位，约0.33平方米）
壕	ごう	壕沟，堑壕
豪	ごう	澳大利亚
豪快	ごうかい	豪迈，豪爽
号外	ごうがい	号外
号泣	ごうきゅう	号啕大哭
合金	ごうきん	合金
豪傑	ごうけつ	豪杰，英雄
剛健	ごうけん	刚健，强健
合憲	ごうけん	合宪
号車	ごうしゃ	（列车）车厢号
合成繊維	ごうせいせんい	合成纤维
合成洗剤	ごうせいせんざい	合成洗涤剂
合繊	ごうせん	合成纤维（简称）
豪族	ごうぞく	豪族，地方望族
強奪	ごうだつ	抢夺，掠夺
合板	ごうはん	胶合板
合法	ごうほう	合法，合法的
合法的	ごうほうてき	合法的
拷問	ごうもん	拷问，刑讯
合理化	ごうりか	合理化
合理的	ごうりてき	合理的
合力	ごうりょく	合力；帮助，援助
号令	ごうれい	号令，口令
呉越同舟	ごえつどうしゅう	吴越同舟，宿敌同处一船
ご遠慮ください	ごえんりょください	请勿，敬请回避
互角	ごかく	不相上下，势均力敌
五感	ごかん	五感，五种感觉
互換	ごかん	互换，兼容
５月	ごがつ	五月
護岸	ごがん	护岸（堤）
語気	ごき	语气
ゴキブリ|蜚蠊	ごきぶり	蟑螂
ご協力	ごきょうりょく	（敬语）协助，合作
極	ごく	极，非常
極上	ごくじょう	极品，上等
獄中	ごくちゅう	狱中
極秘	ごくひ	绝密
護憲	ごけん	护宪
護国	ごこく	护国，保卫国家
後妻	ごさい	续弦，后妻
誤算	ごさん	误算，失算
ござ|茣蓙	ござ	草席，席子
ございます|御座います	ございます	（です的郑重体）是，有
越し	ごし	隔着，越过
ゴシック	ごしっく	哥特式（建筑等）；黑体，无衬线字体
ゴシップ	ごしっぷ	八卦，绯闻
ご主人様	ごしゅじんさま	老爷，主人；（尊称）丈夫
御所	ごしょ	（天皇、皇族的）皇居，御所
誤植	ごしょく	印刷错误，排字错误
誤字	ごじ	错字，别字
５０	ごじゅう	五十
五十三次	ごじゅうさんつぎ	东海道五十三驿站
互助	ごじょ	互助
ゴスペル	ごすぺる	福音（音乐）
互選	ごせん	互选
護送	ごそう	押送，护送
ご存知	ごぞんじ	（敬语）知道，晓得
五体	ごたい	全身，四肢百骸；汉字五种书体
ごちそうさまでした|ご馳走様でした	ごちそうさまでした	多谢款待，我吃饱了（饭后致谢语）
極寒	ごっかん	极寒，严寒
ゴッドファーザー	ごっどふぁーざー	教父
後手	ごて	（下棋等）后手，后发；落于人后
御殿	ごてん	宫殿，府邸
ごと|毎	ごと	每，各
如し	ごとし	如同，好似
ごとに|毎に	ごとに	每，每隔
誤認	ごにん	误认，误判
呉服	ごふく	和服布料，绸缎
五分	ごぶ	一半，五成
誤報	ごほう	误报，谎报
ご褒美	ごほうび	奖赏，奖励
御用邸	ごようてい	皇室别墅
ご了承ください	ごりょうしょうください	请谅解，敬请知悉
ゴリラ	ごりら	大猩猩
五輪	ごりん	奥运会；五环
ゴルジュ	ごるじゅ	峡谷
ゴルファー	ごるふぁー	高尔夫球手
ご連絡	ごれんらく	联系，联络
ゴロゴロ	ごろごろ	轰隆隆（雷声等）；咕噜咕噜（肚子叫）；无所事事地待着
ゴング	ごんぐ	锣，（拳击等的）开始铃
ゴンドラ	ごんどら	贡多拉（小船）；缆车厢，吊篮
ゴーカート	ごーかーと	卡丁车
ゴーグル	ごーぐる	护目镜，泳镜
ゴーサイン|ＧＯサイン	ごーさいん	（绿灯）许可，批准
ゴージャス	ごーじゃす	豪华的，奢华的
ゴースト	ごーすと	幽灵，鬼魂；（电视）重影
ゴーストタウン	ごーすとたうん	鬼城，废弃城镇
ゴールキーパー	ごーるきーぱー	守门员
ゴールデン	ごーるでん	金色的，黄金的
ゴールデンアワー	ごーるでんあわー	黄金时段
ゴールデンタイム	ごーるでんたいむ	黄金时段
ゴールド	ごーるど	金，黄金
ゴールライン	ごーるらいん	终点线
御～	ご～	敬语前缀，贵，令
さ	さ	（后缀，构成名词）…度，…性；（语气词）呀，嘛
債	さい	债，债务
再	さい	再，重新
歳	さい	岁（年龄量词）
才	さい	才能，才华
再演	さいえん	重演，再度上演
菜園	さいえん	菜园
最下	さいか	最下等，最劣
際会	さいかい	遭逢，遭遇
再開発	さいかいはつ	再开发，重新开发
再確認	さいかくにん	再次确认
再起	さいき	东山再起，重振
再起動	さいきどう	重启，重新启动
最強	さいきょう	最强
サイクロン	さいくろん	气旋，旋风
最恵国	さいけいこく	最惠国
債券	さいけん	债券
債権	さいけん	债权
再検討	さいけんとう	重新研究，重新探讨
際限	さいげん	限度，止境
再考	さいこう	重新考虑
最高級	さいこうきゅう	最高级，顶级
最高検	さいこうけん	最高检察厅
最高裁	さいこうさい	最高法院
最後尾	さいこうび	最后，末尾
最高峰	さいこうほう	最高峰；最高权威（人物）
再婚	さいこん	再婚
最後の舞台	さいごのぶたい	最后一场演出，告别舞台
妻子	さいし	妻儿，妻子和孩子
彩色	さいしき	着色，彩色
採取	さいしゅ	采集，采取
最終的	さいしゅうてき	最终的
歳出	さいしゅつ	（国家、团体的）年度支出
最少	さいしょう	最少，最小
宰相	さいしょう	宰相，首相
最小限	さいしょうげん	最小限度
菜食	さいしょく	素食
再審	さいしん	重审，再审
細心	さいしん	细心，谨慎
最新鋭	さいしんえい	最尖端的，最先进的
最新研究	さいしんけんきゅう	最新研究
最新情報	さいしんじょうほう	最新信息，最新消息
最新ニュース	さいしんにゅーす	最新新闻
最重点	さいじゅうてん	最重要的点
斎場	さいじょう	殡仪馆，葬礼场所
再スタート	さいすたーと	重新开始
最盛期	さいせいき	全盛期，鼎盛时期
砕石	さいせき	碎石
再選	さいせん	连任，再次当选
最先端	さいせんたん	最前沿，最尖端
最前線	さいぜんせん	最前线
最前列	さいぜんれつ	最前排
最多	さいた	最多
埼玉	さいたま	埼玉（地名）
最短	さいたん	最短
採炭	さいたん	采煤
祭壇	さいだん	祭坛
最長	さいちょう	最长，最年长
裁定	さいてい	裁定，裁决
最低限	さいていげん	最低限度
祭典	さいてん	庆典，祭典
サイト	さいと	网站
サイド	さいど	侧，方面
サイドカー	さいどかー	边斗摩托车
サイドビジネス	さいどびじねす	副业
歳入	さいにゅう	岁入，年度收入
再任	さいにん	连任，再度任命
再燃	さいねん	（问题等）再次燃起，重新激化
最年少	さいねんしょう	最年轻
再販	さいはん	转售，再销售
裁判官	さいばんかん	法官，审判员
裁判所	さいばんしょ	法院
細部	さいぶ	细节
細分	さいぶん	细分
再編	さいへん	重组，改编
細胞内	さいぼうない	细胞内的
催眠	さいみん	催眠
細目	さいもく	细目，详细条款
最優遇	さいゆうぐう	最优待遇
再来	さいらい	再度到来；再临（基督再临）
最良	さいりょう	最好的，最佳
裁量	さいりょう	裁量，斟酌处理
催涙	さいるい	催泪的
祭礼	さいれい	祭礼，庙会
サイレント	さいれんと	无声的；默片；不发音字母
サイロ	さいろ	青贮塔，筒仓
採録	さいろく	收录，记录
幸いです	さいわいです	如蒙…不胜感激；若能…那就太好了
サイン入り	さいんいり	带签名的，亲笔签名的
サイン会	さいんかい	签名会
再～	さい～	再～
最～	さい～	最～
サウジ	さうじ	沙特阿拉伯
サウスカロライナ	さうすかろらいな	南卡罗来纳（州）
サウスポー	さうすぽー	左撇子，左投左打选手
サウナ	さうな	桑拿
サウンド	さうんど	声音，音响
さえ	さえ	连…都；只要
さえあれば	さえあれば	只要有…（就行）
差益	さえき	差价利润
早乙女	さおとめ	插秧少女
境目	さかいめ	分界线，界线
逆しま	さかしま	颠倒的，相反的
酒店	さかだな	酒铺，酒品店
魚屋	さかなや	鱼店，鱼贩
坂道	さかみち	坡道
探し回る	さがしまわる	四处寻找
探し物	さがしもの	寻找的东西；找东西
下がり	さがり	下降，下垂
左記	さき	（写在文书左边或下方的）左记，下述
崎	さき	岬，海角
先駆け	さきがけ	先驱，先锋
先駆ける	さきがける	率先，先于（他人）
先頃	さきごろ	最近，前些日子
先立って	さきだって	在…之前；先前
先取り	さきどり	提前领取；领先，抢先
咲き乱れる	さきみだれる	盛开，百花齐放
先物	さきもの	期货
先安	さきやす	（行情）预期下跌
砂丘	さきゅう	沙丘
先行き	さきゆき	前景，未来
詐欺師	さぎし	骗子
作業環境	さぎょうかんきょう	工作环境
作柄	さくがら	收成情况，作品格调
酢酸	さくさん	醋酸
作詞	さくし	作词
搾取	さくしゅ	剥削，榨取
昨秋	さくしゅう	去年秋天
昨春	さくしゅん	去年春天
サクセス	さくせす	成功
サクソフォン	さくそふぉん	萨克斯管
作付け	さくづけ	播种，种植
作付面積	さくづけめんせき	种植面积
策定	さくてい	制定（计划、政策等）
搾乳	さくにゅう	挤奶
昨年度	さくねんど	上年度
昨年来	さくねんらい	自去年以来
作風	さくふう	作品风格
昨夜	さくや	昨晚
錯乱	さくらん	错乱，混乱
策略	さくりゃく	策略，计谋
炸裂	さくれつ	炸裂，爆裂
鮭	さけ	鲑鱼，大马哈鱼
裂け目	さけめ	裂缝，裂口
蔑む	さげすむ	蔑视，鄙视
鎖国	さこく	锁国
些細	ささい	琐碎的，微不足道的
査察	ささつ	视察，检查
サザンクロス	さざんくろす	南十字星
刺し	さし	刺；生鱼片
さしあたり|差し当たり	さしあたり	目前，暂且
挿絵	さしえ	插图
差し込む	さしこむ	插入，插上
刺し殺す	さしころす	刺死
指し示す	さししめす	指出，指示
差し止め	さしとめ	禁止，中止；禁令
差し控える	さしひかえる	克制，有所保留；暂缓
差し戻す	さしもどす	退回，发回
詐取	さしゅ	骗取，诈取
詐称	さしょう	冒称，虚报
サスペンション	さすぺんしょん	悬架，悬挂系统
サスペンス	さすぺんす	悬疑
授かる	さずかる	被授予；被赐予
させる	させる	使…做；让…做
左遷	させん	降职，左迁
誘い	さそい	邀请，招引；诱惑
誘い水	さそいみず	导火索，诱因
定か	さだか	确凿的，明确的
幸	さち	幸运；山珍海味（收获）
殺気	さっき	杀气
作況指数	さっきょうしすう	水稻收成指数
殺菌	さっきん	杀菌
サックス	さっくす	萨克斯
サッシ	さっし	（金属）窗框，滑窗框
冊子	さっし	册子，小册子
殺傷	さっしょう	杀伤
刷新	さっしん	革新，刷新
察知	さっち	察觉，觉察
殺虫剤	さっちゅうざい	杀虫剂
冊	さつ	册（书籍量词）
殺意	さつい	杀意，杀人念头
殺人事件	さつじんじけん	凶杀案
札束	さつたば	一沓钞票
さつまいも|さつま芋	さつまいも	红薯，甘薯
サテライト	さてらいと	卫星
サテン	さてん	缎子
サディスティック	さでぃすてぃっく	虐待狂式的，施虐的
里親	さとおや	养父母
里帰り	さとがえり	回娘家；回国省亲
里子	さとご	寄养的孩子；领养的宠物
悟り	さとり	领悟，觉悟；顿悟
サド	さど	施虐狂
サドル	さどる	车座，鞍座
サドンデス	さどんです	突然死亡制（延长赛）
サニタリー	さにたりー	卫生的；（厨房等的）盥洗区
左派	さは	左派
サハラ|撒哈拉	さはら	撒哈拉
サハラ砂漠	さはらさばく	撒哈拉沙漠
さば|鯖	さば	鲭鱼；（网络游戏）服务器
サバンナ	さばんな	热带草原
サパー	さぱー	晚餐
寂	さび	古雅，古朴之美
サファイア	さふぁいあ	蓝宝石
サファリ	さふぁり	游猎，狩猎旅行
サファリラリー	さふぁりらりー	萨非利拉力赛
サブ	さぶ	替补，备用
サブタイトル	さぶたいとる	副标题
サブマリン	さぶまりん	潜水艇
サプライ	さぷらい	供给，供应
サプライズ	さぷらいず	惊喜
サプライヤー	さぷらいやー	供应商
サプリ	さぷり	营养补充剂
砂防	さぼう	防沙，水土保持
サポーター	さぽーたー	护具（护腕等）；（体育）支持者，球迷
サマライズ	さまらいず	总结，概括
サマー	さまー	夏天
サマースクール	さまーすくーる	暑期学校
サミット	さみっと	峰会
サメ|鮫	さめ	鲨鱼
査問	さもん	查问，审查
左翼	さよく	左翼
さよなら	さよなら	再见，告别
サラウンド	さらうんど	环绕（音响）
晒す	さらす	曝晒，暴露；漂白
さらば|然らば	さらば	再见，告别；那么
サラブレッド	さらぶれっど	纯种马；名门出身的人
サラリー	さらりー	薪水，工资
サリン	さりん	沙林毒气
サリー	さりー	纱丽
申	さる	申（十二生肖之猴）；申时（约下午4点）；西南西
サルサ	さるさ	萨尔萨舞；萨尔萨辣酱
至福	しふく	至福，无上幸福
私服	しふく	便服，便装
市部	しぶ	市区
支部	しぶ	分部，支部
渋る	しぶる	不情愿，犹豫；不畅（排便等）
私文書	しぶんしょ	私人文书
シベリア|西比利亜	しべりあ	西伯利亚；（点心）西伯利亚蛋糕（豆沙夹蛋糕）
司法裁判	しほうさいばん	司法审判
資本家	しほんか	资本家
資本金	しほんきん	资本金，股本
資本主義	しほんしゅぎ	资本主义
思慕	しぼ	思慕，眷恋
死亡者	しぼうしゃ	死者，死亡人数
死亡率	しぼうりつ	死亡率
絞り	しぼり	绞染；（相机）光圈
絞り込む	しぼりこむ	挤出，拧干；缩小范围，筛选
しまう|仕舞う	しまう	收起，收拾；结束
島々	しまじま	（众多）岛屿
しまった|仕舞った	しまった	糟糕，哎呀
島根	しまね	岛根（县名）
シミュレーター	しみゅれーたー	模拟器
市民権	しみんけん	公民权，市民权
市民社会	しみんしゃかい	公民社会
シミーズ	しみーず	衬裙
締め	しめ	系紧，捆扎
指名手配	しめいてはい	通缉，通令缉拿
示し	しめし	示范，榜样；启示
締め出す	しめだす	关在门外，排斥在外
湿っぽい	しめっぽい	潮湿的；（气氛）郁闷的
締め付け	しめつけ	勒紧，捆紧；（限制的）压力
絞める	しめる	勒，掐；卡紧
紙面	しめん	版面，纸面
誌面	しめん	（杂志）版面
下期	しもき	下半期
下半期	しもはんき	下半年，下半期
霜降り	しもふり	（花纹）花白，雪花状；（牛肉）雪花纹；（食材）过沸水后冷水冲洗
指紋	しもん	指纹
諮問	しもん	咨询
舎	しゃ	舍，房屋，宿舍
シャイ	しゃい	害羞的，腼腆的
謝意	しゃい	谢意，歉意
社屋	しゃおく	公司大楼，办公楼
釈迦	しゃか	释迦牟尼
社会運動	しゃかいうんどう	社会运动
社会科	しゃかいか	社会科（学科）
社会学	しゃかいがく	社会学
社会教育	しゃかいきょういく	社会教育
社会資本	しゃかいしほん	社会资本，基础设施
社会主義	しゃかいしゅぎ	社会主义
社会事業	しゃかいじぎょう	社会公益事业
社会性	しゃかいせい	社会性
社会的	しゃかいてき	社会的
社会党	しゃかいとう	社会党
社会福祉	しゃかいふくし	社会福利
社会復帰	しゃかいふっき	重返社会，康复回归
社会保険	しゃかいほけん	社会保险
社会保険庁	しゃかいほけんちょう	社会保险厅
社会保障	しゃかいほしょう	社会保障
社会面	しゃかいめん	（报纸）社会新闻版
社会問題	しゃかいもんだい	社会问题
社外	しゃがい	公司外部
尺	しゃく	尺（长度单位，约30.3厘米）
石神	しゃくじん	石神，被供奉的石像
借地	しゃくち	租借地，租地
尺度	しゃくど	尺度，标准
尺八	しゃくはち	尺八（竹制乐器）
釈放	しゃくほう	释放
釈明	しゃくめい	辩明，解释
車検	しゃけん	车检
射撃	しゃげき	射击
社交的	しゃこうてき	善于交际的，社交的
社告	しゃこく	（公司）公告
社債	しゃさい	公司债券
射殺	しゃさつ	射杀
車種	しゃしゅ	车型，车种
写真家	しゃしんか	摄影师
写真撮影	しゃしんさつえい	摄影，拍照
車軸	しゃじく	车轴
射精	しゃせい	射精
車線	しゃせん	车道
車窓	しゃそう	车窗
社葬	しゃそう	公司葬礼
車体	しゃたい	车身
斜体	しゃたい	斜体
遮断機	しゃだんき	（道口）栏杆，闸门
遮断器	しゃだんき	断路器
社団法人	しゃだんほうじん	社团法人
車中	しゃちゅう	车内，车上
借款	しゃっかん	借款（多指国家间）
シャットアウト	しゃっとあうと	封锁，排除在外；完封
シャッポ	しゃっぽ	帽子
射程	しゃてい	射程
シャトル	しゃとる	羽毛球；班车，穿梭巴士；航天飞机
シャトルバス	しゃとるばす	班车，接驳巴士
シャトー	しゃとー	城堡，庄园
シャドー	しゃどー	影子
車内	しゃない	车内
シャフト	しゃふと	轴，杆；（高尔夫球杆的）杆身
しゃぶしゃぶ	しゃぶしゃぶ	涮涮锅
シャベル	しゃべる	铁锹
シャボン玉	しゃぼんだま	肥皂泡
社民党	しゃみんとう	社会民主党
社名	しゃめい	公司名称
赦免	しゃめん	赦免
斜陽	しゃよう	夕阳；（行业等）衰落
車両	しゃりょう	车辆
シャルマン	しゃるまん	迷人的，有魅力的
謝礼	しゃれい	酬谢，谢礼
シャン	しゃん	美丽的
シャンソン	しゃんそん	香颂（法国歌曲）
シャンティー	しゃんてぃー	尚蒂伊（花边）
シャンデリア	しゃんでりあ	枝形吊灯
シャンプー	しゃんぷー	洗发水；洗发
シャークスキン	しゃーくすきん	鲨鱼皮布料
シャーベット	しゃーべっと	果汁冰糕，雪芭
シャーマン	しゃーまん	萨满
シャーリング	しゃーりんぐ	碎褶（服装）
試薬	しやく	试剂
首位	しゅい	首位，第一名
主因	しゅいん	主要原因
朱印	しゅいん	朱印，红色印章
宗	しゅう	宗，教派
集	しゅう	集，集子
醜悪	しゅうあく	丑恶，丑陋
秀逸	しゅういつ	卓越，出众
衆院	しゅういん	众议院
集荷	しゅうか	集货，收货
週刊	しゅうかん	周刊
就学	しゅうがく	入学，就学
臭気	しゅうき	臭味，异味
秋季	しゅうき	秋季
週休	しゅうきゅう	每周休假
終局	しゅうきょく	终局，结局
祝儀	しゅうぎ	喜庆之事；贺礼，赏钱
修業	しゅうぎょう	学习，修习；进修
就航	しゅうこう	（船、飞机）开通航线，投入航行
秀才	しゅうさい	才子，优秀学生
秀作	しゅうさく	佳作，杰作
集散	しゅうさん	集散
修士課程	しゅうしかてい	硕士课程
終止符	しゅうしふ	句号，终止符
収拾	しゅうしゅう	收拾，控制（局面）
収縮	しゅうしゅく	收缩
就寝	しゅうしん	就寝，睡觉
終身	しゅうしん	终身，一生
醜女	しゅうじょ	丑女
囚人	しゅうじん	囚犯
州政府	しゅうせいふ	州政府
集積	しゅうせき	积聚，累积
終戦	しゅうせん	战争结束
宗祖	しゅうそ	（宗教）宗祖，创始人
醜態	しゅうたい	丑态，出丑
終着駅	しゅうちゃくえき	终点站
集中豪雨	しゅうちゅうごうう	局地暴雨
集中力	しゅうちゅうりょく	注意力，专注力
舟艇	しゅうてい	小船，艇
州都	しゅうと	州府，州首府
周到	しゅうとう	周到，周密
拾得	しゅうとく	拾得，捡到
姑	しゅうとめ	婆婆，岳母
修道	しゅうどう	修行，修道
修道院	しゅうどういん	修道院
週内	しゅうない	本周内
執念	しゅうねん	执念，固执
周年	しゅうねん	周年
収納	しゅうのう	收纳；（税款等）征收
宗派	しゅうは	宗派，教派
周波数	しゅうはすう	频率
終盤	しゅうばん	终局，收官阶段
集票	しゅうひょう	拉票，集票
修復	しゅうふく	修复
秋分	しゅうぶん	秋分
醜聞	しゅうぶん	丑闻
終末	しゅうまつ	终结，末尾
襲名	しゅうめい	继承（艺名、名号）
宗門	しゅうもん	宗门，教派
集約	しゅうやく	汇总，归纳
周遊	しゅうゆう	周游，环游
収用	しゅうよう	征用，征收
収容所	しゅうようじょ	收容所，拘留营
集落	しゅうらく	聚落，村落
収量	しゅうりょう	产量，收获量
修了	しゅうりょう	修完，结业
終了後	しゅうりょうご	结束后
修練	しゅうれん	修炼，训练
就労	しゅうろう	就业，工作
収録	しゅうろく	收录，录制
主幹	しゅかん	主编，主任
主管	しゅかん	主管
主眼	しゅがん	主旨，着眼点
シュガー	しゅがー	糖
手記	しゅき	手记，笔记
主義者	しゅぎしゃ	…主义者
珠玉	しゅぎょく	珠玉；（比喻）杰出的作品
宿駅	しゅくえき	驿站
縮尺	しゅくしゃく	缩尺，比例尺
祝辞	しゅくじ	祝辞，贺词
淑女	しゅくじょ	淑女
縮図	しゅくず	缩图；缩影
粛清	しゅくせい	肃清，清洗
宿敵	しゅくてき	宿敌
祝電	しゅくでん	贺电
淑徳	しゅくとく	妇德，妇道
祝杯	しゅくはい	祝酒杯，庆功酒
祝福	しゅくふく	祝福
殊勲	しゅくん	殊勋，突出功绩
主計	しゅけい	主计，会计
主計局	しゅけいきょく	主计局，预算局
趣向	しゅこう	构思，创意
主査	しゅさ	主审，主考
主宰	しゅさい	主宰，主持
珠算	しゅざん	珠算
種子	しゅし	种子
取捨	しゅしゃ	取舍
主将	しゅしょう	（队伍）主将，队长
殊勝	しゅしょう	令人钦佩的，可嘉的
主唱	しゅしょう	倡导，首倡
主審	しゅしん	主裁判
主治医	しゅじい	主治医生
主軸	しゅじく	主轴；核心，中坚
取水	しゅすい	取水
守勢	しゅせい	守势
主戦	しゅせん	主战
酒税	しゅぜい	酒税
主税局	しゅぜいきょく	税务局
種族	しゅぞく	种族，族群
主体的	しゅたいてき	主体的，主动的
主たる	しゅたる	主要的
手中	しゅちゅう	掌握之中
首長	しゅちょう	首长，首领
出火	しゅっか	失火，起火
出金	しゅっきん	支出，取款
出欠	しゅっけつ	出席与缺席
出向	しゅっこう	（临时）调派，借调
出港	しゅっこう	出港，启航
出所	しゅっしょ	出处，来源；出狱
出身者	しゅっしんしゃ	（某校、某地的）毕业生，出身者
出身地	しゅっしんち	籍贯，出生地
出征	しゅっせい	出征
出席者	しゅっせきしゃ	出席者
出走	しゅっそう	（赛马等）出赛
出来	しゅったい	发生；完成
出張所	しゅっちょうじょ	办事处，分处
出廷	しゅってい	出庭
出典	しゅってん	出处，引文来源
出展	しゅってん	展出，参展
出版物	しゅっぱんぶつ	出版物
出撃	しゅつげき	出击
出獄	しゅつごく	出狱
出陣	しゅつじん	出征，出战
出土	しゅつど	出土
出入	しゅつにゅう	出入，收支
出馬	しゅつば	出马（参选）；亲自出面
出没	しゅつぼつ	出没
出力	しゅつりょく	输出
出塁	しゅつるい	（棒球）上垒
種痘	しゅとう	种痘
取得	しゅとく	取得，获得
手動	しゅどう	手动
主導権	しゅどうけん	主导权
シュナップス	しゅなっぷす	烈酒（斯纳普斯）
首脳部	しゅのうぶ	领导层，高层
主犯	しゅはん	主犯
首班	しゅはん	首相，内阁首脑
主筆	しゅひつ	主笔，总编辑
首尾	しゅび	始末，头尾；结果，成效
シュプレヒコール	しゅぷれひこーる	（游行等的）齐声呼喊口号
種別	しゅべつ	分类
主砲	しゅほう	主炮；（棒球）主力强打者
首謀	しゅぼう	主谋
シュミットカメラ	しゅみっとかめら	施密特望远镜
種目	しゅもく	项目
腫瘍	しゅよう	肿瘤
主流	しゅりゅう	主流
狩猟	しゅりょう	狩猎
首領	しゅりょう	首领，头目
主力	しゅりょく	主力
種類豊富	しゅるいほうふ	种类丰富
シュルレアリスム	しゅるれありすむ	超现实主义
シュレッダー	しゅれっだー	碎纸机
手腕	しゅわん	手腕，本领
旬	しゅん	（食材）时令，当季；风行一时
俊英	しゅんえい	俊杰，英才
春夏秋冬	しゅんかしゅうとう	春夏秋冬，四季
春季	しゅんき	春季
瞬時	しゅんじ	瞬间，转瞬
春秋	しゅんじゅう	春秋；年岁
俊足	しゅんそく	快腿，飞毛腿
春闘	しゅんとう	春斗（春季劳资谈判）
春分	しゅんぶん	春分
シュークリーム	しゅーくりーむ	泡芙
シューズ	しゅーず	鞋
シュート	しゅーと	（球类）射门，投篮；（棒球）内曲球
シューベルト	しゅーべると	舒伯特
シュール	しゅーる	超现实的，怪诞的
雌雄	しゆう	雌雄；胜负，高下
諸	しょ	诸，各
書院	しょいん	书斋；出版社（字号）
署員	しょいん	（政府机关）工作人员
商	しょう	商（数学）；商，商人
症	しょう	…症
象	しょう	形，形状
将	しょう	将，将领
少	しょう	少，小
相	しょう	（政府部门）大臣
掌握	しょうあく	掌握
少尉	しょうい	少尉
勝因	しょういん	获胜原因
省エネルギー	しょうえねるぎー	节能
硝煙	しょうえん	硝烟
唱歌	しょうか	唱歌；（旧时学校）音乐课
商会	しょうかい	商行，公司
紹介者	しょうかいしゃ	介绍人
紹介文	しょうかいぶん	介绍文
消火器	しょうかき	灭火器
消化器	しょうかき	消化器官
昇格	しょうかく	升级，晋升地位
償還	しょうかん	偿还，还本
召喚	しょうかん	传唤；召唤
しょうが|生姜	しょうが	生姜
渉外	しょうがい	涉外，公关联络
生涯教育	しょうがいきょういく	终身教育
障害者	しょうがいしゃ	残障人士
小学	しょうがく	小学
少額	しょうがく	小额，少量
商学	しょうがく	商学
奨学	しょうがく	奖学，助学
小規模	しょうきぼ	小规模
償却	しょうきゃく	偿还；折旧
焼却	しょうきゃく	焚烧
昇級	しょうきゅう	升级
昇給	しょうきゅう	加薪
消極	しょうきょく	消极的
将棋倒し	しょうぎだおし	（像多米诺骨牌般）连锁倒下
将軍	しょうぐん	将军，幕府将军
証券	しょうけん	证券
商工	しょうこう	工商业
将校	しょうこう	（军队）军官
小康	しょうこう	（病情、局势）暂时稳定，小康
症候	しょうこう	症候
商工会議所	しょうこうかいぎしょ	商工会议所
症候群	しょうこうぐん	综合征
小国	しょうこく	小国
商魂	しょうこん	商业头脑，经商精神
称号	しょうごう	称号
少佐	しょうさ	少校
小差	しょうさ	微小差距
小冊子	しょうさっし	小册子
硝酸	しょうさん	硝酸
賞賛	しょうさん	赞赏，称赞
焼死	しょうし	烧死
傷者	しょうしゃ	伤者
勝者	しょうしゃ	胜者
照射	しょうしゃ	照射
召集	しょうしゅう	召集（议会等）；征召入伍
招集	しょうしゅう	召集
証書	しょうしょ	证书
詔書	しょうしょ	诏书
少将	しょうしょう	少将
商事	しょうじ	商事，商务
小銃	しょうじゅう	步枪
詳述	しょうじゅつ	详述
照準	しょうじゅん	瞄准
賞状	しょうじょう	奖状
精進	しょうじん	精进，专心修行；素食
少数意見	しょうすういけん	少数意见
招請	しょうせい	邀请，聘请
小説家	しょうせつか	小说家
商戦	しょうせん	商战
小選挙区	しょうせんきょく	小选区
勝訴	しょうそ	胜诉
焦燥	しょうそう	焦躁
消息筋	しょうそくすじ	消息人士
肖像	しょうぞう	肖像
招待	しょうたい	邀请
沼沢	しょうたく	沼泽
掌中	しょうちゅう	掌中，掌握之中
小中学生	しょうちゅうがくせい	中小学生
省庁	しょうちょう	（政府）省厅，各部委
象徴的	しょうちょうてき	象征性的
消灯	しょうとう	熄灯，关灯
小児	しょうに	小儿，幼儿
小児病	しょうにびょう	儿童病，幼儿疾病
鍾乳洞	しょうにゅうどう	钟乳洞
小人	しょうにん	儿童（票价等分类）
正念場	しょうねんば	关键时刻，紧要关头
賞牌	しょうはい	奖牌
賞罰	しょうばつ	奖惩
消費財	しょうひざい	消费品
商標	しょうひょう	商标
小品	しょうひん	小品（文学、艺术作品）
商品券	しょうひんけん	商品券，礼券
商品名	しょうひんめい	商品名，品牌名
娼婦	しょうふ	娼妓
承服	しょうふく	信服，接受
性分	しょうぶん	性情，天性
将兵	しょうへい	将士，官兵
障壁	しょうへき	障壁，隔阂
商法	しょうほう	经商之道；商法（法律）
詳報	しょうほう	详细报道
抄本	しょうほん	抄本，节录本
消防車	しょうぼうしゃ	消防车
消防庁	しょうぼうちょう	消防厅
商務	しょうむ	商务
証明書	しょうめいしょ	证明书
消滅	しょうめつ	消灭，消失
消耗品	しょうもうひん	消耗品
商用	しょうよう	商用，商务
将来性	しょうらいせい	发展前景
将来像	しょうらいぞう	未来蓝图
将来的	しょうらいてき	将来的，未来的
勝率	しょうりつ	胜率
省力	しょうりょく	省力
省令	しょうれい	省令，部令
症例	しょうれい	病例
鐘楼	しょうろう	钟楼
抄録	しょうろく	摘录，摘要
小惑星	しょうわくせい	小行星
省～	しょう～	省，节省～
初演	しょえん	首演，首场演出
初夏	しょか	初夏
書架	しょか	书架
書家	しょか	书法家
初回	しょかい	第一次，首回
所轄	しょかつ	管辖
所管	しょかん	主管
書簡	しょかん	书信
書記	しょき	书记，文书
書記官	しょきかん	秘书官
書記局	しょききょく	秘书处
初期費用	しょきひよう	初期费用，启动成本
初球	しょきゅう	（棒球）第一球
食	しょく	食物；食欲
植樹	しょくじゅ	植树
嘱託	しょくたく	委托；兼职人员
食肉	しょくにく	食用肉
職能	しょくのう	职能
触発	しょくはつ	触发，诱发
触媒	しょくばい	催化剂
食パン	しょくぱん	面包（方包）
食品添加物	しょくひんてんかぶつ	食品添加剂
植物園	しょくぶつえん	植物园
嘱望	しょくぼう	寄予厚望
食用	しょくよう	食用
食糧庁	しょくりょうちょう	粮食厅
植林	しょくりん	植树造林
職歴	しょくれき	工作经历
処遇	しょぐう	待遇，处置
処刑	しょけい	处刑，处决
所見	しょけん	见解，看法
諸国	しょこく	诸国，各国
所在地	しょざいち	所在地，地址
書誌学	しょしがく	书志学，目录学
書式	しょしき	格式，表格样式
初出	しょしゅつ	首次出现
初心	しょしん	初心
所信	しょしん	信念，见解
初心者向け	しょしんしゃむけ	适合初学者的
処女	しょじょ	处女；（未被开发的）处女（地）
緒戦	しょせん	开战初期，首战
初戦	しょせん	首场比赛
所蔵	しょぞう	收藏
書体	しょたい	字体
初代	しょだい	第一代
暑中	しょちゅう	盛夏
暑中見舞	しょちゅうみまい	暑期问候（信）
署長	しょちょう	（警察等）署长
触覚	しょっかく	触觉
食管法	しょっかんほう	粮食管理法
織機	しょっき	织机
ショッキング	しょっきんぐ	令人震惊的
職権	しょっけん	职权
ショット	しょっと	（照相、高尔夫等）一击，一杆
ショッピングカート	しょっぴんぐかーと	购物车
諸島	しょとう	群岛，列岛
所得税	しょとくぜい	所得税
初日	しょにち	第一天，首日
初任給	しょにんきゅう	起薪
初年	しょねん	第一年，初年
ショパン	しょぱん	肖邦
処方	しょほう	处方
書房	しょぼう	书房；书店（字号）
庶民的	しょみんてき	平民化的，大众化的
書名	しょめい	书名
所有権	しょゆうけん	所有权
所有者	しょゆうしゃ	所有者
所要	しょよう	所需，必要
ショルダーバッグ	しょるだーばっぐ	单肩包
初老	しょろう	初老，将近老年
ショーウィンドウ	しょーうぃんどう	橱窗
ショーケース	しょーけーす	展示柜
ショーツ	しょーつ	短裤；女式内裤
ショート	しょーと	短的；（棒球）游击手；短路
ショートカット	しょーとかっと	捷径；（电脑）快捷键
ショートステイ	しょーとすてい	短期照护，短期入住
ショートパンツ	しょーとぱんつ	短裤
ショール	しょーる	披肩
ショールーム	しょーるーむ	展示厅
初～	しょ～	初～
諸～	しょ～	诸～
使用者	しようしゃ	使用者；雇主
使用済み	しようずみ	用过的，已使用的
しようとする	しようとする	试图做，打算做
白樺	しらかば	白桦
白菊	しらぎく	白菊
知らないうちに	しらないうちに	不知不觉中
白羽	しらは	白羽毛
知らん顔	しらんかお	假装不知道，视若无睹
シリア|叙利亜	しりあ	叙利亚
シリアス	しりあす	严肃的，认真的
シリアル	しりある	连续的，串行的
シリウス	しりうす	天狼星
シリコン	しりこん	硅；硅胶
シリコーン	しりこーん	硅酮，硅胶
退く	しりぞく	后退，退下
市立	しりつ	市立
支流	しりゅう	支流
史料	しりょう	史料
試料	しりょう	样品，试样
飼料	しりょう	饲料
視力	しりょく	视力
シリンジ	しりんじ	注射器
シリンダー	しりんだー	气缸
シルエッター	しるえったー	剪影仪
シルエット	しるえっと	剪影，轮廓
シルクロード	しるくろーど	丝绸之路
司令	しれい	司令，指挥
司令官	しれいかん	司令官
司令部	しれいぶ	司令部
知れる	しれる	被知晓，为人所知
白色	しろいろ	白色
しろくま|白熊	しろくま	北极熊
白地	しろじ	白色底子，白底
シロップ	しろっぷ	糖浆
白バイ	しろばい	白色警用摩托车（骑警）
白星	しろぼし	白圆点；胜利标志
白身	しろみ	蛋清；白肉鱼
しわ (かおの～)	しわ (かおの～)	皱纹
仕業	しわざ	所作所为，勾当
師走	しわす	腊月，十二月
シン	しん	薄的；同…
新	しん	新
真	しん	真，真实
信	しん	信，诚信
心	しん	心，心灵；芯
親愛	しんあい	亲爱
真意	しんい	真意，本意
新鋭	しんえい	新锐，新兴且优秀的
親衛	しんえい	（君主的）近卫
真価	しんか	真正价值
深海	しんかい	深海
新株	しんかぶ	新股
新刊	しんかん	新刊，新书
神官	しんかん	神官，神道祭司
シンカー	しんかー	（棒球）沉球
心外	しんがい	意外，令人不快
新概念	しんがいねん	新概念
新顔	しんがお	新面孔，新人
神学	しんがく	神学
新型コロナウイルス感染症	しんがたころなういるすかんせんしょう	新冠肺炎
新学期	しんがっき	新学期
シンガポール|新嘉坡	しんがぽーる	新加坡
シンガー	しんがー	歌手
シンガーソングライター	しんがーそんぐらいたー	创作型歌手
新規	しんき	新，重新
新旧	しんきゅう	新旧
進級	しんきゅう	升级，升学
鍼灸	しんきゅう	针灸
心境	しんきょう	心境，心情
新曲	しんきょく	新曲
心筋	しんきん	心肌
信金	しんきん	信用金库
信義	しんぎ	信义
真偽	しんぎ	真伪
シンク	しんく	水槽
辛苦	しんく	辛苦，辛劳
シンクタンク	しんくたんく	智库
シンクロ	しんくろ	同步；花样游泳
シンクロナイズ	しんくろないず	同步化
寝具	しんぐ	寝具，床上用品
シングルス	しんぐるす	（网球等）单打；单身人士
進撃	しんげき	进击，进攻
新劇	しんげき	新剧（近代日本话剧运动）
侵攻	しんこう	侵攻，入侵
親交	しんこう	亲密交往，友好往来
進攻	しんこう	进攻
深刻化	しんこくか	日趋严重
新語	しんご	新词
信号機	しんごうき	信号灯，红绿灯
辛酸	しんさん	辛酸，苦难
真摯	しんし	真挚，诚恳
新式	しんしき	新式
紳士協定	しんしきょうてい	君子协定
寝室	しんしつ	卧室
新春	しんしゅん	新春
新書	しんしょ	新书（一种小开本丛书）
親書	しんしょ	（元首等的）亲笔信；手写信
辛勝	しんしょう	险胜
身障者	しんしょうしゃ	残障人士
新商品	しんしょうひん	新商品
実在	じつざい	实际存在
実情	じつじょう	实情，实际情况
実像	じつぞう	真实面貌，真实情况；（光学）实像
実弾	じつだん	实弹
実名	じつめい	真实姓名，实名
実利	じつり	实利；实际利益，实惠
実力行使	じつりょくこうし	诉诸武力，使用实力
実力派	じつりょくは	实力派
字詰め	じづめ	每行（页）字数
事典	じてん	辞典，百科事典
次点	じてん	次于第一名（的人），第二名，候补
自伝	じでん	自传
自動化	じどうか	自动化
自動車メーカー	じどうしゃめーかー	汽车制造商
自動的	じどうてき	自动的
自動販売機	じどうはんばいき	自动售货机
辞任	じにん	辞职，辞任
自任	じにん	自诩，自命，自居
地肌	じはだ	（土地）地表；素肌，本来肤色
自発	じはつ	自发
自発的	じはつてき	自发的，主动的
時半	じはん	……点半
自販	じはん	自动售货
ジハード	じはーど	圣战
磁場	じば	磁场；（引申）气场，氛围
ジパング	じぱんぐ	日本国（马可·波罗对日本的称呼）
慈悲	じひ	慈悲，怜悯
自費	じひ	自费
自筆	じひつ	亲笔（书写）
自負	じふ	自负，自信，自恃
ジブ	じぶ	（帆船的）三角帆
自分自身	じぶんじしん	自己本身
ジプシー	じぷしー	吉普赛人
自閉症	じへいしょう	自闭症
事変	じへん	事变，事故；变乱
時報	じほう	报时；新闻简报
自前	じまえ	自费，自理；自立经营
字幕	じまく	字幕
自民	じみん	自民党（简称）
自民党	じみんとう	自由民主党（日本）
ジム	じむ	健身房
事務員	じむいん	办事员，职员
事務官	じむかん	事务官，行政官员
事務局	じむきょく	事务局，秘书处
事務室	じむしつ	办公室
事務次官	じむじかん	事务次官（副部长级）
事務的	じむてき	事务性的；公事公办的
事務当局	じむとうきょく	主管部门
自明	じめい	不言自明，明显
自滅	じめつ	自我毁灭，自取灭亡
耳目	じもく	耳目；人们的注意，视听
自問	じもん	自问
じゃ; じゃあ	じゃ; じゃあ	那么，那样的话
ジャイアント	じゃいあんと	巨人（般）的，庞大的
ジャイロスコープ	じゃいろすこーぷ	陀螺仪
ジャカルタ	じゃかるた	雅加达（印尼首都）
じゃがいも|じゃが芋	じゃがいも	马铃薯，土豆
ジャガー	じゃがー	美洲豹，捷豹
弱者	じゃくしゃ	弱者
弱体	じゃくたい	体弱；（组织等）薄弱，衰弱
若年	じゃくねん	年轻，年少
ジャケット	じゃけっと	夹克；（书籍）护封；（唱片）封套
ＪＡＳ	じゃす	日本农林规格（JAS）
ジャスト	じゃすと	正好，恰好
ジャズメン	じゃずめん	爵士乐手
弱冠	じゃっかん	弱冠，年方……岁
ジャッキ	じゃっき	千斤顶
ジャック	じゃっく	（扑克）J；插孔，插座；劫持
ジャッジ	じゃっじ	裁判，裁决
邪道	じゃどう	邪道，歪门邪道
じゃ無い	じゃない	不是
じゃないか|じゃ無いか	じゃないか	不是吗；……吧，……好吗
蛇の目	じゃのめ	蛇眼纹（同心圆图案）；蛇眼伞
ジャパニーズ	じゃぱにーず	日本（人、语、式）的
ジャパン	じゃぱん	日本
ジャパンカップ	じゃぱんかっぷ	日本杯（赛马赛事）
ジャブ	じゃぶ	（拳击）刺拳
じゃぶじゃぶ	じゃぶじゃぶ	哗啦哗啦（拍水声）；（做事）大手大脚
ジャポニカ	じゃぽにか	日本茶花；粳稻（品种）
ジャマイカ|牙買加	じゃまいか	牙买加
ジャンキー	じゃんきー	瘾君子，毒品成瘾者；……迷，……狂
ジャンクション	じゃんくしょん	（道路）交叉枢纽，立交
ジャングル	じゃんぐる	丛林；（音乐）丛林舞曲
ジャー	じゃー	保温瓶（罐）；电饭煲
ジャーク	じゃーく	（举重）挺举
ジャージー	じゃーじー	针织运动衫，球衣；运动套装
ジャーナリズム	じゃーなりずむ	新闻业，新闻事业
ジャーナル	じゃーなる	期刊，杂志；日志
中	じゅう	整个……之中，……期间
重圧	じゅうあつ	重压
獣医	じゅうい	兽医
十一	じゅういち	十一，11
１１月	じゅういちがつ	十一月
１１日	じゅういちにち	十一日
縦横	じゅうおう	纵横
十億	じゅうおく	十亿
重加算税	じゅうかさんぜい	重加算税（罚款性附加税）
１０月	じゅうがつ	十月
銃器	じゅうき	枪械，火器
十九	じゅうきゅう	十九，19
１９日	じゅうくにち	十九日
従軍	じゅうぐん	随军，从军
銃撃	じゅうげき	枪击，射击
重工業	じゅうこうぎょう	重工业
十五	じゅうご	十五，15
１５日	じゅうごにち	十五日
銃殺	じゅうさつ	枪杀，枪决
十三	じゅうさん	十三，13
１３日	じゅうさんにち	十三日
十四	じゅうし	十四，14
１７日	じゅうしちにち	十七日
重症	じゅうしょう	重症
重傷	じゅうしょう	重伤
住職	じゅうしょく	（寺院）住持
重心	じゅうしん	重心
十字	じゅうじ	十字，十字形
十字架	じゅうじか	十字架
銃声	じゅうせい	枪声
重責	じゅうせき	重大责任
住専	じゅうせん	住宅贷款专营公司
重層	じゅうそう	多层，重叠
充足	じゅうそく	充足，满足
従属	じゅうぞく	从属，依附
住宅街	じゅうたくがい	住宅区
住宅地	じゅうたくち	住宅用地，住宅区
絨毯	じゅうたん	地毯
１０代	じゅうだい	十几岁，青少年时期
縦断	じゅうだん	纵贯；纵穿
銃弾	じゅうだん	枪弹，子弹
重鎮	じゅうちん	（界内）重镇，权威人物
充填	じゅうてん	填充，装填
重点的	じゅうてんてき	重点的，着重的
充当	じゅうとう	充当，拨充
重度	じゅうど	重度（的），严重（的）
十七	じゅうなな	十七，17
十二	じゅうに	十二，12
１２月	じゅうにがつ	十二月
１２日	じゅうににち	十二日
十二分	じゅうにぶん	十二分，十分充足
住人	じゅうにん	居民，住户
十八	じゅうはち	十八，18
１８日	じゅうはちにち	十八日
十八番	じゅうはちばん	拿手好戏，拿手绝活
重箱	じゅうばこ	多层食盒
重病	じゅうびょう	重病
充満	じゅうまん	充满，弥漫
１０万	じゅうまん	十万
住民税	じゅうみんぜい	居民税，市民税
住民票	じゅうみんひょう	居民登记证明
渋面	じゅうめん	皱眉苦脸，愁容
重油	じゅうゆ	重油
重要視	じゅうようし	重视
重要性	じゅうようせい	重要性
重要文化財	じゅうようぶんかざい	重要文化财产
１４日	じゅうよっか	十四日
十両	じゅうりょう	十两（相扑第二级别）
十六	じゅうろく	十六，16
１６日	じゅうろくにち	十六日
重～	じゅう～	重……（前缀）
受益	じゅえき	受益
ジュエリー	じゅえりー	珠宝，首饰
儒学	じゅがく	儒学
需給	じゅきゅう	供求，供需
受給	じゅきゅう	领取（津贴、养老金等）
儒教	じゅきょう	儒教
授業参観	じゅぎょうさんかん	家长开放日（听课观摩）
授業中	じゅぎょうちゅう	上课中
熟睡	じゅくすい	熟睡，酣睡
塾生	じゅくせい	补习班学生
塾長	じゅくちょう	补习班班主任，私塾塾长
熟練	じゅくれん	熟练，精通
受刑	じゅけい	服刑，受刑
受講	じゅこう	听课，上课
ジュゴン|儒艮	じゅごん	儒艮，海牛
樹脂	じゅし	树脂
授賞	じゅしょう	授奖
受章	じゅしょう	受勋，获得勋章
授賞式	じゅしょうしき	颁奖仪式
受信機	じゅしんき	接收机
授受	じゅじゅ	授受，交接
数珠	じゅず	念珠
受精	じゅせい	受精
受精卵	じゅせいらん	受精卵
受像	じゅぞう	（电视）接收图像
受胎	じゅたい	受孕
受託	じゅたく	受托，受委托
受諾	じゅだく	接受，承诺
述懐	じゅっかい	倾诉（感想、回忆等）
術	じゅつ	术，技艺；方法，手段
術語	じゅつご	术语
術後	じゅつご	术后
受動	じゅどう	被动
受動的	じゅどうてき	被动的
受難	じゅなん	受难
ジュニア	じゅにあ	少年，青少年（的）
ジュネーブ|寿府	じゅねーぶ	日内瓦
ジュビリー	じゅびりー	周年纪念
ジュラルミン	じゅらるみん	硬铝，杜拉铝
受理	じゅり	受理
受領	じゅりょう	收领，收讫
ジュリー	じゅりー	陪审团
樹齢	じゅれい	树龄
旬	じゅん	旬（十天）；十年
準	じゅん	准，半……
純	じゅん	纯真，纯洁；纯（的）
順位	じゅんい	顺位，名次
純益	じゅんえき	纯利，净利润
巡回	じゅんかい	巡回，巡视
潤滑油	じゅんかつゆ	润滑油；（引申）润滑剂，调和剂
循環器	じゅんかんき	循环器官
準拠	じゅんきょ	依据，依照
純金	じゅんきん	纯金
巡業	じゅんぎょう	巡回演出（比赛）
準決勝	じゅんけっしょう	半决赛
巡航	じゅんこう	巡航
巡視	じゅんし	巡视
遵守	じゅんしゅ	遵守
殉職	じゅんしょく	殉职
潤色	じゅんしょく	润色，修饰
順次	じゅんじ	依次，按顺序
準ずる	じゅんずる	以……为准；比照，参照
順当	じゅんとう	理所当然，顺理成章
純度	じゅんど	纯度
殉難	じゅんなん	殉难
順に	じゅんに	依次，按顺序
純文学	じゅんぶんがく	纯文学
巡礼	じゅんれい	朝圣，巡礼
順路	じゅんろ	（规定的）路线，参观路线
ジュークボックス	じゅーくぼっくす	自动点唱机
ジュール	じゅーる	焦耳
ジューンブライド	じゅーんぶらいど	六月新娘
事由	じゆう	缘由，原因
自由化	じゆうか	自由化
自由形	じゆうがた	（游泳等）自由式
自由経済	じゆうけいざい	自由经济
自由主義	じゆうしゅぎ	自由主义
ジョイ	じょい	欢乐，喜悦
女医	じょい	女医生
ジョイント	じょいんと	接头，连接
嬢	じょう	小姐（未婚女子敬称）
状	じょう	形状，样子；信函，状
畳	じょう	（计量单位）张，铺（榻榻米）
錠	じょう	锁；片，粒（药片）
乗員	じょういん	乘务人员，机组成员
上院	じょういん	上议院，参议院
上越	じょうえつ	上越地区（日本海沿岸，含新潟一带）
城郭	じょうかく	城郭，城墙
浄化槽	じょうかそう	净化槽，化粪池
情感	じょうかん	情感
場外	じょうがい	场外
上記	じょうき	上述，上列
常軌	じょうき	常规，正轨
状況報告	じょうきょうほうこく	情况报告，进展报告
常勤	じょうきん	专职，全职
情景	じょうけい	情景，景象
条件付き	じょうけんつき	附带条件的，有条件的
上限	じょうげん	上限
上皇	じょうこう	太上皇，上皇
乗降	じょうこう	上下车（船等）
条項	じょうこう	条款，条文
常識的	じょうしきてき	通常，符合常理的
乗車券	じょうしゃけん	乘车券，车票
城主	じょうしゅ	城主
常習	じょうしゅう	惯常，惯习
上申	じょうしん	呈报，上报
常時	じょうじ	平时，经常
成就	じょうじゅ	成就，实现
上々	じょうじょう	上上，非常好
乗じる	じょうじる	乘（数学）；趁机，趁……之机
浄水	じょうすい	净水
乗ずる	じょうずる	乘（数学）；趁机，趁……之机
醸成	じょうせい	酝酿；酿造
常設	じょうせつ	常设，长期设置
上層	じょうそう	上层
醸造	じょうぞう	酿造
上体	じょうたい	上半身
常駐	じょうちゅう	常驻
上田	じょうでん	肥沃良田
譲渡	じょうと	转让，让渡
浄土	じょうど	净土（佛教）
浄土真宗	じょうどしんしゅう	净土真宗
場内	じょうない	场内，会场内
城内	じょうない	城内
常任	じょうにん	常任，常务
常任委員会	じょうにんいいんかい	常务委员会
上半身	じょうはんしん	上半身
乗馬	じょうば	骑马
上部	じょうぶ	上部
条文	じょうぶん	条文
上方	じょうほう	上方，上部
情報化社会	じょうほうかしゃかい	信息化社会
情報産業	じょうほうさんぎょう	信息产业
情報処理	じょうほうしょり	信息处理
情報部	じょうほうぶ	情报部
静脈	じょうみゃく	静脉
乗務員	じょうむいん	乘务员
縄文	じょうもん	绳纹（陶器纹样）；绳文时代
常用漢字	じょうようかんじ	常用汉字
乗用車	じょうようしゃ	轿车，乘用车
剰余金	じょうよきん	盈余，结余
条理	じょうり	条理，道理
上流	じょうりゅう	上游；上流（社会）
条例	じょうれい	条例
常連	じょうれん	常客，老主顾
助演	じょえん	助演，配角
女学校	じょがっこう	女子学校
除去	じょきょ	除去，去除
序曲	じょきょく	序曲
除菌	じょきん	除菌，杀菌
叙勲	じょくん	授勋
助産婦	じょさんぷ	助产士，接生婆
女子高	じょしこう	女子高中
女子高生	じょしこうせい	女高中生
女子大	じょしだい	女子大学
女児	じょじ	女婴，女童
叙事詩	じょじし	叙事诗
叙述	じょじゅつ	叙述
叙情	じょじょう	抒情
助成	じょせい	资助，扶植
女性的	じょせいてき	女性化的，柔美的
除籍	じょせき	除籍，除名
序説	じょせつ	绪论，导言
除草	じょそう	除草
女中	じょちゅう	女佣，女仆
ジョッキ	じょっき	大啤酒杯
序盤	じょばん	（棋局、比赛等）开局阶段
序文	じょぶん	序文，前言
序幕	じょまく	序幕，开场
除名	じょめい	除名，开除
助役	じょやく	助理，副职官员
女流	じょりゅう	女流，女性（作家、艺人等）
助力	じょりょく	帮助，协助
序列	じょれつ	序列，排名
ジョーカー	じょーかー	（扑克）大小王
女～	じょ～	女……（前缀）
滋養	じよう	滋养，营养
地雷	じらい	地雷；（引申）雷区，禁忌话题
ジラフ	じらふ	长颈鹿
自力	じりき	自力，自身努力
地力	じりき	自身实力，本身能力
自律神経	じりつしんけい	自主神经
時流	じりゅう	时代潮流
事例	じれい	事例，先例
辞令	じれい	人事任免通知；措辞，辞令
事例集	じれいしゅう	案例集
持論	じろん	一贯主张，惯常见解
ジワジワ	じわじわ	渐渐地，慢慢地
ジン	じん	杜松子酒
人	じん	……人（后缀）
仁	じん	仁，仁德
人為	じんい	人为
人為的	じんいてき	人为的
人員	じんいん	人员，人数
陣営	じんえい	阵营；军营
仁義	じんぎ	仁义；（黑道等）行规，礼数
ジンギスカン|成吉思汗	じんぎすかん	成吉思汗烤肉
ジンクス	じんくす	忌讳，惯常迷信说法
神宮	じんぐう	神宫（高级神社）
人権擁護	じんけんようご	维护人权
人工呼吸	じんこうこきゅう	人工呼吸
人工的	じんこうてき	人工的
人骨	じんこつ	人骨
人心	じんしん	人心
人事院	じんじいん	人事院
尋常	じんじょう	寻常，普通
人生観	じんせいかん	人生观
人選	じんせん	人选，选拔人才
腎臓	じんぞう	肾脏
陣地	じんち	阵地
陣中	じんちゅう	阵中，军中
陣痛	じんつう	阵痛
人的	じんてき	人的，人力上的
陣頭	じんとう	阵前，前线
人道	じんどう	人道；人行道
人道主義	じんどうしゅぎ	人道主义
人道的	じんどうてき	人道的
ジンバブエ	じんばぶえ	津巴布韦
人文	じんぶん	人文
人脈	じんみゃく	人脉
人民戦線	じんみんせんせん	人民阵线
人名	じんめい	人名
尋問	じんもん	讯问，盘问
陣容	じんよう	阵容
人力車	じんりきしゃ	人力车
人類学	じんるいがく	人类学
ジープ	じーぷ	吉普车
ジーン	じーん	基因
ＧＵＩ	じー・ゆー・あい	图形用户界面
素	す	本性，本色；素，原样
水位	すいい	水位
水域	すいいき	水域
水温	すいおん	水温
すいか|西瓜	すいか	西瓜
吸い殻	すいがら	烟蒂
水牛	すいぎゅう	水牛
水銀	すいぎん	水银，汞
推計	すいけい	估计，推算
水系	すいけい	水系
推敲	すいこう	推敲
吸い込む	すいこむ	吸入，吸进
水彩画	すいさいが	水彩画
水産業	すいさんぎょう	水产业
水産庁	すいさんちょう	水产厅
水産物	すいさんぶつ	水产品
水死	すいし	溺死
水車	すいしゃ	水车
推奨	すいしょう	推荐
水晶	すいしょう	水晶
推奨環境	すいしょうかんきょう	推荐系统环境（配置要求）
水深	すいしん	水深
衰弱	すいじゃく	衰弱
スイス|瑞西	すいす	瑞士
水星	すいせい	水星
彗星	すいせい	彗星
すいせん|水仙	すいせん	水仙
水族館	すいぞくかん	水族馆
水中	すいちゅう	水中
出納	すいとう	出纳，收支
水稲	すいとう	水稻
炊飯器	すいはんき	电饭煲
水爆	すいばく	氢弹
水泡	すいほう	水泡；（喻）泡影，落空
水墨画	すいぼくが	水墨画
スイマー	すいまー	游泳者
スイミングクラブ	すいみんぐくらぶ	游泳俱乐部
水溶性	すいようせい	水溶性
水利	すいり	水利
推理小説	すいりしょうせつ	推理小说
推量	すいりょう	推测，推想
水量	すいりょう	水量
水力	すいりょく	水力
水路	すいろ	水路，航道
推論	すいろん	推论
スイート	すいーと	甜的，甘美的；（气氛等）美好的
スイーパー	すいーぱー	扫地机；（足球）清道夫
ＳＷＩＦＴ	すうぃふと	环球银行金融电信协会（SWIFT）
スウェーデン|瑞典	すうぇーでん	瑞典
数億年	すうおくねん	数亿年
数回	すうかい	数次，几次
数ヶ月	すうかげつ	数月
数個	すうこ	数个
崇高	すうこう	崇高
数次	すうじ	数次
数時間	すうじかん	数小时
枢軸	すうじく	枢轴，核心
数十	すうじゅう	数十
数千	すうせん	数千
数人	すうにん	数人，几个人
数年	すうねん	数年
数年前	すうねんまえ	数年前
数百	すうひゃく	数百
数分	すうふん	数分钟
数万	すうまん	数万
数量	すうりょう	数量
据え置き	すえおき	暂缓，保留（不动）
末に	すえに	最后，终于
末広	すえひろ	（向末端）展开如扇；日渐兴旺；折扇
スカイ	すかい	天空
スカイライン	すかいらいん	天际线；观光山道
スカウト	すかうと	星探，（人才）猎头，球探
スカッシュ	すかっしゅ	壁球；果汁汽水
スカラシップ	すからしっぷ	奖学金
スカル	すかる	单人划艇，双桨小艇
スカンク	すかんく	臭鼬；（比赛中）完封
スカーレット	すかーれっと	绯红色，猩红色
素顔	すがお	素颜；（引申）真实面貌
清々しい	すがすがしい	清爽，爽快
すがる|縋る	すがる	依靠，依附；抓住不放
スキッパー	すきっぱー	（船、队）队长，领队
スキャナー	すきゃなー	扫描仪
スキャン	すきゃん	扫描
スキャンダラス	すきゃんだらす	丑闻性的，可耻的
スキューバ	すきゅーば	水肺潜水，潜水装备
スキン	すきん	皮肤；避孕套；（界面）皮肤，外观
スキンケア	すきんけあ	护肤
スキンシップ	すきんしっぷ	肌肤接触，亲密接触
スキーヤー	すきーやー	滑雪者
過ぎ	すぎ	过，超过；过度
スクイズ	すくいず	（棒球）强迫触击；（潜水）挤压伤
スクエア	すくえあ	正方形，方形；广场；一丝不苟的
少なからず	すくなからず	不少，相当多
スクラップ	すくらっぷ	废料，废铁；剪报
スクラム	すくらむ	（橄榄球）争球；（示威等）手挽手连成一线
スクランブル	すくらんぶる	（战机）紧急起飞；（信号）加扰
スクリプター	すくりぷたー	场记，剧本监督
スクリュー	すくりゅー	螺旋桨，螺丝
救われる	すくわれる	得救，被拯救
スクーター	すくーたー	小型摩托车
スクープ	すくーぷ	（新闻）独家报道，特讯
すぐさま|直ぐさま	すぐさま	立刻，马上
すぐそば|すぐ側	すぐそば	紧挨着，近旁
スケッチ	すけっち	素描，速写
スケッチブック	すけっちぶっく	速写本
助っ人	すけっと	帮手，助手
スケーター	すけーたー	滑冰者
スケーティング	すけーてぃんぐ	滑冰
スケートリンク	すけーとりんく	溜冰场
スケープゴート	すけーぷごーと	替罪羊
すげ|菅	すげ	莎草（植物）
すげー	すげー	（俗）厉害，牛，太棒了
スコア	すこあ	比分，得分
スコアボード	すこあぼーど	记分牌
少しずつ	すこしずつ	一点一点地，逐渐
スコッチ	すこっち	苏格兰威士忌
スコップ	すこっぷ	铁锹，铲子
スコーカー	すこーかー	中音扬声器
スコープ	すこーぷ	范围，视野；瞄准镜
スコール	すこーる	（热带）骤雨，飑
筋書き	すじがき	（剧、书的）情节梗概
筋違い	すじちがい	（肌肉）扭伤，抽筋；道理不通
勧め	すすめ	劝告，建议
すず|錫	すず	锡
スタイミー	すたいみー	（高尔夫）障碍球（球与洞间有障碍物）
スタイリスト	すたいりすと	造型师
スタイリング	すたいりんぐ	造型，样式设计
スタブ	すたぶ	存根（票据、程序）
スタメン	すためん	首发阵容，首发球员
スタン	すたん	击晕，眩晕
スタンガン	すたんがん	电击枪
スタンス	すたんす	立场，态度；（体育）站姿
スタンダード	すたんだーど	标准的，规范的
スタンフォード	すたんふぉーど	斯坦福
スタンプ	すたんぷ	图章，印章；（聊天软件）表情贴图
スターズアンドストライプス	すたーずあんどすとらいぷす	星条旗（美国国旗）；《星条旗报》
スターター	すたーたー	发令员；首发球员；启动装置
スタートライン	すたーとらいん	起跑线，起点
スターリングエンジン	すたーりんぐえんじん	斯特林发动机
スチール	すちーる	钢铁
すっごい	すっごい	（口语）非常，太……了
すっぽり	すっぽり	完全套住（覆盖）；恰好合身
スティック	すてぃっく	棍，棒
スティンガー	すてぃんがー	刺针（导弹名）；（鸡尾酒）史丁格
捨て子	すてご	弃儿
ステッカー	すてっかー	贴纸
ステッキ	すてっき	手杖，拐杖
ステップ	すてっぷ	台阶，踏板；步骤，阶段
ステルス	すてるす	隐形，隐身
ステロイド	すてろいど	类固醇
ステンドグラス	すてんどぐらす	彩色玻璃
ステータス	すてーたす	地位，状态
ステート	すてーと	州，国家
ステートアマ	すてーとあま	州立业余运动员（政府资助培养）
ステートメント	すてーとめんと	声明；账单
ストア	すとあ	商店；（数据）存储
ストイチズム	すといちずむ	斯多葛主义
ストイック	すといっく	禁欲的，克己的
ストックホルム|士篤恒	すとっくほるむ	斯德哥尔摩
ストッパー	すとっぱー	挡块，制动器；（棒球）终结投手
ストップウォッチ	すとっぷうぉっち	秒表
ストライカー	すとらいかー	（足球）前锋，射手
ストライク	すとらいく	（棒球、保龄球）好球，全中
ストライプ	すとらいぷ	条纹
ストリッパー	すとりっぱー	脱衣舞娘
ストリップ	すとりっぷ	脱衣舞
ストリーカー	すとりーかー	裸奔者
ストリート	すとりーと	街道
ストレッチ	すとれっち	弹力面料；伸展运动，拉伸
ストレート	すとれーと	直的，直接的；（棒球）直球
ストロベリー	すとろべりー	草莓
ストロンチウム	すとろんちうむ	锶
ストローク	すとろーく	划水（游泳）；击球动作；行程（引擎）
ストーム	すとーむ	暴风雨
ストーリー	すとーりー	故事，情节
ストール	すとーる	披肩
ストーンウォッシュ	すとーんうぉっしゅ	石磨洗（牛仔布工艺）
スナッチ	すなっち	（举重）抓举
スナップ	すなっぷ	（运动中的）手腕爆发力；快照；子母扣
砂時計	すなどけい	沙漏
砂浜	すなはま	沙滩
すね|脛	すね	小腿，胫
スネーク	すねーく	蛇
酢の物	すのもの	醋拌凉菜
スノー	すのー	雪
スノーボート	すのーぼーと	雪橇（塑料滑板）
スノーボード	すのーぼーど	单板滑雪
スパイ	すぱい	间谍，特务
スパイク	すぱいく	鞋钉，防滑钉；钉鞋
スパイラル	すぱいらる	螺旋（形）
スパゲティ	すぱげてぃ	意大利面
スパッツ	すぱっつ	紧身裤，绑腿
スパム	すぱむ	午餐肉罐头；垃圾邮件
スパン	すぱん	跨度，时间跨度
スパーク	すぱーく	火花，电火花
スパート	すぱーと	冲刺，加速
スパーリング	すぱーりんぐ	（拳击等）实战对练
スピア	すぴあ	长矛
スピリット	すぴりっと	精神，气魄
スピルリナ	すぴるりな	螺旋藻
スピン	すぴん	旋转，自转
スピーディー	すぴーでぃー	快速的，迅捷的
スピードアップ	すぴーどあっぷ	提速，加速
スピードウェイ	すぴーどうぇい	赛车场，赛道
スフィンクス|獅子女	すふぃんくす	斯芬克斯，狮身人面像
スプリット	すぷりっと	分割，拆分
スプリンクラー	すぷりんくらー	喷水灭火装置，洒水器
スプリンター	すぷりんたー	短跑运动员
スプリント	すぷりんと	短跑，冲刺
スプレー	すぷれー	喷雾，喷剂
すべき|す可き	すべき	应该……的
滑り台	すべりだい	滑梯
スペア	すぺあ	备用品，备件
スペイン語	すぺいんご	西班牙语
スペクタクル	すぺくたくる	壮观场面，大场面（的）
スペクトル	すぺくとる	光谱，频谱
スペシャリスト	すぺしゃりすと	专家，专业人士
スペル	すぺる	拼写
スペンサージャケット	すぺんさーじゃけっと	斯宾塞短外套
スペーシング	すぺーしんぐ	间距，间隔
スポット	すぽっと	地点，场所；（电视）插播广告
スポットライト	すぽっとらいと	聚光灯；（引申）关注焦点
スポンジケーキ	すぽんじけーき	海绵蛋糕
スポーク	すぽーく	（车轮）辐条
スポークスマン	すぽーくすまん	发言人
スポーツ新聞	すぽーつしんぶん	体育报纸
スポーツマン	すぽーつまん	运动员
スポーティ	すぽーてぃ	运动风格的
スマイル	すまいる	微笑
住まう	すまう	居住
すまし顔	すましがお	若无其事的表情，一本正经的样子
スマッシュ	すまっしゅ	（网球、排球等）扣杀
スマホ	すまほ	智能手机
炭	すみ	炭，木炭
澄み切る	すみきる	（水、天空等）澄澈，清澈
住み心地	すみごこち	居住的舒适感
隅々	すみずみ	各个角落
すみません|済みません	すみません	对不起，不好意思；劳驾
棲む	すむ	（动物）栖息，生存
相撲取り	すもうとり	相扑选手
スモーカー	すもーかー	吸烟者
すら	すら	连……都；甚至
スライス	すらいす	切片；（球类）削球，切球
スライダー	すらいだー	滑块；（棒球）滑球；滑梯
スライディング	すらいでぃんぐ	（棒球等）滑垒
スラスラ	すらすら	流畅地，顺利地
スラック	すらっく	松弛，（裤子）宽松裤
スラローム	すらろーむ	（滑雪）回转，障碍滑雪
スランプ	すらんぷ	低潮期，低谷
スリット	すりっと	开衩，缝隙
スリップ	すりっぷ	打滑，滑倒；（女式）衬裙
スリム	すりむ	苗条的，纤细的
スリラー	すりらー	惊悚片，惊悚小说
スリリング	すりりんぐ	惊心动魄的，惊险刺激的
スリーサイズ	すりーさいず	三围（胸腰臀尺寸）
為る	する	做，干
するべき	するべき	应该做的
スルー	するー	无视，跳过，放过
スレイブ	すれいぶ	从属设备；奴隶
すれば	すれば	如果那样的话
スレンダー	すれんだー	苗条的，纤细的
スレート	すれーと	石板瓦
スロット	すろっと	插槽；老虎机
スロバキア	すろばきあ	斯洛伐克
スロベニア	すろべにあ	斯洛文尼亚
スロー	すろー	缓慢的，慢动作
スロープ	すろーぷ	斜坡
スワップ	すわっぷ	交换；（内存）交换；换妻
スワヒリ語	すわひりご	斯瓦希里语
座り	すわり	坐；（物件）稳固度
座り込み	すわりこみ	静坐（抗议），静坐示威
スワン	すわん	天鹅
寸暇	すんか	片刻空闲
寸断	すんだん	切成碎段，撕碎
スーパースター	すーぱーすたー	超级巨星
スーパーチェーン	すーぱーちぇーん	连锁超市
スーパーバイザー	すーぱーばいざー	监督，主管
スーパーボウル	すーぱーぼうる	超级碗（美式橄榄球总决赛）
スーパーマン	すーぱーまん	超人
随意	ずいい	随意，任意
随員	ずいいん	随行人员
随所	ずいしょ	到处，处处
随時	ずいじ	随时
図解	ずかい	图解
図柄	ずがら	图案，花样
ずさん|杜撰	ずさん	草率，马虎，粗制滥造
図示	ずし	图示，用图表示
図式	ずしき	图式，图表
頭上	ずじょう	头上，头顶
ずつ|宛	ずつ	每……，各……
図版	ずはん	插图，图版
ズバリ	ずばり	一语中的，直截了当
ズーム	ずーむ	变焦，缩放
ズームレンズ	ずーむれんず	变焦镜头
瀬	せ	浅滩，激流处
制	せい	制度；……制
精	せい	精气，精神；精灵
製	せい	……制，……制造
制圧	せいあつ	压制，镇压，控制
成案	せいあん	定案，确定的方案
聖域	せいいき	圣域，圣地；（引申）不可触碰的领域
精一杯	せいいっぱい	竭尽全力
青雲	せいうん	青云，高远之志；高官显位
精鋭	せいえい	精锐
精液	せいえき	精液
西欧	せいおう	西欧
生家	せいか	出生的家，故居
青果	せいか	蔬菜和水果，青果
聖火	せいか	圣火，奥运圣火
政界	せいかい	政界
生化学	せいかがく	生物化学
生活費	せいかつひ	生活费
静観	せいかん	静观，冷眼旁观
生還	せいかん	生还；（棒球）跑回本垒得分
性感帯	せいかんたい	性感带
声楽	せいがく	声乐
請願	せいがん	请愿
世紀末	せいきまつ	世纪末
制球	せいきゅう	（棒球投手）控球
性急	せいきゅう	性急，急躁
請求権	せいきゅうけん	请求权，索赔权
逝去	せいきょ	逝世，去世
正教	せいきょう	东正教
生協	せいきょう	消费者生活合作社
政教	せいきょう	政教
性教育	せいきょういく	性教育
政局	せいきょく	政局
政経	せいけい	政治与经济
整形外科	せいけいげか	整形外科，骨科
政見	せいけん	政见
性交	せいこう	性交
性向	せいこう	性向，倾向
性行	せいこう	品行，为人
製鋼	せいこう	炼钢
生後	せいご	出生后
整合	せいごう	整合，协调
精彩	せいさい	精彩，光彩
製作費	せいさくひ	制作费
青酸	せいさん	氢氰酸
成算	せいさん	成功的把握
生産者	せいさんしゃ	生产者
生産性	せいさんせい	生产率
正座	せいざ	正坐（跪坐）
青山	せいざん	青山；坟墓，葬身之地
精子	せいし	精子
製紙	せいし	造纸
正式名称	せいしきめいしょう	正式名称
清酒	せいしゅ	清酒
静粛	せいしゅく	肃静，安静
斉唱	せいしょう	齐唱
生殖	せいしょく	生殖
聖職者	せいしょくしゃ	神职人员，牧师
清新	せいしん	清新
精神科	せいしんか	精神科
精神科医	せいしんかい	精神科医生
精神障害	せいしんしょうがい	精神障碍
精神的	せいしんてき	精神上的，心理上的
精神薄弱	せいしんはくじゃく	智力低下，弱智
政治的	せいじてき	政治性的
政治犯	せいじはん	政治犯
静寂	せいじゃく	寂静，静谧
政情	せいじょう	政局，政治形势
清浄	せいじょう	清净，洁净
星条旗	せいじょうき	星条旗（美国国旗）
政治力	せいじりょく	政治力量
聖人	せいじん	圣人
成人病	せいじんびょう	成人病（中老年常见慢性病）
盛衰	せいすい	盛衰，兴衰
製図	せいず	制图，绘图
生成	せいせい	生成，产生
精製	せいせい	精制，精炼
精選	せいせん	精选
聖戦	せいせん	圣战
生鮮	せいせん	新鲜（食品）
生前	せいぜん	生前
政争	せいそう	政争
成層圏	せいそうけん	平流层，同温层
正則	せいそく	正规的，规范的
生息	せいそく	栖息，生存
勢ぞろい	せいぞろい	全体到齐，齐聚一堂
生体	せいたい	生物体，活体
生態学	せいたいがく	生态学
生態系	せいたいけい	生态系统
請託	せいたく	请托，说情
生誕	せいたん	诞生
聖地	せいち	圣地
清澄	せいちょう	清澈，澄净
政庁	せいちょう	政厅，行政官署
精通	せいつう	精通，熟悉
性的	せいてき	性的
政敵	せいてき	政敌
製鉄所	せいてつじょ	炼铁厂
正統	せいとう	正统
製糖	せいとう	制糖
政党政治	せいとうせいじ	政党政治
正当防衛	せいとうぼうえい	正当防卫
精度	せいど	精度，精确度
聖堂	せいどう	（孔子）圣堂；教堂
青銅	せいどう	青铜
正道	せいどう	正道，正途
西独	せいどく	西德
西南	せいなん	西南
青年団	せいねんだん	青年团
制覇	せいは	称霸，夺冠
正反対	せいはんたい	截然相反，正相反
清貧	せいひん	清贫
性病	せいびょう	性病
西部	せいぶ	西部
静物	せいぶつ	静物
生物学	せいぶつがく	生物学
性癖	せいへき	癖性，习性
銑鉄	せんてつ	生铁
セント|仙	せんと	（货币单位）分，仙
遷都	せんと	迁都
戦闘機	せんとうき	战斗机
鮮度	せんど	新鲜度
先導	せんどう	引导，先导
扇動	せんどう	煽动
仙人	せんにん	仙人；不食人间烟火之人
専任	せんにん	专职，专任
選任	せんにん	选任，委任
栓抜き	せんぬき	开瓶器
洗脳	せんのう	洗脑
専売	せんばい	专卖，专营
選抜	せんばつ	选拔
先発	せんぱつ	先出发；先发（球员等）
洗髪	せんぱつ	洗头
先般	せんぱん	前些日子，日前
戦犯	せんぱん	战犯；（引申）导致失败的人
戦費	せんぴ	战争经费，军费
旋風	せんぷう	旋风；轰动
潜伏	せんぷく	潜伏
選別	せんべつ	筛选，挑选
戦没	せんぼつ	阵亡
戦法	せんぽう	战法，战术
鮮明	せんめい	鲜明
洗面器	せんめんき	洗脸盆
洗面所	せんめんじょ	洗手间，盥洗室
専門医	せんもんい	专科医生
専門学校	せんもんがっこう	专科学校
専門的	せんもんてき	专门的，专业的
占有	せんゆう	占有
戦友	せんゆう	战友
千里	せんり	千里，长距离
旋律	せんりつ	旋律
川柳	せんりゅう	川柳（诙谐俳句）
線量	せんりょう	（辐射）剂量
先例	せんれい	先例
洗礼	せんれい	洗礼
戦列	せんれつ	战列，战线
鮮烈	せんれつ	鲜明强烈
セーフティードライブ	せーふてぃーどらいぶ	安全驾驶
セーラー服	せーらーふく	水手服（学生制服）
セールスマン	せーるすまん	推销员
ぜ	ぜ	（终助词，加强语气）啊，呀
勢	ぜい	……势力，……阵营
税額	ぜいがく	税额
税収	ぜいしゅう	税收
脆弱	ぜいじゃく	脆弱
税制	ぜいせい	税制
税引き	ぜいびき	税后
税法	ぜいほう	税法
税務	ぜいむ	税务
税理士	ぜいりし	税务师
絶叫	ぜっきょう	尖叫，呐喊
絶句	ぜっく	语塞，说不出话；绝句
絶交	ぜっこう	绝交
絶好	ぜっこう	绝好，极佳
絶好調	ぜっこうちょう	状态极佳
舌戦	ぜっせん	舌战，唇枪舌剑
絶対的	ぜったいてき	绝对的
絶頂	ぜっちょう	顶点，绝顶，巅峰
絶縁	ぜつえん	绝缘；断绝关系
絶大	ぜつだい	极大，巨大
絶妙	ぜつみょう	绝妙
是認	ぜにん	认可，承认
ゼネコン	ぜねこん	综合建筑承包商
ゼネスト	ぜねすと	大罢工，总罢工
ゼネラルマネージャー	ぜねらるまねーじゃー	总经理
ぜひぜひ|是非是非	ぜひぜひ	务必，一定
是非とも	ぜひとも	务必，无论如何
ゼミナール	ぜみなーる	研讨班，讨论课
ゼラチン	ぜらちん	明胶
０	ぜろ	零，0
ゼロックス	ぜろっくす	施乐（复印机品牌）
前	ぜん	前……，上一个……
善悪	ぜんあく	善恶
善意	ぜんい	善意，好意
前衛	ぜんえい	前卫，先锋
全会	ぜんかい	全体大会
全額	ぜんがく	全额
全学	ぜんがく	全校
前記	ぜんき	前述，上述
全曲	ぜんきょく	全曲，整曲
全権	ぜんけん	全权
漸減	ぜんげん	逐渐减少
全校	ぜんこう	全校
全国的	ぜんこくてき	全国性的
全社	ぜんしゃ	全公司
前週	ぜんしゅう	上周
禅宗	ぜんしゅう	禅宗
全勝	ぜんしょう	全胜，全场不败
全焼	ぜんしょう	全部烧毁
前哨戦	ぜんしょうせん	前哨战，序幕之战
前身	ぜんしん	前身
漸進	ぜんしん	渐进
全日	ぜんじつ	全天
全人	ぜんじん	德才兼备之人，完人
全世界	ぜんせかい	全世界
善戦	ぜんせん	奋力拼搏，苦战
全線	ぜんせん	全线
禅僧	ぜんそう	禅僧
全速力	ぜんそくりょく	全速
全体主義	ぜんたいしゅぎ	极权主义
全体的	ぜんたいてき	整体的，全面的
前代未聞	ぜんだいみもん	前所未闻，史无前例
全治	ぜんち	痊愈
前兆	ぜんちょう	前兆，征兆
前庭	ぜんてい	前庭，前院
全点	ぜんてん	全部项目
禅寺	ぜんでら	禅寺
全土	ぜんど	全国，全境
全日制	ぜんにちせい	全日制
全日本	ぜんにほん	全日本
前年	ぜんねん	前一年，上一年
前年度	ぜんねんど	上一财年
前半戦	ぜんはんせん	（比赛）上半场
全廃	ぜんぱい	全面废除
前部	ぜんぶ	前部
前文	ぜんぶん	前文，序言；（信件）开头问候语
全文	ぜんぶん	全文
全米	ぜんべい	全美
全貌	ぜんぼう	全貌
前方	ぜんぽう	前方
前面	ぜんめん	前面
全面	ぜんめん	全面，整个
全面的	ぜんめんてき	全面的
禅問答	ぜんもんどう	禅宗问答；（引申）云山雾罩的对话
全訳	ぜんやく	全译，全文翻译
全容	ぜんよう	全貌
前略	ぜんりゃく	（书信用语）前略（省去客套话）
全量	ぜんりょう	总量，全部数量
善隣	ぜんりん	睦邻
前歴	ぜんれき	经历，履历
前～	ぜん～	前……
祖	そ	祖先，始祖
粗悪	そあく	粗劣，低劣
そいつ|其奴	そいつ	那家伙
双	そう	对，双（量词）
想	そう	构思，设想
総	そう	总，全
そう; そうです	そう; そうです	是的，是那样
総当たり	そうあたり	循环赛制；（密码学）穷举法
草案	そうあん	草案
創意	そうい	创意
総意	そうい	全体意见，共同意志
そういった|そう言った	そういった	那样的
僧院	そういん	僧院，修道院
そうか	そうか	是吗，原来如此
爽快	そうかい	爽快，畅快
掃海	そうかい	扫雷（海上）
総会屋	そうかいや	股东大会敲诈者
創価学会	そうかがっかい	创价学会
総括	そうかつ	总括，总结
相関	そうかん	相关
総監	そうかん	总监
送還	そうかん	遣返，送回
相関関係	そうかんかんけい	相关关系
総額	そうがく	总额
双眼鏡	そうがんきょう	双筒望远镜
早期	そうき	早期
早期治療	そうきちりょう	早期治疗
送球	そうきゅう	传球，投球
争議	そうぎ	争议，纠纷
葬儀	そうぎ	葬礼
創業	そうぎょう	创业，开业
操業	そうぎょう	（机器、工厂等）运转，运营
遭遇	そうぐう	遭遇，碰到
宗家	そうけ	宗家，本家；（流派）掌门
総計	そうけい	总计
総決算	そうけっさん	总决算
送検	そうけん	移送检方，报送检察院
送迎	そうげい	接送
草原	そうげん	草原
壮行	そうこう	壮行，送行
草稿	そうこう	草稿
装甲	そうこう	装甲
奏功	そうこう	奏效，成功
そうこうしているうちに|そうこうしている内に	そうこうしているうちに	在这期间，不知不觉中
総合的	そうごうてき	综合性的
相互銀行	そうごぎんこう	互助储蓄银行
相互交流	そうごこうりゅう	相互交流
荘厳	そうごん	庄严
総裁	そうさい	总裁
葬祭	そうさい	丧葬祭祀
捜査官	そうさかん	侦查员，调查员
惣菜	そうざい	家常菜，小菜
創始	そうし	创始，创立
そうした|然うした	そうした	那样的
そうして; そして	そうして; そして	然后，于是
奏者	そうしゃ	演奏者
走者	そうしゃ	跑者；跑垒员
創出	そうしゅつ	创造，开创
早春	そうしゅん	早春
草書	そうしょ	草书
草食	そうしょく	草食，食草
送信	そうしん	发送（信息、信号）
痩身	そうしん	纤瘦的身材；瘦身
相似	そうじ	相似
総辞職	そうじしょく	集体辞职，全体辞职
早熟	そうじゅく	早熟
相乗	そうじょう	相乘；相辅相成，协同
総帥	そうすい	总帅，统帅
総数	そうすう	总数
そうすれば|然うすれば	そうすれば	那样的话，如果那样
双生児	そうせいじ	双胞胎
創設	そうせつ	创设，创立
総選挙	そうせんきょ	大选（众议院选举）
総勢	そうぜい	全体人数；全军
騒然	そうぜん	喧闹；骚然；乱哄哄
葬送	そうそう	送葬；出殡
早々	そうそう	刚…就；急忙；早早地
創造的	そうぞうてき	有创造性的
創造力	そうぞうりょく	创造力
想像力	そうぞうりょく	想象力
相続税	そうぞくぜい	遗产税
総体	そうたい	整体；总体；大体上
相対的	そうたいてき	相对的
そうだ	そうだ	是的；对；听说；好像
争奪	そうだつ	争夺
相談所	そうだんじょ	咨询处；商谈处
相談役	そうだんやく	顾问；参谋
装着	そうちゃく	安装；佩戴
早朝	そうちょう	清晨；一大早
総長	そうちょう	（大学）校长；总长；秘书长
装丁	そうてい	（书籍的）装订，装帧
争点	そうてん	争论点；争议焦点
そうです	そうです	是的；是这样
そうですが	そうですが	是这样，不过……
そうですね	そうですね	是啊；是这样呢
桑田	そうでん	桑田
送電	そうでん	输电；供电
掃討	そうとう	扫荡；肃清
総統	そうとう	总统；元首
総督	そうとく	总督
総動員	そうどういん	总动员
そうなると	そうなると	那样的话；如果那样
壮年	そうねん	壮年
総評	そうひょう	总评；总的评价
送付	そうふ	寄送；发送
双方	そうほう	双方
総本山	そうほんざん	（佛教宗派的）总本山；总部
総務局	そうむきょく	总务局
総務部	そうむぶ	总务部
騒乱	そうらん	骚乱；暴乱
総理	そうり	总理
総理府	そうりふ	总理府
総量	そうりょう	总量
総領事	そうりょうじ	总领事
総力	そうりょく	全部力量；全力
藻類	そうるい	藻类
走塁	そうるい	（棒球）跑垒
壮烈	そうれつ	壮烈；英勇
葬列	そうれつ	送葬队伍
総論	そうろん	总论；概论
挿話	そうわ	插话；插曲
総～	そう～	总，全
疎遠	そえん	疏远
疎開	そかい	疏散（尤指战时向乡下疏散）
租界	そかい	租界
組閣	そかく	组阁
疎外	そがい	疏远；排斥；冷落
即位	そくい	即位；登基
即座	そくざ	当场；立即
即死	そくし	当场死亡
即日	そくじつ	当天；即日
促成	そくせい	促成生长；催熟
即席	そくせき	即席；临时；速成
即戦力	そくせんりょく	马上能派上用场的战力（人才）
速達便	そくたつびん	快递邮件
即売	そくばい	当场出售
速報	そくほう	快报；快讯
底入れ	そこいれ	（行情等）止跌；触底
粗鋼	そこう	粗钢
底打ち	そこうち	触底
祖国	そこく	祖国
底力	そこぢから	潜力；潜在的实力
底値	そこね	最低价；底价
損ねる	そこねる	损害；伤害；弄坏
そこらへん|そこら辺	そこらへん	那一带；那附近
ソサエティ	そさえてぃ	社会；社团
素子	そし	（电子）元件
組織的	そしきてき	有组织的；系统的
そしたら	そしたら	那样的话；于是
粗品	そしな	薄礼；小礼品
訴状	そじょう	起诉状
組成	そせい	组成；构成
礎石	そせき	基石；奠基石
租税	そぜい	租税；税收
注ぎ込む	そそぎこむ	注入；倾注（资金等）
そそのかす|唆す	そそのかす	唆使；怂恿
そそられる	そそられる	被吸引；被激起（兴趣）
粗大	そだい	粗大；庞大笨重
そっか	そっか	哦；是嘛；原来如此
速記	そっき	速记
速球	そっきゅう	（棒球）快球
即興	そっきょう	即兴
側近	そっきん	亲信；侍从
即効	そっこう	立即见效
速攻	そっこう	速攻；快攻
測候所	そっこうじょ	气象观测站
即刻	そっこく	立刻；马上
沿って	そって	沿着
訴追	そつい	起诉；弹劾
疎通	そつう	沟通；通畅
卒業後	そつぎょうご	毕业后
卒業生	そつぎょうせい	毕业生
外付け	そとづけ	外接（硬盘等）
外堀	そとぼり	（城郭的）外护城河
備え	そなえ	准备；防备
供える	そなえる	供奉；供上
ソナタ	そなた	奏鸣曲
園	その	园；庭院；果园
その上	そのうえ	而且；加之
そのうちに|その内に	そのうちに	不久；改天；早晚
その中	そのなか	其中
その辺	そのへん	那一带；那附近
そのよう|その様	そのよう	那样的
蕎麦屋	そばや	荞麦面馆
ソビエト|蘇維埃	そびえと	苏维埃
素描	そびょう	素描；速写
ソファ	そふぁ	沙发
ソフトドリンク	そふとどりんく	软饮料
ソフトボール	そふとぼーる	垒球
祖父母	そふぼ	祖父母
ソプラノ	そぷらの	女高音
粗暴	そぼう	粗暴；粗野
そぼろ	そぼろ	肉松（拌饭用调味碎肉或鱼肉）
染め	そめ	染色；印染
初める	そめる	开始……
粗野	そや	粗野；粗鲁
ソユーズ	そゆーず	联盟号（宇宙飞船）
そよ風	そよかぜ	微风
ソリスト	そりすと	独奏（唱）者
素粒子	そりゅうし	基本粒子；粒子
其れから	それから	然后；之后
それじゃ	それじゃ	那么；那样的话
其れでは	それでは	那么；那样的话
それより	それより	比起那个；更重要的是
それら|それ等	それら	那些；它们
それらしい	それらしい	像那样；煞有介事
ソ連	それん	苏联
損益	そんえき	盈亏；损益
損壊	そんかい	损坏；毁坏
損害賠償	そんがいばいしょう	损害赔偿
損害保険	そんがいほけん	财产保险；非人寿保险
村議会	そんぎかい	村议会
ソング	そんぐ	歌；歌曲
尊称	そんしょう	尊称
損傷	そんしょう	损伤；损坏
損する	そんする	吃亏；受损失
忖度	そんたく	揣度；揣摩（他人心意）
村長	そんちょう	村长
そんでもって	そんでもって	而且；因此
そんなこんな	そんなこんな	林林总总；这样那样
そんな中	そんななか	在这种情况下
存廃	そんぱい	存废
存亡	そんぼう	存亡
村民	そんみん	村民
存立	そんりつ	存立；生存
ソーイングセット	そーいんぐせっと	缝纫工具套装
ソーシャルワーカー	そーしゃるわーかー	社会工作者
ソーセージ	そーせーじ	香肠
ソープ	そーぷ	肥皂；泡泡浴风俗店
ソープランド	そーぷらんど	泡泡浴风俗店
ソーラー	そーらー	太阳能的
ぞ	ぞ	（终助词，加强语气）啊，呢
沿い	ぞい	沿……；顺着……
臓	ぞう	内脏
増員	ぞういん	增员；增加人手
増益	ぞうえき	增益；增利
憎悪	ぞうお	憎恶；厌恶
増額	ぞうがく	增加金额
臓器	ぞうき	脏器；内脏
雑木林	ぞうきばやし	杂木林
造形	ぞうけい	造型；塑形
象牙	ぞうげ	象牙
造語	ぞうご	造词；新造的词
増刷	ぞうさつ	加印；增印
増資	ぞうし	增资
増収	ぞうしゅう	增产；增收
贈収賄	ぞうしゅうわい	行贿受贿
蔵書	ぞうしょ	藏书
増殖	ぞうしょく	增殖；繁殖
雑炊	ぞうすい	杂炊粥（加蔬菜鱼肉的日式粥）
増水	ぞうすい	（河水等）暴涨；水位上升
造成	ぞうせい	（土地）开发；平整
増設	ぞうせつ	增设；增建
増税	ぞうぜい	增税
贈答	ぞうとう	赠答；礼尚往来
雑煮	ぞうに	杂煮（新年吃的年糕汤）
増発	ぞうはつ	（列车等）增开；增发
造反	ぞうはん	造反；反叛
贈与	ぞうよ	赠与
俗	ぞく	俗；世俗；在家人
族	ぞく	族；一族
俗語	ぞくご	俗语；俚语
続出	ぞくしゅつ	接连发生；层出不穷
続伸	ぞくしん	（行情）持续上涨
続編	ぞくへん	续篇；续集
続行	ぞっこう	继续进行
存知	ぞんじ	知道；知悉
存分	ぞんぶん	尽情；充分；痛快
ゾーン	ぞーん	区域；地带
多	た	多；表示多的前缀
タイ	たい	领带；平局，打平
帯	たい	带；带状区域
たい	たい	想……（表示愿望）；很……
タイアップ	たいあっぷ	合作；联手；协作
対案	たいあん	对案；替代方案
大尉	たいい	大尉
隊員	たいいん	队员；成员
退役	たいえき	退役
体温計	たいおんけい	体温计
耐火	たいか	耐火；防火
大火	たいか	大火（灾）
対価	たいか	对价；报酬
大海	たいかい	大海
体感	たいかん	体感；身体的感觉
退官	たいかん	退官；辞去官职
大河	たいが	大河
対外	たいがい	对外
体外受精	たいがいじゅせい	体外受精
対岸	たいがん	对岸
待機	たいき	待命；等待时机
退却	たいきゃく	退却；撤退
耐久	たいきゅう	耐久
耐久性	たいきゅうせい	耐久性
退去	たいきょ	离去；撤离
対局	たいきょく	对局（下棋等）
対極	たいきょく	对立面；两极
大義	たいぎ	大义；大道理
大義名分	たいぎめいぶん	正当理由；名正言顺
体型	たいけい	体型
タイゲーム	たいげーむ	平局
太古	たいこ	远古；太古
対向	たいこう	对向；对面来（车等）
大綱	たいこう	大纲；纲要
大佐	たいさ	上校
大作	たいさく	巨作；大作
滞在中	たいざいちゅう	逗留期间
大山	たいざん	大山
太子	たいし	太子
退社	たいしゃ	离职；下班
代謝	たいしゃ	代谢
大社	たいしゃ	大社（著名神社）
貸借	たいしゃく	借贷
大衆文学	たいしゅうぶんがく	大众文学；通俗文学
対称	たいしょう	对称
大勝	たいしょう	大胜
大賞	たいしょう	大奖
大将	たいしょう	大将；头儿；老大
対象外	たいしょうがい	不在对象范围内
対照的	たいしょうてき	对照的；对比鲜明的
対症療法	たいしょうりょうほう	对症疗法；权宜之计
対峙	たいじ	对峙
胎児	たいじ	胎儿
退場	たいじょう	退场
退陣	たいじん	下台；辞职
大勢	たいせい	大势；大局
大成	たいせい	大成；集大成
耐性	たいせい	耐性；抗药性
体勢	たいせい	姿势；体势
大西洋	たいせいよう	大西洋
堆積	たいせき	堆积；沉积
怠惰	たいだ	懒惰；怠惰
退団	たいだん	退团；离队
対地	たいち	对地
対中	たいちゅう	对中（国）
隊長	たいちょう	队长
体調不良	たいちょうふりょう	身体不适
タイツ	たいつ	紧身裤袜
タイト	たいと	紧身的；紧凑的
体得	たいとく	体会掌握；领悟
胎動	たいどう	胎动；（新事物）萌动迹象
対日	たいにち	对日
退任	たいにん	卸任；离职
耐熱	たいねつ	耐热
大破	たいは	严重损坏；大破
退廃	たいはい	颓废；衰败
大敗	たいはい	大败；惨败
退廃的	たいはいてき	颓废的
体罰	たいばつ	体罚
胎盤	たいばん	胎盘
堆肥	たいひ	堆肥
退避	たいひ	躲避；撤离；备份
太平洋戦争	たいへいようせんそう	太平洋战争
対米	たいべい	对美
大別	たいべつ	大致分类
大砲	たいほう	大炮
大麻	たいま	大麻
タイムスタンプ	たいむすたんぷ	时间戳
タイムズ	たいむず	时报
タイムセール	たいむせーる	限时特卖
タイムマシン	たいむましん	时间机器
大役	たいやく	重任；重要任务
貸与	たいよ	借给；贷与
大洋	たいよう	大洋
太陽系	たいようけい	太阳系
太陽電池	たいようでんち	太阳能电池
大陸棚	たいりくだな	大陆架
対論	たいろん	当面辩论；对论
タウン	たうん	城镇
絶え間なく	たえまなく	不间断地；接连不断
倒れ	たおれ	倒下；坏账
多寡	たか	多少
高	たか	数量；金额
多角	たかく	多方面；多角
多角的	たかくてき	多方面的；多角度的
高瀬	たかせ	浅滩；浅水河
高台	たかだい	高地；高台
高波	たかなみ	大浪；巨浪
高値	たかね	高价
高まり	たかまり	高涨；升高
高らか	たからか	响亮；洪亮
たかる|集る	たかる	聚集；成群；蹭吃蹭喝
互い違い	たがいちがい	交替；交错
たがる	たがる	想要……（表第三人称愿望）
滝川	たきがわ	急流
滝口	たきぐち	瀑布口；瀑布顶端
タキシード	たきしーど	燕尾服；无尾礼服
炊き出し	たきだし	（灾害等时的）供饭，施粥
卓	たく	桌子；茶几
択一	たくいつ	择一；多选一
卓越	たくえつ	卓越；杰出
拓殖	たくしょく	拓殖；开拓殖民
託児所	たくじしょ	托儿所
卓上	たくじょう	桌上；台式
託す	たくす	委托；托付
託宣	たくせん	神谕；启示
宅地	たくち	宅基地；住宅用地
宅配	たくはい	送货上门；宅配
拓本	たくほん	拓本
琢磨	たくま	切磋琢磨；打磨
匠	たくみ	工匠；巧匠
たくらむ|企む	たくらむ	图谋；策划
タグ	たぐ	标签
タグボート	たぐぼーと	拖船
岳	たけ	（高）山；岳
たけのこ|筍	たけのこ	竹笋
多元的	たげんてき	多元的
たこ|蛸	たこ	章鱼；笨蛋
他国	たこく	他国；外国
多彩	たさい	多彩；丰富多样
多才	たさい	多才多艺
他殺	たさつ	他杀
多湿	たしつ	潮湿；湿度高
他社	たしゃ	其他公司
他者	たしゃ	他人；别人
多重	たじゅう	多重；多路
タスク	たすく	任务
助け合い	たすけあい	互助
尋ね人	たずねびと	寻人；被寻找的人
他薦	たせん	他人推荐
黄昏	たそがれ	黄昏；薄暮；（人生）暮年
叩き	たたき	剁碎的鱼肉（生鱼片做法）；敲打
たたずむ|佇む	たたずむ	伫立；停留片刻
多大	ただい	极大；巨大
ただす|糺す	ただす	查明；确认；核实
太刀	たち	太刀（长刀）
たち|達	たち	们（表示复数的后缀）
立ち	たち	出发；启程；用完
立会い	たちあい	在场；见证；见证人
立ち上がり	たちあがり	开始；起步阶段
立ち上げる	たちあげる	启动；开办（企业）；开机
立ち入り	たちいり	进入；闯入
立ち入り禁止	たちいりきんし	禁止入内
立ち消え	たちぎえ	（计划等）中途夭折；不了了之
立ち直り	たちなおり	恢复；重振
橘	たちばな	橘（一种柑橘）
立ち話	たちばなし	站着聊天
立ち読み	たちよみ	站着看书（不买）
宅急便	たっきゅうびん	宅急便（快递到家服务）
タック	たっく	（衣服）褶裥；蜷体动作
タッチ	たっち	触摸；接触；参与；笔触
たって	たって	即使……也；哪怕……
達筆	たっぴつ	字写得好；书法出众
タップ	たっぷ	水龙头；轻敲；踢踏舞
裁つ	たつ	裁剪（布料）
辰	たつ	辰（十二地支之一，龙）
手綱	たづな	缰绳；驾驭
縦書き	たてがき	竖排书写
立て込む	たてこむ	拥挤；繁忙
楯突く	たてつく	顶撞；反抗
立て続け	たてつづけ	接连不断
立て札	たてふだ	告示牌；标牌
縦横	たてよこ	纵横；长宽
タトゥー	たとぅー	纹身
たどり着く	たどりつく	好不容易到达；终于抵达
七夕	たなばた	七夕（节）
多難	たなん	多灾多难
谷川	たにがわ	山涧；山溪
谷底	たにぞこ	谷底
たぬき|狸	たぬき	貉；狡猾的人
他派	たは	其他派别
田畑	たはた	田地
多発	たはつ	多发；频发
旅先	たびさき	旅行目的地
たびに|度に	たびに	每逢；每次
旅人	たびびと	旅人；旅客
タフ	たふ	坚韧；顽强
タブ	たぶ	标签（页）
タブロイド	たぶろいど	小报；小版面报纸
食べ過ぎる	たべすぎる	吃太多；吃撑
玉虫色	たまむしいろ	玉虫色（多彩变色）；模棱两可
民	たみ	民；百姓
ために|為に	ために	为了；因为
他面	ためん	另一方面；其他方面
多面	ためん	多面的；多方面的
多目的	たもくてき	多用途的
絶やす	たやす	灭绝；断绝
多用	たよう	事务繁忙；频繁使用
多様化	たようか	多样化
多様性	たようせい	多样性
たら	たら	要是……的话；如果
垂らす	たらす	使滴下；垂下
たり	たり	又……又……；表列举
樽	たる	木桶；酒桶
たる	たる	作为……；乃……
タルク	たるく	滑石
たれ|垂れ	たれ	酱汁；下垂物
垂れ幕	たれまく	横幅；垂挂的条幅
戯れ	たわむれ	嬉戏；玩耍；戏言
戯れる	たわむれる	嬉戏；玩耍
俵	たわら	草袋；（米、炭等的）包，袋
タン	たん	（食用）牛舌、猪舌；（鞋）舌
単	たん	单；单纯；（赛马）单赢
単価	たんか	单价
タンカー	たんかー	油轮；油船
嘆願	たんがん	恳求；请愿
短期間	たんきかん	短期
短期大学	たんきだいがく	短期大学（大专）
探求	たんきゅう	探求；探索
短距離	たんきょり	短距离
タンク	たんく	水箱；储罐；坦克
タンクローリー	たんくろーりー	油罐车
探検隊	たんけんたい	探险队
単行本	たんこうぼん	单行本
探査	たんさ	探测；探查
探索	たんさく	探索；搜索
炭酸	たんさん	碳酸；汽水
単産	たんさん	单一产业工会
短冊	たんざく	（写诗、许愿用的）长条诗笺
タンザニア	たんざにあ	坦桑尼亚
端緒	たんしょ	开端；线索
短時間	たんじかん	短时间
短銃	たんじゅう	手枪
丹精	たんせい	精心；诚心努力
胆石	たんせき	胆结石
嘆息	たんそく	叹息；哀叹
淡々	たんたん	淡然；不动声色
探知	たんち	探测；侦测
短調	たんちょう	（音乐）小调
タンデム	たんでむ	双人（骑乘）；前后串联
炭田	たんでん	煤田
短刀	たんとう	短刀；匕首
淡白	たんぱく	清淡；朴素；坦率
タンパク質	たんぱくしつ	蛋白质
田んぼ	たんぼ	稻田
探訪	たんぼう	采访；探访
担保	たんぽ	担保；抵押
たんぽぽ|蒲公英	たんぽぽ	蒲公英
端末	たんまつ	终端（设备）
端末機	たんまつき	终端机
短命	たんめい	短命
短絡	たんらく	短路；草率下结论
鍛錬	たんれん	锻炼；磨炼
短～	たん～	短……
タービン	たーびん	涡轮机
ターボ	たーぼ	涡轮增压
タール	たーる	焦油
ターン	たーん	转身；转弯；（游戏中的）回合
だ	だ	是（判断助动词）
台	だい	台；座；底座
第	だい	第（表序数前缀）
だい	だい	是……吧（疑问助词，较随意口语）
ダイアグラム	だいあぐらむ	图表
第一義	だいいちぎ	首要意义；根本
第一人者	だいいちにんしゃ	首屈一指的人物；权威
第一声	だいいっせい	第一声；开场白
第一線	だいいっせん	第一线；前线
第一歩	だいいっぽ	第一步
大宇宙	だいうちゅう	大宇宙；宏观宇宙
ダイオード	だいおーど	二极管
大回転	だいかいてん	大回转（滑雪项目）
大家族	だいかぞく	大家庭
代官	だいかん	（江户时代）地方代官
大歓迎	だいかんげい	热烈欢迎
大学院生	だいがくいんせい	研究生
大学進学	だいがくしんがく	升学（进入大学）
大企業	だいきぎょう	大企业
大規模	だいきぼ	大规模
大嫌い	だいきらい	最讨厌；非常厌恶
代議	だいぎ	代议
代議士	だいぎし	（国会）议员
大好評	だいこうひょう	广受好评
大黒柱	だいこくばしら	（房屋的）大柱；中流砥柱
第三国	だいさんごく	第三国
第三者	だいさんしゃ	第三者；局外人
題材	だいざい	题材
大師	だいし	大师（对高僧的尊称）
大自然	だいしぜん	大自然
台車	だいしゃ	手推车；台车
大集合	だいしゅうごう	大集合
代償	だいしょう	代价；补偿
大震災	だいしんさい	大地震（灾害）
題字	だいじ	题字
ダイジェスト	だいじぇすと	摘要；文摘
大事件	だいじけん	大事件
大豆	だいず	大豆；黄豆
大成功	だいせいこう	大获成功
大前提	だいぜんてい	大前提；基本前提
大隊	だいたい	（军队）大队；营
代替	だいたい	代替；替代
大多数	だいたすう	大多数
代打	だいだ	代打
代々	だいだい	世世代代
橙色	だいだいいろ	橙色
大々的	だいだいてき	大规模的；大张旗鼓的
台地	だいち	台地；高地
大注目	だいちゅうもく	备受瞩目
台帳	だいちょう	账簿；登记簿
大腸	だいちょう	大肠
大腸菌	だいちょうきん	大肠杆菌
大刀	だいとう	大刀
大都市	だいとし	大都市
大同	だいどう	大同；基本相同
大道	だいどう	大道；大街
大動脈	だいどうみゃく	主动脉；主干交通线
ダイナマイト	だいなまいと	炸药
ダイナミクス	だいなみくす	动力学
ダイナミズム	だいなみずむ	活力；动感
ダイナースクラブ	だいなーすくらぶ	大来卡（信用卡品牌）
第二	だいに	第二
第二次世界大戦	だいにじせかいたいせん	第二次世界大战
代人	だいにん	代理人；替身
ダイニング	だいにんぐ	餐厅；用餐
大脳	だいのう	大脑
代表作	だいひょうさく	代表作
大仏	だいぶつ	大佛
大募集	だいぼしゅう	大量招募
大名	だいみょう	大名（日本封建领主）
代目	だいめ	第……代
代役	だいやく	替角；替身
大理石	だいりせき	大理石
代理店	だいりてん	代理店；代理商
ダイレクト	だいれくと	直接的
第～	だい～	第……
ダウンサイジング	だうんさいじんぐ	精简化；小型化
ダウンタウン	だうんたうん	市中心；闹市区
ダカ	だか	十（词头，da-）
駄菓子	だがし	廉价点心；便宜糖果
駄菓子屋	だがしや	（卖廉价零食的）小杂货店
打楽器	だがっき	打击乐器
抱き合う	だきあう	相拥；互相拥抱
打球	だきゅう	击球
ダクト	だくと	管道；导管
諾否	だくひ	同意与否
濁流	だくりゅう	浊流；浑浊的水流
だけ|丈	だけ	只；仅仅
だけでなく	だけでなく	不仅……而且……
だけども	だけども	但是；不过
だけれども	だけれども	但是；不过
蛇行	だこう	蜿蜒；曲折前进
打算的	ださんてき	精于算计的；功利的
だし|出し	だし	高汤；借口，托词
打者	だしゃ	（棒球）击球手
打順	だじゅん	击球顺序
打数	だすう	打数（棒球统计项）
惰性	だせい	惯性；惰性
打席	だせき	击球区；打击机会
打線	だせん	（棒球）打线
堕胎	だたい	堕胎
奪回	だっかい	夺回；收回
奪還	だっかん	夺还；夺回
脱却	だっきゃく	摆脱；脱离
だっけ	だっけ	是……来着？（表回忆确认）
ダッシュ	だっしゅ	冲刺；破折号
奪取	だっしゅ	夺取
脱水	だっすい	脱水；甩干
脱走	だっそう	逃跑；逃脱
だった	だった	曾是；是（过去式）
だったりして	だったりして	该不会是……吧
脱皮	だっぴ	蜕皮；蜕变
脱衣	だつい	脱衣
脱衣所	だついじょ	更衣室
奪三振	だつさんしん	三振
脱落	だつらく	脱落；掉队
脱硫	だつりゅう	脱硫
だて|伊達	だて	讲究外表；摆阔气
だてらに	だてらに	不相称地；不配……却……
打点	だてん	打点（棒球）
打倒	だとう	打倒；击败
だの	だの	之类；啦（列举助词）
打破	だは	打破；破除
打撲	だぼく	碰伤；跌打损伤
ダミー	だみー	假人；替身；虚设的
ダメージ	だめーじ	损伤；损害
ダライラマ|達頼喇嘛	だらいらま	达赖喇嘛
堕落	だらく	堕落；腐化
駐屯	ちゅうとん	驻扎；驻屯
中道	ちゅうどう	中庸；中间路线
中南米	ちゅうなんべい	中南美洲
中日	ちゅうにち	中国和日本；（相扑、演出等的）中间一天
駐日	ちゅうにち	驻日
注入	ちゅうにゅう	注入；灌输
中盤	ちゅうばん	中盘；中期阶段
中略	ちゅうりゃく	（引文等）中间省略
中流	ちゅうりゅう	中游；中流阶层
駐留	ちゅうりゅう	驻留；驻扎
チュニジア|突尼斯	ちゅにじあ	突尼斯
チューター	ちゅーたー	导师；辅导员
チューナー	ちゅーなー	调谐器
チューハイ|酎ハイ	ちゅーはい	烧酒兑汽水（鸡尾酒）
チューリップ	ちゅーりっぷ	郁金香
治癒	ちゆ	治愈；痊愈
著	ちょ	著作；著
兆	ちょう	兆（万亿）；征兆
庁	ちょう	厅；局（行政机构）
長	ちょう	长；首领
弔意	ちょうい	哀悼之意
超越	ちょうえつ	超越
超音速	ちょうおんそく	超音速
懲戒	ちょうかい	惩戒；惩处
朝刊	ちょうかん	早报
長期的	ちょうきてき	长期的
長久	ちょうきゅう	长久；永久
調教	ちょうきょう	训练（动物）；调教
彫金	ちょうきん	雕金；金属雕刻
町議会	ちょうぎかい	町议会
帳消し	ちょうけし	（债务）勾销；抵消
兆候	ちょうこう	征兆；迹象
調剤	ちょうざい	配药；调制处方
銚子	ちょうし	酒壶
庁舎	ちょうしゃ	官厅大楼；政府办公楼
聴取	ちょうしゅ	听取；问讯
聴衆	ちょうしゅう	听众
調書	ちょうしょ	笔录；调查记录
長身	ちょうしん	高个子；身材高挑
弔辞	ちょうじ	悼词
長者	ちょうじゃ	富豪；长者
長寿	ちょうじゅ	长寿
鳥獣	ちょうじゅう	鸟兽；野生动物
超人	ちょうじん	超人
朝鮮	ちょうせん	朝鲜
朝鮮民主主義人民共和国	ちょうせんみんしゅしゅぎじんみんきょうわこく	朝鲜民主主义人民共和国
徴税	ちょうぜい	征税
彫塑	ちょうそ	雕塑
町村	ちょうそん	町村（日本基层行政区划）
彫像	ちょうぞう	雕像
長打	ちょうだ	（棒球）长打
長大	ちょうだい	高大；庞大
長蛇の列	ちょうだのれつ	长长的队伍
町長	ちょうちょう	镇长；町长
長調	ちょうちょう	（音乐）大调
蝶々	ちょうちょう	蝴蝶
弔電	ちょうでん	唁电
超伝導	ちょうでんどう	超导
超党派	ちょうとうは	超党派的；跨党派的
超特急	ちょうとっきゅう	超特快
町内	ちょうない	街坊；町内
町人	ちょうにん	（江户时代）市民；商人阶层
挑発	ちょうはつ	挑衅；挑逗
挑発的	ちょうはつてき	挑衅性的；挑逗性的
懲罰	ちょうばつ	惩罚；处分
貼付	ちょうふ	粘贴；贴附
徴兵	ちょうへい	征兵
眺望	ちょうぼう	眺望；景色
町民	ちょうみん	町民；镇上居民
丁目	ちょうめ	丁目（日本地址区划单位）
弔問	ちょうもん	吊唁
聴聞	ちょうもん	听证；听闻
跳躍	ちょうやく	跳跃
潮流	ちょうりゅう	潮流；潮水流向
鳥類	ちょうるい	鸟类
朝礼	ちょうれい	朝会；晨会
長老	ちょうろう	长老；元老
長～	ちょう～	长……
チョキ	ちょき	（猜拳）剪刀
直	ちょく	直；正直；坦率
直営	ちょくえい	直营
直撃	ちょくげき	直接命中；正面袭击
直視	ちょくし	正视
直進	ちょくしん	直行；直线前进
直接選挙	ちょくせつせんきょ	直接选举
直接税	ちょくせつぜい	直接税
直接的	ちょくせつてき	直接的
直属	ちょくぞく	直属
直列	ちょくれつ	（电路）串联
チョコ	ちょこ	巧克力
著作	ちょさく	著作
著作権	ちょさくけん	著作权；版权
貯水	ちょすい	蓄水
直下	ちょっか	正下方
直轄	ちょっかつ	直辖
チョッキ	ちょっき	背心；马甲
直球	ちょっきゅう	（棒球）直球；直言不讳
直系	ちょっけい	直系
直行	ちょっこう	直达；直接前往
直行便	ちょっこうびん	直达航班
ちょっぴり	ちょっぴり	一点点；些许
ちょびっと	ちょびっと	一点点
チョーキング	ちょーきんぐ	（吉他）推弦
千代	ちよ	千年；千代（长久）
ちらし|散らし	ちらし	传单；广告单
チラリ	ちらり	瞥见；一闪
チリ|智利	ちり	智利
ちり紙	ちりがみ	卫生纸；手纸
地理情報システム	ちりじょうほうしすてむ	地理信息系统
ちりとり|ちり取り	ちりとり	簸箕
治療法	ちりょうほう	治疗方法
チルダ	ちるだ	波浪号
珍	ちん	珍奇；稀罕
鎮圧	ちんあつ	镇压
沈下	ちんか	下沉；沉降
鎮魂	ちんこん	镇魂；安魂
陳謝	ちんしゃ	道歉；谢罪
賃借	ちんしゃく	租借；租用
鎮守	ちんじゅ	镇守神；土地神
陳述	ちんじゅつ	陈述
陳情	ちんじょう	请愿；陈情
沈静	ちんせい	平静；沉静下来
沈滞	ちんたい	停滞；萧条
沈着	ちんちゃく	沉着；镇定
珍重	ちんちょう	珍重；珍视
ちんちん	ちんちん	（小儿语）小鸡鸡；叮当声
チンピラ	ちんぴら	小混混；小流氓
珍品	ちんぴん	珍品；稀罕物
陳腐	ちんぷ	陈腐；老套
ちんぷんかんぷん|珍紛漢紛	ちんぷんかんぷん	莫名其妙；不知所云
珍味	ちんみ	珍味；美味
チーズケーキ	ちーずけーき	芝士蛋糕
チーフ	ちーふ	主任；负责人
って	って	（引用、话题助词）说是……；叫……
ってことは	ってことは	也就是说
っぱなし|っ放し	っぱなし	一直……着；放任不管
っぽい	っぽい	带有……味道；有点……
追加料金	ついかりょうきん	追加费用
追究	ついきゅう	追究；深入探究
追撃	ついげき	追击
追伸	ついしん	附言；又及
築地	ついじ	泥墙（带屋顶的围墙）
追随	ついずい	追随；跟随
１日	ついたち	一日；每月一号
追徴	ついちょう	追加征收；补征
ついて|就いて	ついて	关于；就……
ついてくる|付いてくる	ついてくる	跟来；跟着来
ついてる|付いてる	ついてる	走运；有好运
次いで	ついで	其次；接着
追悼	ついとう	追悼
追突	ついとつ	（车辆）追尾
ツイン	ついん	双人间；双胞胎
通	つう	通；行家；精通
通院	つういん	定期去医院；门诊就诊
通関	つうかん	通关；报关
通告	つうこく	通告；通知
痛恨	つうこん	痛惜；悔恨不已
通算	つうさん	累计；总计
通産省	つうさんしょう	（原）通商产业省
通産相	つうさんしょう	通商产业大臣
通商	つうしょう	通商；贸易
通称	つうしょう	通称；俗称
通信衛星	つうしんえいせい	通信卫星
通信社	つうしんしゃ	通讯社
通信網	つうしんもう	通信网络
通じ	つうじ	大便；（意思）相通
通じて	つうじて	通过；经由；贯穿
通俗的	つうぞくてき	通俗的
通年	つうねん	全年
通販	つうはん	邮购；网购
通例	つうれい	通例；惯例；通常
痛烈	つうれつ	猛烈；尖锐
通話	つうわ	通话
塚	つか	冢；小土堆
使い	つかい	跑腿；使者；差事
つかえる|閊える	つかえる	堵住；卡住
疲れ果てる	つかれはてる	筋疲力尽
突き	つき	刺；戳
付き	つき	附带；带有
突き刺す	つきさす	刺入；扎入
付き添い	つきそい	陪伴；陪护；陪护人
突き抜ける	つきぬける	穿透；贯穿
月の兎	つきのうさぎ	月兔
月初め	つきはじめ	月初
月見	つきみ	赏月
築山	つきやま	（庭院里的）假山
月夜	つきよ	月夜
注ぎ込む	つぎこむ	投入（资金等）；倾注
次々に	つぎつぎに	接连不断地
次のように	つぎのように	如下所述
つぎはぎ|継ぎ接ぎ	つぎはぎ	缝补；拼凑
佃	つくだ	垦田；佃（地名用字）
旁	つくり	（汉字的）右偏旁
作り話	つくりばなし	编造的故事；谎言
作り笑い	つくりわらい	强颜欢笑；假笑
償い	つぐない	赔偿；补偿
つけ込む	つけこむ	乘机利用；钻空子
付け足す	つけたす	添加；补充
付け根	つけね	根部；连接处
伝う	つたう	沿着；顺着（移动）
培う	つちかう	培养；培育
突っ張り	つっぱり	支撑物；顶杆
つつ	つつ	一边……一边……；尽管
筒井	つつい	圆形水井
つつじ|躑躅	つつじ	杜鹃花
包み込む	つつみこむ	包裹；包容
綴り	つづり	拼写；文件夹
綴る	つづる	拼写；书写；缀成（文章）
都度	つど	每次；每逢
集い	つどい	聚会
集う	つどう	聚集；集合
ツナ	つな	金枪鱼（罐头）
綱引き	つなひき	拔河
綱渡り	つなわたり	走钢丝；如履薄冰
椿	つばき	山茶花
つばめ|燕	つばめ	燕子；（俗）小白脸
坪	つぼ	坪（日本土地面积单位，约3.3平方米）
つま先	つまさき	脚尖；脚趾尖
つまむ|摘む	つまむ	捏；夹；摘取；（用手指）拿起吃
爪楊枝	つまようじ	牙签
詰まらせる	つまらせる	使堵塞；使噎住
つまんない	つまんない	无聊；没意思
積み重ね	つみかさね	堆积；累积
積み込む	つみこむ	装载（货物）
積立	つみたて	积攒；储蓄
積立金	つみたてきん	储备金；公积金
詰む	つむ	（布料）织得密；（棋）被将死；陷入绝境
紡ぐ	つむぐ	纺（线）；编织（故事等）
爪切り	つめきり	指甲刀
通夜	つや	守灵；通宵守夜
つやつや|艶々	つやつや	光泽；光滑亮丽
梅雨入り	つゆいり	入梅；梅雨季开始
強さ	つよさ	强度；力量
強み	つよみ	强项；优势
面	つら	脸；面（较粗俗说法）
貫き通す	つらぬきとおす	贯穿；坚持到底
釣り合い	つりあい	平衡；相称
釣り針	つりばり	鱼钩
釣り堀	つりぼり	垂钓池
弦	つる	弦；琴弦；提梁
吊るす	つるす	悬挂；吊起
連れ去る	つれさる	带走；拐走
連れて行く	つれていく	带去；带走
連れてくる	つれてくる	带来
つわり|悪阻	つわり	（妊娠）孕吐；害喜
積ん読	つんどく	买书不读；束之高阁
ツーピース	つーぴーす	两件式套装
ツーリスト	つーりすと	游客；旅行者
ツーリング	つーりんぐ	（骑车、开车）巡游；兜风
連れ	づれ	带着……；一行……
手足	てあし	手脚；四肢；心腹
手当たり次第	てあたりしだい	信手拈来；随手；不加选择地
ティッシュペーパー	てぃっしゅぺーぱー	面巾纸
ティラニー	てぃらにー	暴政
ティンパニ	てぃんぱに	定音鼓
ティー	てぃー	茶
Ｔシャツ	てぃーしゃつ	T恤
Ｔバック	てぃーばっく	丁字裤
低温	ていおん	低温
低音	ていおん	低音
定款	ていかん	（公司）章程
停学	ていがく	停学
定額	ていがく	定额；固定金额
低学年	ていがくねん	（小学）低年级
提起	ていき	提出（问题、诉讼等）
定期購読	ていきこうどく	定期订阅
定期的	ていきてき	定期的
定期便	ていきびん	定期班车（航班）
庭球	ていきゅう	网球
定休	ていきゅう	固定休息日
提供者	ていきょうしゃ	提供者；捐赠者
定期預金	ていきよきん	定期存款
テイクアウト	ていくあうと	外带；打包带走
定形	ていけい	定形；标准形式
低減	ていげん	减低；降低
提言	ていげん	建议；提议
定刻	ていこく	规定时刻；准时
帝国	ていこく	帝国
帝国主義	ていこくしゅぎ	帝国主义
偵察	ていさつ	侦察
亭主	ていしゅ	丈夫；（旅馆等的）老板
提唱	ていしょう	提倡；倡导
抵触	ていしょく	抵触；违反
定時	ていじ	定时；规定时间
定時制	ていじせい	定时制（学校，夜间部等）
定住	ていじゅう	定居
低水準	ていすいじゅん	低水准；低标准
定数	ていすう	定数；常数；法定人数
テイスト	ていすと	风味；口味
帝政	ていせい	帝制
停戦	ていせん	停战
提訴	ていそ	起诉；诉讼
手痛い	ていたい	沉重的；厉害的（打击、损失）
低地	ていち	低地
丁重	ていちょう	郑重；恭敬有礼
低調	ていちょう	不景气；萧条
抵当	ていとう	抵押
抵当権	ていとうけん	抵押权
邸内	ていない	宅邸内；宅院内
停泊	ていはく	停泊
定番	ていばん	经典款；常规品；必备之选
定評	ていひょう	公认的评价；定评
底辺	ていへん	底边；社会底层
弟妹	ていまい	弟弟妹妹
締約	ていやく	缔约
低落	ていらく	下跌；下降
低利	ていり	低利率
定率	ていりつ	固定比率
底流	ていりゅう	暗流；潜在趋势
定量	ていりょう	定量
低料金	ていりょうきん	低费用；低收费
定例	ていれい	例行；常规
低～	てい～	低……
手落ち	ておち	疏忽；失误
手描き	てがき	手绘的；手画的
手柄	てがら	功绩；功劳
テキ	てき	牛排
的	てき	……的（后缀）
敵意	てきい	敌意
適格	てきかく	合格；有资格
敵国	てきこく	敌国
適合	てきごう	适合；符合
テキサス|得撒	てきさす	德克萨斯州
敵失	てきしつ	对方失误
適時	てきじ	适时；及时
適正	てきせい	适当；合理
敵対	てきたい	敌对
的中	てきちゅう	命中；说中
摘発	てきはつ	揭发；查处
適法	てきほう	合法
適量	てきりょう	适量
適齢	てきれい	适龄
適齢期	てきれいき	适婚年龄；适龄期
手際良く	てぎわよく	熟练地；巧妙地
テク	てく	技术；技巧
テクスチャ	てくすちゃ	质感；纹理
てくてく	てくてく	（长距离）不停地走；一步一步地走
テクニカル	てくにかる	技术性的
テクニシャン	てくにしゃん	技师；技术高超的人
テクノクラート	てくのくらーと	技术官僚
手応え	てごたえ	手感；反响；效果
手ごわい	てごわい	难对付；棘手
テスター	てすたー	万用表
テストケース	てすとけーす	测试案例
手すり	てすり	扶手；栏杆
手製	てせい	手工制作的
手助け	てだすけ	帮助；协助
手立て	てだて	方法；手段
撤回	てっかい	撤回；收回
撤去	てっきょ	撤除；拆除
鉄筋	てっきん	钢筋
テックス	てっくす	纤维板
鉄鉱	てっこう	铁矿
鉄工	てっこう	铁工；钣金工
鉄骨	てっこつ	钢架；钢筋骨架
撤収	てっしゅう	撤收；拆除
鉄製	てっせい	铁制的
撤退	てったい	撤退
鉄板	てっぱん	铁板；万无一失
撤兵	てっぺい	撤兵
哲人	てつじん	哲人；哲学家
テトラクロロエチレン	てとらくろろえちれん	四氯乙烯
手取り	てとり	善于笼络人心的人；老手
手直し	てなおし	修改；调整
テナント	てなんと	租户
テナー	てなー	男高音
手に入る	てにはいる	到手；得到
手荷物	てにもつ	随身行李
手ぬぐい	てぬぐい	手巾
テネシー	てねしー	田纳西州
テノール	てのーる	男高音
手始め	てはじめ	开端；起头
手放し	てばなし	撒手不管；毫不掩饰（感情等）
手早い	てばやい	敏捷；麻利
手控え	てびかえ	笔记；备忘；有所保留
手引書	てびきしょ	使用手册；指南
手振り	てぶり	手势
テヘラン|第希蘭	てへらん	德黑兰
手招き	てまねき	招手
手持ち	てもち	手头有的；现有的
テラス	てらす	露台
テリトリー	てりとりー	势力范围；领地
テリーヌ	てりーぬ	肉冻；法式肉酱
テルアビブ	てるあびぶ	特拉维夫
テレカンファレンス	てれかんふぁれんす	电话会议
テレクラ	てれくら	电话交友（色情服务）
テレグラフ	てれぐらふ	电报
テレコム	てれこむ	电信
テレスキャン	てれすきゃん	远程扫描
テレビ局	てれびきょく	电视台
テレビゲーム|ＴＶゲーム	てれびげーむ	电视游戏；电子游戏
テレビジョン	てれびじょん	电视
テレビ番組	てれびばんぐみ	电视节目
テレホン	てれほん	电话
テレメーター	てれめーたー	遥测装置
テロップ	てろっぷ	字幕；屏幕字幕
テロリスト	てろりすと	恐怖分子
テロリズム	てろりずむ	恐怖主义
手渡す	てわたす	亲手交给
テン	てん	十；10
店	てん	……店（后缀）
転移	てんい	转移；迁移
点火	てんか	点火
添加物	てんかぶつ	添加物
天狗	てんぐ	天狗（长鼻红脸妖怪）；自大，骄傲
典型的	てんけいてき	典型的
点呼	てんこ	点名；清点人数
転向	てんこう	转向；转变（思想、立场）
点差	てんさ	比分差；分差
添削	てんさく	批改；润色，修改（文章等）
点在	てんざい	散布，星罗棋布
店主	てんしゅ	店主，老板
転出	てんしゅつ	迁出；调离
転身	てんしん	转行，转变（职业、身份等）
天寿	てんじゅ	天年，天寿
添乗	てんじょう	（导游）随团服务
天神	てんじん	天神；菅原道真神灵；天满宫
天性	てんせい	天性，天生的资质
転戦	てんせん	转战
店長	てんちょう	店长
点滴	てんてき	雨滴；点滴（输液）
店頭	てんとう	店头，店面；柜台
転倒	てんとう	跌倒，摔倒；颠倒
天然温泉	てんねんおんせん	天然温泉
天然ガス	てんねんがす	天然气
天然記念物	てんねんきねんぶつ	天然纪念物；受保护物种
天然痘	てんねんとう	天花
天王星	てんのうせい	天王星
天皇制	てんのうせい	天皇制
天皇陛下	てんのうへいか	天皇陛下
転売	てんばい	转卖，倒卖
転覆	てんぷく	翻覆，倾覆；颠覆（政权）
テンペラ	てんぺら	蛋彩画（颜料）
店舗	てんぽ	店铺
テンポラリー	てんぽらりー	临时的
天満宮	てんまんぐう	天满宫
店名	てんめい	店名
点滅	てんめつ	（灯）闪烁，忽明忽暗
天文	てんもん	天文
天文学	てんもんがく	天文学
天文台	てんもんだい	天文台
点訳	てんやく	译成盲文
転用	てんよう	挪用，转用（作他用）
天理	てんり	天理
テーゼ	てーぜ	论题，命题
テーピング	てーぴんぐ	贴（运动）胶带
テーマソング	てーまそんぐ	主题曲
テーラー	てーらー	裁缝，裁缝店
出足	であし	（人群）到场情况；起步，开局
であります	であります	是（郑重语气）
である	である	是（书面语，判断助动词）
ディクショナリ	でぃくしょなり	词典
ディスカウント	でぃすかうんと	打折，折扣
ディスカッション	でぃすかっしょん	讨论
ディスカバー	でぃすかばー	发现
ディスク	でぃすく	磁盘，光盘
ディスクジョッキー	でぃすくじょっきー	唱片骑师，DJ
ディスクロージャー	でぃすくろーじゃー	信息披露
ディスコ	でぃすこ	迪斯科舞厅
ディストーション	でぃすとーしょん	失真
ディスプレイ	でぃすぷれい	显示器，展示
ディテール	でぃてーる	细节
ディナー	でぃなー	晚餐
ディフェンス	でぃふぇんす	防守，防御
ディベート	でぃべーと	辩论
ディミヌエンド	でぃみぬえんど	渐弱（音乐术语）
ディレクター	でぃれくたー	导演，主管
ディレクトリ	でぃれくとり	目录（文件夹）
ディンギー	でぃんぎー	小艇，小型帆船
ディーゼル	でぃーぜる	柴油，柴油发动机
ＤＶＤプレーヤー	でぃーぶいでぃーぷれーやー	DVD播放机
ディープ	でぃーぷ	深，深度的
ディーラー	でぃーらー	经销商，交易商
泥酔	でいすい	烂醉，酩酊大醉
泥炭	でいたん	泥炭
デイリー	でいりー	每日的
出遅れる	でおくれる	起步晚，落后
出稼ぎ	でかせぎ	外出打工，出外做工
出方	でかた	态度，应对方式；（剧场）引座员
デカルコマニー	でかるこまにー	贴花，转印画
出来	でき	做工，成品，成绩
出来高	できだか	产量，收成；成交量
できるだけ早く	できるだけはやく	尽快
デコーダ	でこーだ	解码器
でございます|で御座います	でございます	是（敬语）
でさえ	でさえ	连……都；只要，哪怕
デシ	でし	（前缀）分（10的负1次方）
弟子入り	でしいり	拜师学艺
でしかない	でしかない	不过是……而已
デシベル	でしべる	分贝
でしょう	でしょう	大概吧，我想
でしょうか	でしょうか	是……吧（疑问语气）
です	です	是（敬语判断助动词）
ですか	ですか	吗（疑问语气）
ですが	ですが	但是，不过
出すぎる	ですぎる	伸出过多；过于出头，太出风头
デスク	ですく	办公桌；（报社）编辑
ですので	ですので	所以，因此
デタント	でたんと	缓和（国际关系）
デッキ	でっき	（船、房屋）甲板，露台
デッド	でっど	死的；无回声的（房间等）
デッドヒート	でっどひーと	白热化竞争；不分胜负的比赛
でなければ	でなければ	若不是……的话；否则
でなければならない	でなければならない	必须是；应当是
デニム	でにむ	牛仔布，丹宁布
デニール	でにーる	旦尼尔（纤维粗细单位）
デノミ	でのみ	货币面值改革
では無い	ではない	不是
ではないか|では無いか	ではないか	不是吗？；……吧
ではまた	ではまた	再见，回头见
デバイス	でばいす	设备，装置
デパ地下	でぱちか	百货公司地下食品卖场
デビスカップ	でびすかっぷ	戴维斯杯（网球赛）
デフォルメ	でふぉるめ	夸张变形（漫画等手法）
デフレ	でふれ	通货紧缩
デブ	でぶ	胖子，肥胖
デベロッパー	でべろっぱー	开发商
デボン紀	でぼんき	泥盆纪
デポジット	でぽじっと	押金，保证金
デマ	でま	谣言，假消息
出前	でまえ	送外卖，外卖餐食
デマンド	でまんど	需求
デミ	でみ	（前缀）半，一半
デメリット	でめりっと	缺点，弊端
でもある	でもある	也是……（表示同时兼具）
デモクラシー	でもくらしー	民主，民主主义
デモクラット	でもくらっと	民主党人
デモ隊	でもたい	示威游行队伍
でも無い	でもない	也不是；既不……也不是
デュエット	でゅえっと	二重唱，二重奏
デュオ	でゅお	二重奏组合
デューティーフリー	でゅーてぃーふりー	免税
デラックス	でらっくす	豪华的
デリカ	でりか	熟食（店）
デリート	でりーと	删除
Δ	でるた	三角洲；希腊字母Δ
デレゲーション	でれげーしょん	代表团
殿下	でんか	殿下
電化	でんか	电气化
電器	でんき	电器
電機	でんき	电机，电气机械
電気通信	でんきつうしん	电信
電極	でんきょく	电极
電撃	でんげき	电击；闪电式（袭击）
電源開発	でんげんかいはつ	电源开发（电力资源开发）
電源ケーブル	でんげんけーぶる	电源线
電光	でんこう	闪电；电灯光
電子部品	でんしぶひん	电子零件，电子元件
電子メール	でんしめーる	电子邮件
電信	でんしん	电报
電磁石	でんじしゃく	电磁铁
伝染病	でんせんびょう	传染病
伝送	でんそう	传送，传输
電卓	でんたく	电子计算器
電池切れ	でんちぎれ	电池耗尽，没电
電通大	でんつうだい	电气通信大学
電鉄	でんてつ	电气铁路
伝統文化	でんとうぶんか	传统文化
伝道	でんどう	传教，布道
殿堂	でんどう	殿堂
電動	でんどう	电动的
デンバー	でんばー	丹佛（地名）
電話機	でんわき	电话机
電話帳	でんわちょう	电话簿
デー	でー	日，节日之日
デーゲーム	でーげーむ	白天场比赛
データ通信	でーたつうしん	数据通信
データバンク	でーたばんく	数据库，信息库
データベース	でーたべーす	数据库
デーモン	でーもん	恶魔；（计算机）守护进程
斗	と	斗（容量单位，约18升）；北斗星
途	と	道，路途
という|と言う	という	叫做，称为；所说的
ということは|と言うことは	ということは	也就是说
ということはない|と言うことはない	ということはない	并非（不可能）；没有那种事
というもの|と言うもの	というもの	所谓的……；这样的东西
というより|と言うより	というより	与其说……不如说
というわけ|という訳	というわけ	正是这个原因；这就是说
といえば|と言えば	といえば	说到……；提起……
といっても|と言っても	といっても	虽说；虽然这样说
トイレット	といれっと	厕所，洗手间
トイレットペーパー	といれっとぺーぱー	卫生纸
トゥルー	とぅるー	真实的
糖	とう	糖
頭	とう	（量词）头，只（用于大型动物）
東亜	とうあ	东亚
統一感	とういつかん	统一感，一体感
党員	とういん	党员
投影	とうえい	投影；投射
東欧	とうおう	东欧
等価	とうか	等价
灯火	とうか	灯火
東海	とうかい	东海地区（日本地名）
倒閣	とうかく	推翻内阁
頭角	とうかく	头角，才华
当確	とうかく	（选举）确定当选
統括	とうかつ	统括，统一管理
投函	とうかん	投寄，投入邮筒
登記	とうき	登记，注册
冬季	とうき	冬季
投機	とうき	投机（买卖）
当期	とうき	本期，本季
騰貴	とうき	（物价）上涨
冬期	とうき	冬季，冬季期间
投棄	とうき	抛弃，丢弃（不当处理）
投球	とうきゅう	投球，投掷
東京証券取引所	とうきょうしょうけんとりひきじょ	东京证券交易所
当局	とうきょく	当局，有关部门
党議	とうぎ	党内会议；党的决议
東宮	とうぐう	皇太子
東経	とうけい	东经
凍結	とうけつ	冻结；（资产、物价等）冻结
刀剣	とうけん	刀剑
陶芸	とうげい	陶艺
投稿	とうこう	投稿；（博客等）发帖
投降	とうこう	投降
陶工	とうこう	陶工，制陶匠
頭骨	とうこつ	头骨，颅骨
搭載	とうさい	搭载，装载；配备（设备）
登載	とうさい	刊登，登载
倒錯	とうさく	颠倒，倒错；性变态
父さん	とうさん	爸爸，父亲
凍死	とうし	冻死
透視	とうし	透视；透视检查；千里眼
闘士	とうし	斗士，战士
闘志	とうし	斗志，战斗意志
投資信託	とうししんたく	投资信托，共同基金
糖質	とうしつ	糖分，糖类
投射	とうしゃ	投射（影像）
党首	とうしゅ	党首，党魁
投手	とうしゅ	投手
投手戦	とうしゅせん	投手战（比赛双方投手表现均出色）
等身	とうしん	与真人等身大
答申	とうしん	答复，答询报告
投信	とうしん	投资信托
冬至	とうじ	冬至
湯治	とうじ	温泉疗养
当事	とうじ	当事，所涉及的事
陶磁器	とうじき	陶瓷器
当事者	とうじしゃ	当事人，涉事者
搭乗	とうじょう	搭乘，登机（登船）
登場人物	とうじょうじんぶつ	（剧、小说等）登场人物
投じる	とうじる	投，投掷；投入，投资
統帥	とうすい	统帅
陶酔	とうすい	陶醉
党勢	とうせい	党的势力，党的声势
投石	とうせき	投石，扔石头
透析	とうせき	透析
党籍	とうせき	党籍
闘争	とうそう	斗争
盗賊	とうぞく	盗贼
倒置	とうち	倒置，颠倒
当地	とうち	当地，本地
登頂	とうちょう	登顶
当直	とうちょく	值班，值日
東都	とうと	东都（旧指江户，今东京）
等々	とうとう	等等
頭取	とうどり	（银行）行长
党内	とうない	党内
島内	とうない	岛内
当の	とうの	（该）……本身，所说的那个
党派	とうは	党派
頭髪	とうはつ	头发
登板	とうばん	（棒球）登板投球
投票所	とうひょうしょ	投票站
投票箱	とうひょうばこ	投票箱
盗品	とうひん	赃物，赃品
闘病	とうびょう	与疾病作斗争
東部	とうぶ	东部
頭部	とうぶ	头部
糖分	とうぶん	糖分
答弁	とうべん	答辩，答复
東方	とうほう	东方
東邦	とうほう	东方（国家）
謄本	とうほん	誊本，副本
党務	とうむ	党务
当面	とうめん	当前，目前；暂且
とうもろこし|玉蜀黍	とうもろこし	玉米
投薬	とうやく	用药，给药
投融資	とうゆうし	投融资
投与	とうよ	给药，用药
盗用	とうよう	盗用，剽窃
登用	とうよう	起用，提拔
当落	とうらく	当选与落选
党利	とうり	党的利益
党略	とうりゃく	党的策略
盗塁	とうるい	（棒球）盗垒
登録者	とうろくしゃ	登记人，注册用户
登録商標	とうろくしょうひょう	注册商标
登録番号	とうろくばんごう	登记号码，注册号
当惑	とうわく	困惑，为难
都営	とえい	都（东京都）营的，都立
遠浅	とおあさ	（海滩）水浅坡缓
１０日	とおか	十日，十号；十天
通し	とおし	从头到尾，一贯到底；（戏）连续上演；（餐前）小菜
とか	とか	……啦……啦；据说
とかす|梳かす	とかす	梳，梳理
時として	ときとして	有时，间或
解きほぐす	ときほぐす	解开，解松；缓解（紧张情绪等）
都議	とぎ	都议会议员
得	とく	利益，好处；合算
とく	とく	预先做好；顺便做
特異	とくい	特异，独特
得策	とくさく	上策，良策
特使	とくし	特使
篤志家	とくしか	慈善家，热心公益者
特質	とくしつ	特质，特点
得失	とくしつ	得失，利弊
特赦	とくしゃ	特赦
特殊法人	とくしゅほうじん	特殊法人（半官方机构）
特需	とくじゅ	特需（战时特殊需求）
得する	とくする	得利，占便宜
特性	とくせい	特性
特製	とくせい	特制，特别制造
特設	とくせつ	特设，专设
特選	とくせん	特选，精选
特捜	とくそう	特别搜查（部）
督促	とくそく	催促，督促
特大	とくだい	特大
特段	とくだん	特别，格外
得々	とくとく	得意洋洋
特派員	とくはいん	特派员，特约记者
特筆	とくひつ	特笔，大书特书
得票	とくひょう	得票（数）
特別価格	とくべつかかく	特价
特別区	とくべつく	特别区
読本	とくほん	读本，课本
匿名	とくめい	匿名
特約	とくやく	特约
特例	とくれい	特例
戸口	とぐち	门口
刺	とげ	刺，尖刺
床	とこ	床铺；壁龛
渡航	とこう	渡航，出国旅行
ところを	ところを	正当……的时候（却）；本该……却
年明け	としあけ	新年伊始
年男	としおとこ	本命年男性
都市ガス	としがす	城市煤气，管道煤气
都市計画	としけいかく	城市规划
年下	としした	年纪小，年少
として	として	作为；以……身份
としても	としても	即使……也；就算是……
年取った	としとった	上了年纪的，年老的
都市部	としぶ	城市地区，市区
年をとる	としをとる	上年纪，变老
閉じ込める	とじこめる	关进，禁闭
戸締まり	とじまり	锁门，锁好门窗
途上国	とじょうこく	发展中国家
トス	とす	（球类）托球；抛硬币
とする	とする	打算……；当作……
とすると	とすると	如果这样的话，那么
とすれば	とすれば	如果……的话
都政	とせい	都政（东京都政务）
塗装	とそう	涂装，涂漆
トタン	とたん	镀锌铁皮，瓦楞铁
途端に	とたんに	刚……就；正当……时
土地柄	とちがら	地方特色，当地风土
ト長調	とちょうちょう	G大调
突貫	とっかん	（喊着口号）冲锋；快速施工
突起	とっき	突起，凸起
特許庁	とっきょちょう	专利局
特訓	とっくん	特训，突击训练
特攻隊	とっこうたい	敢死队，神风特攻队
特効薬	とっこうやく	特效药
突出	とっしゅつ	突出，凸出
突進	とっしん	猛冲，冲锋
凸版	とっぱん	凸版（印刷）
凸版印刷	とっぱんいんさつ	凸版印刷
トッパー	とっぱー	短外套
突風	とっぷう	突风，阵风
トップクラス	とっぷくらす	顶级，一流
トップスター	とっぷすたー	头号明星，顶级明星
トップニュース	とっぷにゅーす	头条新闻
トップバッター	とっぷばったー	第一棒（打者）；第一个出场的人
トップレス	とっぷれす	上身裸露的（泳装等）
嫁ぐ	とつぐ	出嫁
トトカルチョ	ととかるちょ	足球彩票
整った	ととのった	整齐的；端正的
都道府県	とどうふけん	都道府县（日本行政区划）
届け出	とどけで	申报，呈报
とどまる|止まる	とどまる	停留，止步；仅限于
留める	とどめる	留住，阻止；使停留在
トナカイ|馴鹿	となかい	驯鹿
となったら	となったら	要是那样的话，事到那时
隣り合わせ	となりあわせ	紧挨着，毗邻
となる	となる	成为，变成
となると	となると	如果是那样的话，说到……
となれば	となれば	要是那样的话
とは	とは	所谓……（用于下定义）；竟然
とはいうものの|とは言うものの	とはいうものの	话虽如此
とは限らない	とはかぎらない	未必，不一定
飛ばし	とばし	（账面）转移不良资产，藏匿坏账
とびきり|飛び切り	とびきり	格外，特别（出色）
飛び込み	とびこみ	跳入，跳水；（无预约）突然造访
飛び出し	とびだし	冲出，跑出
飛び地	とびち	飞地
飛び火	とびひ	飞火，火星四溅；（事态）波及
塗布	とふ	涂敷，涂抹
途方	とほう	方法；道理
毒舌	どくぜつ	刻薄话，毒舌
独奏	どくそう	独奏
独走	どくそう	独自领先，遥遥领先
独創的	どくそうてき	独创的
ドクターヘリ	どくたーへり	医疗救护直升机
独断	どくだん	独断，武断
ドクトリン	どくとりん	主义，方针
独房	どくぼう	单人牢房，独居房
毒薬	どくやく	毒药
独立行政法人	どくりつぎょうせいほうじん	独立行政法人
独立国	どくりつこく	独立国家
土建屋	どけんや	土木建筑承包商
どこにも|何処にも	どこにも	哪里也（不）；到处
どこにも無い	どこにもない	哪里都没有
怒号	どごう	怒吼，咆哮
どしどし	どしどし	接连不断地；毫不客气地
土砂降り	どしゃぶり	倾盆大雨
土壌	どじょう	土壤；（滋生的）温床
土人	どじん	土著，原住民
度数	どすう	次数；度数
土星	どせい	土星
土石	どせき	土石
土足	どそく	穿着鞋（不脱鞋）；带泥的脚
どたばた	どたばた	吵吵闹闹地；手忙脚乱地
どちらかというと|どちらかと言うと	どちらかというと	要说的话，硬要说的话
どちらでもない	どちらでもない	两者都不是
どちらにせよ	どちらにせよ	无论如何，反正
ドッキング	どっきんぐ	对接
独禁法	どっきんほう	反垄断法
ドック	どっく	船坞；（人体）全面体检
ドッグファイト	どっぐふぁいと	（飞机）空战
ドッグフード	どっぐふーど	狗粮
ドッジボール	どっじぼーる	躲避球
ドット	どっと	点；圆点花纹
怒涛	どとう	怒涛，汹涌的波涛
ドドン	どどん	轰隆一声
どなたか|何方か	どなたか	哪位，某人
どなたでも|何方でも	どなたでも	不论哪位，任何人
怒鳴り込む	どなりこむ	怒气冲冲地闯入（叫嚷）
ドナー	どなー	（器官、血液）捐赠者
どのくらい|どの位	どのくらい	多久，多少，多远
どのよう|どの様	どのよう	怎样的，哪种
どのように|どの様に	どのように	怎样，如何
土俵際	どひょうぎわ	（相扑）台边；紧要关头
土塀	どべい	土墙
土間	どま	土间，室内泥地；（剧场）正厅座位
ドミノ	どみの	多米诺骨牌；连锁反应
ども|共	ども	（后缀，谦称复数）我们；（表复数、蔑称）们
どもる|吃る	どもる	口吃，结巴
土曜	どよう	星期六
どよめく|響めく	どよめく	轰动，引起骚动
ドライフラワー	どらいふらわー	干花
ドラゴン	どらごん	龙（西方神话中的）
ドラスチック	どらすちっく	激烈的，剧烈的
ドラッグ	どらっぐ	药物；毒品；（鼠标）拖拽
ドラフト	どらふと	选秀；草案，草稿
ドラマチック	どらまちっく	戏剧性的
ドラマー	どらまー	鼓手
ドラム	どらむ	鼓；爵士鼓
ドラム缶	どらむかん	油桶，铁桶
ドラ息子	どらむすこ	败家子，游手好闲的儿子
ドリアン	どりあん	榴莲
ドリブル	どりぶる	（球类）运球
ドリンク	どりんく	饮料
ドリー	どりー	（摄影）移动车
ドリーム	どりーむ	梦想
ドル|弗	どる	美元；金钱
ドル買い	どるかい	买入美元
ドルフィンキック	どるふぃんきっく	（游泳）海豚式打水
どれくらい|どれ位	どれくらい	多少，多久
どれでも|何れでも	どれでも	无论哪个，任何一个
どれどれ|何れ何れ	どれどれ	哪个；喂，来看看
ドロップ	どろっぷ	水果糖；下降球；掉落
どろどろ|泥々	どろどろ	黏糊糊的；泥泞的
泥沼	どろぬま	泥沼，泥潭
ドロー	どろー	平局，和局；抽签
ドローイング	どろーいんぐ	绘画，素描
鈍化	どんか	变钝，迟钝化；（速度）放缓
鈍器	どんき	钝器
どんぐり|団栗	どんぐり	橡子，橡实
貪欲	どんよく	贪婪的
ドーク	どーく	温和派（政治）
ドーナツ	どーなつ	甜甜圈
ドーピング	どーぴんぐ	（体育）服用违禁药物
ドーマーウインドー	どーまーういんどー	老虎窗，屋顶天窗
ドーム	どーむ	穹顶，圆顶建筑
菜	な	蔬菜，青菜
な	な	（终助词）不要……；喂
内	ない	……以内，……之内
内海	ないかい	内海，海湾
内角	ないかく	内角
内閣官房	ないかくかんぼう	内阁官房
内閣府	ないかくふ	内阁府
内閣法制局	ないかくほうせいきょく	内阁法制局
内外	ないがい	内外，国内外
内規	ないき	内部规定
内向	ないこう	内向
内出血	ないしゅっけつ	内出血
内申	ないしん	（学校）内部评定报告
内示	ないじ	内部通知，非正式通知
ナイジェリア	ないじぇりあ	尼日利亚
内実	ないじつ	内情，真相
内情	ないじょう	内情，实情
ナイス	ないす	好，漂亮（多用于赞叹）
ナイスバディ	ないすばでぃ	身材好，好身材
内省	ないせい	内省，反省
内政	ないせい	内政
内戦	ないせん	内战
内装	ないそう	内装修，内饰
内諾	ないだく	私下同意，非正式许可
ナイチンゲール	ないちんげーる	夜莺；南丁格尔
内偵	ないてい	秘密侦查
ないと行けない	ないといけない	不……不行，必须
ないと行けません	ないといけません	不……不行，必须（敬语）
ナイトクラブ	ないとくらぶ	夜总会
内分泌	ないぶんぴ	内分泌
内包	ないほう	内含，蕴含；内涵（逻辑学）
内務	ないむ	内务
内面	ないめん	内面，内心
内野	ないや	（棒球）内场
内野手	ないやしゅ	（棒球）内场手
ナイル|尼羅	ないる	尼罗河
ナイン	ないん	九；（棒球）队伍，队员
ナイーブ	ないーぶ	天真的，单纯的
ナウ	なう	时髦的，流行的
苗木	なえぎ	树苗，幼苗
苗床	なえどこ	苗床
萎える	なえる	枯萎；（力气）衰退，瘫软
なおかつ|尚且つ	なおかつ	而且，并且
なおざり|等閑	なおざり	忽视，马虎
直し	なおし	修正，修理
仲買	なかがい	经纪，中间商
中継ぎ	なかつぎ	中间接续；（棒球）中继投手
中でも	なかでも	其中尤其，特别是
中にも	なかにも	其中尤其，特别是
中庭	なかにわ	庭院，天井
仲間入り	なかまいり	加入（伙伴、集团）
仲間たち	なかまたち	伙伴们，同伴们
長い間	ながいあいだ	长时间，长期以来
長生き	ながいき	长寿
長唄	ながうた	长呗（三味线伴奏的叙事歌曲）
長話	ながばなし	长谈
長屋	ながや	长屋，联排房
ながら|乍ら	ながら	一边……一边……；虽然
長らく	ながらく	长久，很长时间
ながらも|乍らも	ながらも	虽然……但是
長～	なが～	长……
泣き	なき	哭泣
泣き顔	なきがお	哭丧的脸
亡骸	なきがら	遗体，遗骸
鳴き声	なきごえ	（动物的）叫声，啼声
なきゃいけない|無きゃいけない	なきゃいけない	不得不，必须
なくちゃいけない|無くちゃいけない	なくちゃいけない	不得不，必须
なくてはいけない|無くてはいけない	なくてはいけない	不得不，必须
なくてはいけません|無くてはいけません	なくてはいけません	不得不，必须（敬语）
なくてはならない|無くてはならない	なくてはならない	不可缺少，必不可少
殴り込み	なぐりこみ	突袭，闯入行凶
なければならない	なければならない	必须，不得不
投げ	なげ	投，扔；（棋类）认输
嘆き	なげき	叹息，悲叹
なさい|為さい	なさい	请做……（命令、劝导）
なさそう|無さそう	なさそう	好像没有，似乎不……
名指し	なざし	点名，指名
なしには|無しには	なしには	没有……就不……
ナショナリズム	なしょなりずむ	民族主义
ナショナル	なしょなる	国家的，全国性的
ナショナルチェーン	なしょなるちぇーん	全国连锁
ナショナルリーグ	なしょなるりーぐ	国家联盟（美国职棒）
なぜか|何故か	なぜか	不知为何
なぞらえる|準える	なぞらえる	比拟，比作
菜種	なたね	油菜籽
灘	なだ	（风急浪高的）外海
ナチ	なち	纳粹
ナチス	なちす	纳粹党
ナチズム	なちずむ	纳粹主义
ナチュラリスト	なちゅらりすと	自然主义者
ナチュラル	なちゅらる	自然的，天然的；（乐谱）还原记号
ナックル	なっくる	指关节；（棒球）蝴蝶球
ナッシング	なっしんぐ	零；无
ナット	なっと	螺母；坚果
ナップザック	なっぷざっく	背包，双肩包
懐かしむ	なつかしむ	怀念，思念
夏時間	なつじかん	夏令时
夏場所	なつばしょ	夏季大相扑（五月场）
夏バテ	なつばて	苦夏，中暑乏力
ナトリウム	なとりうむ	钠
など|等	など	等，等等
何かと	なにかと	这样那样，多方面
何気なく	なにげなく	无意中，若无其事地
何卒	なにとぞ	务请，恳请
何人	なにびと	任何人，无论谁
何も	なにも	什么也（不）；完全不必
何者	なにもの	何人，什么人
なにやら|何やら	なにやら	不知什么，总觉得
難波	なにわ	难波（大阪旧称）
何を隠そう	なにをかくそう	实不相瞒，说实话
ナノ	なの	（前缀）纳（10的负9次方）
７日	なのか	七号；七天
なのだ	なのだ	（断定语气）正是，就是
名乗り	なのり	报姓名，自报家门
名乗り出る	なのりでる	自报身份，挺身而出
名乗る	なのる	自称，自报姓名
ナビ	なび	导航（系统）
なびく|靡く	なびく	飘动，随风摆动；顺从，屈服
ナビゲーター	なびげーたー	导航员；（节目）主持人
ナフサ	なふさ	石脑油
ナポレオン	なぽれおん	拿破仑
生中継	なまちゅうけい	现场直播
生ぬるい	なまぬるい	微温的；不够彻底的，半吊子的
涙ぐましい	なみだぐましい	令人心酸的，感人落泪的
涙声	なみだごえ	带哭腔的声音
ナミビア	なみびあ	纳米比亚
舐める	なめる	舔；小看，轻视
納屋	なや	仓房，储藏室
なら	なら	如果，要是
ならない	ならない	不由得（感到）……
並び	ならび	排列，行列
並び替える	ならびかえる	重新排列，排序
鳴り	なり	响声，鸣响
なり	なり	或者，……也好；一……就……
なりに	なりに	以……自己的方式；就……而言
鳴門	なると	（海峡的）漩涡；鸣门卷（鱼糕）
ナレーション	なれーしょん	旁白，解说
ナレーター	なれーたー	解说员，旁白者
ナローキャスティング	なろーきゃすてぃんぐ	窄播（针对特定受众的广播）
縄跳び	なわとび	跳绳
南緯	なんい	南纬
難易	なんい	难易（程度）
なんか	なんか	……之类的，……什么的
軟化	なんか	软化；（态度）缓和
何回	なんかい	几次
南海	なんかい	南海
難関	なんかん	难关，障碍
軟禁	なんきん	软禁
軟骨	なんこつ	软骨
軟式	なんしき	软式（垒球、网球等）
何時間	なんじかん	几个小时
軟弱	なんじゃく	软弱，懦弱
何十	なんじゅう	几十
何千	なんぜん	几千
軟着陸	なんちゃくりく	软着陆
難聴	なんちょう	重听，听力障碍
難点	なんてん	难点，缺陷
なんです	なんです	是……（表强调、说明）
何と	なんと	多么，何等；竟然
なんという|何という	なんという	多么……啊；（否定）不值一提
なんというか|何と言うか	なんというか	怎么说呢
何とも言えない	なんともいえない	难以形容，说不上来
何度	なんど	几次；几度
何度でも	なんどでも	不管多少次
難なく	なんなく	轻而易举地
何なのか	なんなのか	究竟是什么
何人	なんにん	几个人
何人か	なんにんか	几个人，若干人
何年	なんねん	几年
南蛮	なんばん	南蛮（古时对南方异族及西洋人的称呼）
ナンバープレート	なんばーぷれーと	车牌
ナンバーワン	なんばーわん	第一，头号
軟派	なんぱ	搭讪（异性）者；温和派
南氷洋	なんひょうよう	南冰洋
何百	なんびゃく	几百
難病	なんびょう	难治之症
南部	なんぶ	南部
何遍	なんべん	几遍，多少次
南北問題	なんぼくもんだい	南北问题（发达国家与发展中国家差距问题）
南方	なんぽう	南方
難民	なんみん	难民
何ら	なんら	丝毫（不），任何
何～	なん～	什么……，几……
ナーサリー	なーさりー	托儿所，苗圃
ナース	なーす	护士
ナーバス	なーばす	神经质的，紧张的
に	に	（助词，表时间、地点等）在，于
似合い	にあい	相配，般配
荷揚げ	にあげ	卸货，卸船
にあたっては|に当たっては	にあたっては	在……之际，当……的时候
にあっては	にあっては	在……方面；处于……状态下
ニアミス	にあみす	差点相撞（航空），惊险的接近
新潟	にいがた	新潟
兄さん	にいさん	哥哥
兄ちゃん	にいちゃん	哥哥（亲昵称呼）；小伙子
二院	にいん	两院（议会）
において|に於いて	において	在……（时间、地点、情况）
仁王	におう	仁王（佛教护法金刚力士像）
における|に於ける	における	在……的，……中的
二回	にかい	两次
二階	にかい	二楼
二階建て	にかいだて	两层楼建筑
に限って	にかぎって	唯独，偏偏
にかけて	にかけて	到……为止；从……到……
ニカラグア|尼加拉瓦	にからぐあ	尼加拉瓜
に関して	にかんして	关于，有关
似顔	にがお	画像，肖像
似顔絵	にがおえ	肖像画
２月	にがつ	二月
苦味	にがみ	苦味
苦笑い	にがわらい	苦笑
二期	にき	两期，两届
握らす	にぎらす	让……握住（手）
握り	にぎり	握，抓；饭团（简称）
握り締める	にぎりしめる	紧握，攥紧
にぎり寿司	にぎりずし	握寿司
握り飯	にぎりめし	饭团
にくい|難い	にくい	难以……，不容易……
肉眼	にくがん	肉眼
肉声	にくせい	（未经扩音的）真实嗓音
肉体的	にくたいてき	肉体上的，身体上的
肉薄	にくはく	逼近，紧逼
肉筆	にくひつ	亲笔（手书）
肉屋	にくや	肉铺，肉店
に加えて	にくわえて	加上，另外
二宮	にぐう	（伊势神宫的）内外两宫
二軍	にぐん	（棒球）二队，替补队
逃げ	にげ	逃跑，逃脱
逃げ足	にげあし	逃跑的脚步
逃げ切る	にげきる	逃脱成功；（比赛中）保持领先到底
逃げ道	にげみち	退路，逃生之路
ニコチン	にこちん	尼古丁
ニコニコ	にこにこ	笑嘻嘻地
にこやか|和やか	にこやか	笑容满面的
二号	にごう	第二号；（旧称）小老婆
に際して	にさいして	在……之际
二死	にし	（棒球）两人出局
西風	にしかぜ	西风
西側	にしがわ	西侧；西方阵营
錦	にしき	锦缎；绚丽多彩
に従って	にしたがって	按照，随着
にしても	にしても	即使……也；就算是
西ドイツ	にしどいつ	西德
西日本	にしにほん	西日本
二者択一	にしゃたくいつ	二选一
二次	にじ	第二次；二次（方程等）
二十世紀	にじっせいき	二十世纪；二十世纪梨（品种）
２０	にじゅう	二十
二重	にじゅう	双重，两层
２１日	にじゅういちにち	21号，21天
２９日	にじゅうくにち	29号，29天
２５日	にじゅうごにち	25号，25天
２３日	にじゅうさんにち	23号，23天
２７日	にじゅうしちにち	27号，27天
二重奏	にじゅうそう	二重奏
２２日	にじゅうににち	22号，22天
２８日	にじゅうはちにち	28号，28天
二十四時間制	にじゅうよじかんせい	24小时制
２４日	にじゅうよっか	24号，24天
２６日	にじゅうろくにち	26号，26天
偽	にせ	假的，冒牌的
二世	にせい	（移民）第二代；……二世
尼僧	にそう	尼姑，修女
に対して	にたいして	对于，与……相对
に対する	にたいする	对……的，针对……的
荷台	にだい	（车辆的）载货台，行李架
日常生活	にちじょうせいかつ	日常生活
日米	にちべい	日美（日本和美国）
日没	にちぼつ	日落
日曜	にちよう	星期日
日刊	にっかん	日刊
日韓	にっかん	日韩
ニッカーズ	にっかーず	灯笼裤
日給	にっきゅう	日薪
ニック	にっく	刻痕，凹口
日経	にっけい	日经（日本经济新闻社，日经指数）
ニッケル	にっける	镍
日光浴	にっこうよく	日光浴
日産	にっさん	日产量；日产（汽车公司）
日誌	にっし	日志，日记
日照	にっしょう	日照
日食	にっしょく	日食
ニット	にっと	针织品
日報	にっぽう	日报（每日报告）
日本銀行	にっぽんぎんこう	日本银行
について|に就いて	について	关于，就……
にて	にて	在……（表时间、地点，书面语）
にとって|に取って	にとって	对于，从……角度看
二度	にど	两次；两度
二度と	にどと	再也（不）
二度寝	にどね	（醒后又）回笼觉
担い手	にないて	承担者，担当者
になると	になると	一到……就；说到……
二人三脚	ににんさんきゃく	两人三足；同心协力
二人前	ににんまえ	两人份
二の次	にのつぎ	次要的
には	には	对于……而言；（用于加强语气）
二番	にばん	第二，第二名
２００	にひゃく	二百
二百十日	にひゃくとおか	（立春后）第210天，多台风日
二百二十日	にひゃくはつか	（立春后）第220天
ニヒル	にひる	虚无主义的
荷札	にふだ	行李标签，货签
二部	にぶ	两部分；第二部
二分	にぶん	二分，一分为二
日本一	にほんいち	日本第一
日本海	にほんかい	日本海
日本画	にほんが	日本画
日本学術会議	にほんがくじゅつかいぎ	日本学术会议
日本企業	にほんきぎょう	日本企业
日本経済	にほんけいざい	日本经济
日本国民	にほんこくみん	日本国民
日本史	にほんし	日本史
日本紙	にほんし	日本纸，和纸
日本式	にほんしき	日本式
日本社会	にほんしゃかい	日本社会
日本中	にほんじゅう	全日本，日本各地
日本製	にほんせい	日本制造
日本政府	にほんせいふ	日本政府
日本全国	にほんぜんこく	日本全国
二本立て	にほんだて	（电影）双片连映
日本刀	にほんとう	日本刀
日本初	にほんはつ	日本首创，日本第一次
二枚	にまい	两张（纸等）
二枚舌	にまいじた	两面派，说话不一致
に向けて	にむけて	朝向；以……为目标
にも	にも	也，甚至；不……也……
煮物	にもの	炖菜，煮的菜
にゃー	にゃー	喵（猫叫声）
煮やす	にやす	（内部）煮熟
ニヤニヤ	にやにや	冷笑，窃笑
入園	にゅうえん	入园（幼儿园）；入园游览
入閣	にゅうかく	入阁（担任内阁大臣）
入館料	にゅうかんりょう	入馆费
入金	にゅうきん	收款，入账
入港	にゅうこう	入港
入国管理局	にゅうこくかんりきょく	入境管理局
入札	にゅうさつ	投标，招标
入試	にゅうし	入学考试
入室	にゅうしつ	入室，进屋
入所	にゅうしょ	入所，入院；入狱
入植	にゅうしょく	移民定居，开拓入垦
乳児	にゅうじ	婴儿，乳儿
乳製品	にゅうせいひん	乳制品
入籍	にゅうせき	入籍（登记结婚等）
入選	にゅうせん	入选，获选
入団	にゅうだん	入团，加入（团体、球队）
入店	にゅうてん	进店；入职（在店里工作）
入党	にゅうとう	入党
入念	にゅうねん	精心的，周到细致的
入幕	にゅうまく	（相扑）升入幕内级别
入門	にゅうもん	入门；拜师
乳幼児	にゅうようじ	婴幼儿
柔和	にゅうわ	温和，柔和
ニューウェーブ	にゅーうぇーぶ	新浪潮
ニュージャージー	にゅーじゃーじー	新泽西
ニュースソース	にゅーすそーす	新闻来源，消息来源
ニュースレター	にゅーすれたー	新闻简讯
ニュータウン	にゅーたうん	新城，新住宅区
ニュートラ	にゅーとら	新传统风（70年代时尚风格）
ニュートン	にゅーとん	牛顿（力的单位）
ニューハンプシャー	にゅーはんぷしゃー	新罕布什尔
ニューフェイス	にゅーふぇいす	新面孔，新人
ニューメキシコ	にゅーめきしこ	新墨西哥
ニューメディア	にゅーめでぃあ	新媒体
ニューヨーカー	にゅーよーかー	纽约客
ニューリーダー	にゅーりーだー	新领袖，新领导人
ニューロ	にゅーろ	（前缀）神经
ニューロン	にゅーろん	神经元
尿酸	にょうさん	尿酸
によって|に因って	によって	由于，通过；根据
によって異なる	によってことなる	因……而异
による|に依る	による	由于，因为；根据
によると|に依ると	によると	据……说，根据
二流	にりゅう	二流的
二輪車	にりんしゃ	两轮车
二塁	にるい	（棒球）二垒
二塁手	にるいしゅ	（棒球）二垒手
二塁打	にるいだ	（棒球）二垒打
にわかに|俄かに	にわかに	突然，骤然
庭木	にわき	庭院树木
にわたって|に渡って	にわたって	经历，持续……（时间、范围）
鶏	にわとり	鸡
二割	にわり	两成，百分之二十
任	にん	职责，任务
人	にん	（量词）人，名
認可	にんか	批准，认可
任期	にんき	任期
人気のある	にんきのある	受欢迎的，有人气的
人気者	にんきもの	受欢迎的人，红人
人間関係	にんげんかんけい	人际关系
人間国宝	にんげんこくほう	（日本）人间国宝
人間性	にんげんせい	人性
人間像	にんげんぞう	人物形象
人間的	にんげんてき	人性的，有人情味的
人間ドック	にんげんどっく	全面体检
妊産婦	にんさんぷ	孕产妇
認証	にんしょう	认证，鉴定
人相	にんそう	相貌，面相
認知	にんち	认知；（法律）认领（私生子）
にんにく|大蒜	にんにく	大蒜
妊婦	にんぷ	孕妇
人前	にんまえ	（食物）一人份
ニー	にー	膝盖
ニーズ	にーず	需求
ニート|ＮＥＥＴ	にーと	尼特族（不升学不就业不进修者）
縫い目	ぬいめ	缝线，针脚
抜かる	ぬかる	疏忽，出差错
抜き	ぬき	去掉，省去
ぬくもり|温もり	ぬくもり	温暖，暖意
拭う	ぬぐう	擦拭；消除（印象、羞耻等）
布地	ぬのじ	布料，衣料
沼田	ぬまた	泥泞的水田
沼地	ぬまち	沼泽地
ぬめり|滑り	ぬめり	黏液，黏滑物
塗り替える	ぬりかえる	重新涂刷；彻底改变，刷新（记录）
ヌルヌル	ぬるぬる	黏糊糊，滑溜溜
ヌード	ぬーど	裸体
ヌードル	ぬーどる	面条
ヌーベル	ぬーべる	中篇小说；新的
ヌーボー	ぬーぼー	现代的，新潮的；新艺术风格
子	ね	子（十二地支之一，鼠）；子时；正北方
寝	ね	睡眠
ね	ね	……吧，……呢（终助词，表确认）
ネアンデルタール	ねあんでるたーる	尼安德特人
寝息	ねいき	睡眠中的呼吸（声）
ネイキッド	ねいきっど	裸露的
ネイチャー	ねいちゃー	自然
ネイビー	ねいびー	海军蓝，藏青色
ネイル	ねいる	指甲，美甲
姉さん	ねえさん	姐姐
ネオ	ねお	（前缀）新，新型
ネオナチ	ねおなち	新纳粹主义者
ネオン	ねおん	氖；霓虹灯
寝返り	ねがえり	（睡觉时）翻身；倒戈，背叛
寝返る	ねがえる	（睡觉时）翻身；倒戈，背叛
寝顔	ねがお	睡脸，睡容
ネガティブ	ねがてぃぶ	消极的，负面的
願わくは	ねがわくは	但愿，希望
寝苦しい	ねぐるしい	（因闷热等）难以入睡
猫舌	ねこじた	怕烫（吃不了热食）
猫背	ねこぜ	驼背，弓背
寝転ぶ	ねころぶ	躺下，横卧
寝言	ねごと	梦话；胡说八道
値下がり	ねさがり	跌价，降价
値下げ	ねさげ	降价
根ざす	ねざす	扎根，源于
ネジ|螺子	ねじ	螺丝，螺钉
ネス	ねす	（后缀）性，度
寝過ごす	ねすごす	睡过头
ネスト	ねすと	巢，窝；藏身处
ネッカチーフ	ねっかちーふ	方巾，围巾
熱気	ねっき	热气；热情，热烈气氛
根っこ	ねっこ	（植物）根；（问题）根源
熱戦	ねっせん	激战
熱帯魚	ねったいぎょ	热带鱼
ネットプレー	ねっとぷれー	（网球等）近网打法
寝付く	ねつく	入睡；卧病在床
熱病	ねつびょう	热病，发热的疾病
熱烈	ねつれつ	热烈，热诚
寝泊まり	ねとまり	留宿，住宿
寝床	ねどこ	床铺
ねばねば|粘々	ねばねば	黏糊糊
粘り強い	ねばりづよい	坚韧不拔，有毅力
寝冷え	ねびえ	睡觉着凉
寝不足	ねぶそく	睡眠不足
ネブラスカ	ねぶらすか	内布拉斯加
根掘り葉掘り	ねほりはほり	刨根问底地
寝ぼける	ねぼける	睡眼惺忪，迷迷糊糊
眠り	ねむり	睡眠
練り	ねり	揉，搅拌；（酱等）膏状物
年	ねん	年
年会	ねんかい	年会
年刊	ねんかん	年刊，年度出版物
年額	ねんがく	年度金额
年月日	ねんがっぴ	年月日
年功	ねんこう	多年功劳，资历
年後	ねんご	……年后
年産	ねんさん	年产量
年始	ねんし	年初；新年拜年
年初	ねんしょ	年初
念書	ねんしょ	字据，保证书
年商	ねんしょう	年营业额
年中無休	ねんじゅうむきゅう	全年无休
年数	ねんすう	年数
年生	ねんせい	……年级学生
年内	ねんない	年内，年底前
年表	ねんぴょう	年表
年譜	ねんぷ	年谱
年俸	ねんぽう	年薪
粘膜	ねんまく	黏膜
年来	ねんらい	多年来，长年
念力	ねんりき	念力，意志力
年率	ねんりつ	年利率
年齢層	ねんれいそう	年龄层
ネーム	ねーむ	名字；铭牌；（漫画）分镜脚本
乃	の	……的（表所属、修饰，文语）
ＮＯＲ	のあ	或非（逻辑运算符）
ノイズ	のいず	噪音，干扰
農	のう	农，农业
脳炎	のうえん	脑炎
農園	のうえん	农园，农场
農閑期	のうかんき	农闲期
能楽	のうがく	能乐
農学部	のうがくぶ	农学院
農協	のうきょう	农业协会，农协
納金	のうきん	缴款
農業協同組合	のうぎょうきょうどうくみあい	农业协同组合
濃紺	のうこん	深蓝色，藏青色
農作業	のうさぎょう	农活，田间劳作
農産	のうさん	农产（品）
濃縮	のうしゅく	浓缩
脳出血	のうしゅっけつ	脑出血
農相	のうしょう	农业大臣
農政	のうせい	农业政策
納税	のうぜい	纳税
脳卒中	のうそっちゅう	脑卒中，中风
濃淡	のうたん	浓淡
農地改革	のうちかいかく	土地改革（农地改革）
能動	のうどう	主动，能动
能動的	のうどうてき	主动的，能动的
脳波	のうは	脑电波
ノウハウ	のうはう	技术诀窍；专门知识；门道
農法	のうほう	农业方法；耕作法
濃霧	のうむ	浓雾
能面	のうめん	能剧面具
脳裏	のうり	脑海；心中
農林	のうりん	农林
ノエル	のえる	圣诞节
軒先	のきさき	屋檐下；房屋正面
退ける	のける	挪开，移开；除去，排除
残った分	のこったぶん	剩余部分
伸し	のし	伸展；侧泳
ノスタルジア	のすたるじあ	怀旧；乡愁
ノスタルジック	のすたるじっく	怀旧的
ノスタルジー	のすたるじー	怀旧；乡愁
野末	のずえ	田野的尽头；偏远地区
ノズル	のずる	喷嘴
除いて	のぞいて	除……之外
のたびに|の度に	のたびに	每逢……之时
のだ	のだ	（表说明、解释）就是；正是因为
後々	のちのち	今后；将来
ノッカー	のっかー	（门）敲环，门环
ノックダウン	のっくだうん	击倒；散件组装
乗っ取り	のっとり	夺取，劫持；（企业）收购
ので	ので	因为；由于
のです	のです	（表说明、解释）就是；正是因为
野中	のなか	田野之中
のに	のに	虽然；尽管；可是
伸び	のび	伸展；增长；（涂料等的）延展性
伸び悩む	のびなやむ	停滞不前，增长乏力
のびのび|伸び伸び	のびのび	舒畅；自由自在
伸びやか	のびやか	舒畅的；无拘无束的
伸び率	のびりつ	增长率；延伸率
ノブ	のぶ	把手；旋钮
のぼせる|逆上せる	のぼせる	头晕，上火；冲昏头脑；着迷
上せる	のぼせる	提升；记载；提出（议题）；端上（食物）
上り下り	のぼりくだり	上下，攀登与下行
上り坂	のぼりざか	上坡；上升趋势
のみ	のみ	只；仅仅
ノミネート	のみねーと	提名
飲み水	のみみず	饮用水
野山	のやま	山野
乗り	のり	乘坐；（涂料等的）附着；（车船的）乘坐人数
乗り降り	のりおり	上下车（船等）
乗り気	のりき	感兴趣；热心
乗り回す	のりまわす	开车兜风；骑车到处跑
ノルディック	のるでぃっく	北欧式的
呪い	のろい	诅咒；咒语
呪う	のろう	诅咒；憎恶
のろま|鈍間	のろま	笨蛋；迟钝的人
ノン	のん	非，不
ノンアルコール	のんあるこーる	无酒精的
ノンストップ	のんすとっぷ	不停的；直达的
ノンバンク	のんばんく	非银行金融机构
ノンフィクション	のんふぃくしょん	纪实文学；非虚构作品
ノーコメント	のーこめんと	无可奉告
ノーサイド	のーさいど	（橄榄球）比赛结束
ノースカロライナ	のーすかろらいな	北卡罗来纳州
ノータッチ	のーたっち	不触碰；不插手
ノーヒットノーランゲーム	のーひっとのーらんげーむ	无安打无失分比赛
ノーブル	のーぶる	高贵的
ノーベル賞	のーべるしょう	诺贝尔奖
ノーマライズ	のーまらいず	使正常化
ノーマル	のーまる	正常的；普通的
ノーマーク	のーまーく	未被注意的；未被盯防的
派	は	党派；派别
は	は	（提示主题、对比）是；则
ハイ	はい	兴奋，high；情绪高涨
～敗	はい	（比赛）负，败……场
廃案	はいあん	被否决的议案
敗因	はいいん	败因；失败原因
ハイウェイ	はいうぇい	高速公路
肺炎	はいえん	肺炎
配管	はいかん	管道铺设；配管
ハイカー	はいかー	徒步旅行者
排気ガス	はいきがす	废气
廃棄物	はいきぶつ	废弃物；垃圾
配球	はいきゅう	（棒球等）投球配置
廃墟	はいきょ	废墟
廃業	はいぎょう	歇业；停业
ハイク	はいく	徒步旅行
肺結核	はいけっかく	肺结核
廃坑	はいこう	废矿；矿井关闭
配合	はいごう	配合；搭配；调配
廃材	はいざい	废料；废木料
敗者	はいしゃ	败者；失败者
排出	はいしゅつ	排出，排放
輩出	はいしゅつ	辈出，涌现
背信	はいしん	背信；不忠
配信	はいしん	发布，传送（信息、新闻等）；分发
俳人	はいじん	俳句诗人
ハイスクール	はいすくーる	高中
排斥	はいせき	排斥；排挤
廃絶	はいぜつ	废除；消除
敗訴	はいそ	败诉
配送先	はいそうさき	配送地址
排他	はいた	排他
敗退	はいたい	败退；被淘汰
排他主義	はいたしゅぎ	排他主义
ハイツ	はいつ	（住宅名）……庄园，……高地
ハイティーン	はいてぃーん	十七八岁的青少年
配電	はいでん	配电
配当	はいとう	分红；红利；分配
排日	はいにち	排日；反日
背任	はいにん	渎职；失职
ハイパー	はいぱー	超级；超……的
ハイヒール	はいひーる	高跟鞋
配備	はいび	部署；配备
ハイビジョン	はいびじょん	高清晰度电视
ハイビスカス	はいびすかす	芙蓉花；扶桑花
ハイファイ	はいふぁい	高保真
ハイブリッド	はいぶりっど	混合动力；混合型
ハイペース	はいぺーす	快节奏
配本	はいほん	（预约图书等的）分发，配书
ハイム	はいむ	（住宅名）家园
配役	はいやく	角色分配；演员阵容
ハイヤー	はいやー	（带司机的）出租车
ハイライト	はいらいと	高光；精彩部分；亮点
ハイランド	はいらんど	高地
ハイレグ	はいれぐ	高开叉（泳装等）
ハイレベル	はいれべる	高水平的
ハウ	はう	怎么，如何
ハウジング	はうじんぐ	住宅；外壳，罩壳
ハウス	はうす	房屋；温室
ハウツー	はうつー	方法指南
はえ|蠅	はえ	苍蝇；无用之人
栄え	はえ	荣耀；光荣
生え抜き	はえぬき	土生土长的；一直在职的（老资格）
羽織	はおり	（和服）羽织外套
博多	はかた	博多（地名）
袴	はかま	（和服）裙裤；袴
鋼	はがね	钢；钢铁般的意志
歯痒い	はがゆい	焦急的；令人着急的
覇気	はき	进取心；朝气
吐き出す	はきだす	吐出；喷出（气体等）
履き古し	はきふるし	穿旧的鞋（袜）
はぎ|萩	はぎ	胡枝子（植物）
伯	はく	伯爵；祭祀官职
博	はく	博士；博览会（后缀）
博愛	はくあい	博爱
白衣	はくい	白衣；（医生等的）白大褂
博学	はくがく	博学
迫撃	はくげき	近身攻击
迫撃砲	はくげきほう	迫击炮
博士	はくし	博士
拍車	はくしゃ	马刺；促进，加速
伯爵	はくしゃく	伯爵
白書	はくしょ	白皮书
白人	はくじん	白人
白線	はくせん	白线
伯仲	はくちゅう	不相上下，势均力敌
白内障	はくないしょう	白内障
白馬	はくば	白马；（未过滤的）浊酒
博物	はくぶつ	博物；博学
白米	はくまい	白米，精米
舶来	はくらい	舶来的；进口的
博覧会	はくらんかい	博览会
はぐれる|逸れる	はぐれる	走散；错过（机会）
禿	はげ	秃头；光秃
歯ごたえ	はごたえ	嚼劲；应对的分量感
羽衣	はごろも	羽衣
刃先	はさき	刀刃尖端
挟み撃ち	はさみうち	夹击；两面夹攻
狭間	はざま	夹缝；间隙
はしたない|端たない	はしたない	不成体统的；不知羞耻的
覇者	はしゃ	霸主；冠军
はしゃぐ|燥ぐ	はしゃぐ	欢闹；兴高采烈
派出所	はしゅつじょ	派出所；分驻所
走り	はしり	奔跑；（应季食物的）初上市
走り書き	はしりがき	潦草地写；速写
走り高跳び	はしりたかとび	跳高
走り出す	はしりだす	开始跑；（车辆）开动
走り幅跳び	はしりはばとび	跳远
恥さらし	はじさらし	丢脸；出丑
恥知らず	はじしらず	不知羞耻的；厚颜无耻的人
はす|蓮	はす	莲；荷花
ハスキー	はすきー	沙哑的（嗓音）
弾み	はずみ	反弹；势头，冲力；机缘巧合
派生	はせい	派生
旗揚げ	はたあげ	举兵；创立新团体（事业）
旗色	はたいろ	形势，局面；立场倾向
はたき|叩き	はたき	（除尘用的）鸡毛掸子
旗印	はたじるし	旗帜标志；（口号）旗号
働かせる	はたらかせる	使工作；运用（脑筋等）
働き口	はたらきぐち	工作岗位；就业机会
働き盛り	はたらきざかり	壮年时期，年富力强
働き手	はたらきて	劳动力；顶梁柱
肌色	はだいろ	肤色
肌触り	はだざわり	触感；手感
蜂	はち	蜂
鉢植え	はちうえ	盆栽
８月	はちがつ	八月
８０	はちじゅう	八十
売春婦	ばいしゅんふ	妓女
賠償金	ばいしょうきん	赔偿金
陪審	ばいしん	陪审
倍増	ばいぞう	倍增；加倍
媒体	ばいたい	媒体；媒介
バイタリティ	ばいたりてぃ	活力
バイト	ばいと	打工；兼职工作
バイパス	ばいぱす	（道路）旁道，绕行道；旁路
バイブル	ばいぶる	圣经；（权威）经典著作
バイヤー	ばいやー	采购员；买手
培養	ばいよう	培养；培育
バイリンガル	ばいりんがる	双语的
バウサイド	ばうさいど	（赛艇）船首侧
バウムクーヘン	ばうむくーへん	年轮蛋糕
バウンド	ばうんど	弹跳；反弹
ばかり|許り	ばかり	只；仅；净是
ばかりか|許りか	ばかりか	不仅……而且
バガボンド	ばがぼんど	流浪汉
バギー	ばぎー	沙滩车；越野车
爆音	ばくおん	爆炸声；轰鸣声
麦芽	ばくが	麦芽
爆撃	ばくげき	轰炸
爆竹	ばくちく	爆竹，鞭炮
バクテリア	ばくてりあ	细菌
幕府	ばくふ	幕府
幕末	ばくまつ	幕末（江户时代末期）
爆薬	ばくやく	炸药
幕僚	ばくりょう	幕僚；参谋
バグダッド|巴格達	ばぐだっど	巴格达
化け物	ばけもの	妖怪；怪物
馬券	ばけん	赛马彩票
バザー	ばざー	义卖市场；廉价售卖会
馬車	ばしゃ	马车
馬術	ばじゅつ	马术
バスク	ばすく	巴斯克（地区）
バスター	ばすたー	（棒球）假触击真强打
バスツアー	ばすつあー	巴士旅游团
バスト	ばすと	胸围；胸部；半身像
バスルーム	ばするーむ	浴室
バタバタ	ばたばた	噼啪作响；手忙脚乱
バタフライ	ばたふらい	蝶泳
バタン	ばたん	（关门等）砰的一声
罰	ばち	惩罚；报应
バチカン|和地関	ばちかん	梵蒂冈
バックグラウンド	ばっくぐらうんど	背景；背景音乐
バックス	ばっくす	（球队）后卫
バックスクリーン	ばっくすくりーん	（棒球场）中外野挡板
バックネット	ばっくねっと	（棒球）挡网
バックハンド	ばっくはんど	反手（击球）
バックボーン	ばっくぼーん	支柱；骨干；（网络）主干
伐採	ばっさい	砍伐（树木）
抜粋	ばっすい	摘录；节选
罰則	ばっそく	处罚规定；罚则
バッティング	ばってぃんぐ	击球，打击
ばってん|罰点	ばってん	叉号，×号
バッハ	ばっは	巴赫
閥	ばつ	派系；帮派
バトン	ばとん	接力棒；指挥棒
バナナ	ばなな	香蕉
バニラ	ばにら	香草
馬場	ばば	马场；跑马场
バファリン	ばふぁりん	（药品名）百服宁
バプテスト	ばぷてすと	浸礼会（教派）
バベルの塔	ばべるのとう	巴别塔
バムバム	ばむばむ	（拟声词，日本流行歌曲名）
ばら|薔薇	ばら	玫瑰
バラ色	ばらいろ	玫瑰色；（前景）光明美好
バラエティ	ばらえてぃ	多样性；综艺节目
バラック	ばらっく	简陋小屋；临时棚屋
薔薇薔薇	ばらばら	零散的；四分五裂的
バランスシート	ばらんすしーと	资产负债表
バラード	ばらーど	叙事曲；抒情歌谣
張り	ばり	……风格的；……式的
バリア	ばりあ	屏障；障碍
バリウム	ばりうむ	钡；钡餐
バリカン	ばりかん	理发推子
馬力	ばりき	马力；精力，干劲
バリケード	ばりけーど	路障；街垒
バリトン	ばりとん	男中音
ばりばり	ばりばり	咯吱咯吱（撕、抓声）；精力充沛地
バルカンラバー	ばるかんらばー	硫化橡胶
バルコニー	ばるこにー	阳台
バルセロナ	ばるせろな	巴塞罗那
バルブ	ばるぶ	阀门
バルーン	ばるーん	气球
バレエ	ばれえ	芭蕾舞
バレリーナ	ばれりーな	芭蕾舞女演员
バレル	ばれる	桶（体积单位）
バレンタイン	ばれんたいん	情人节；圣瓦伦丁
バレー	ばれー	排球
バロック	ばろっく	巴洛克（风格）
バン	ばん	（发型）圆髻
盤	ばん	（棋类）棋盘；唱片
番	ばん	……号；轮次；值班，看守
バンカー	ばんかー	（高尔夫）沙坑；掩体
バンク	ばんく	银行；堤岸；（赛车场）坡道
バンクーバー|晩香波	ばんくーばー	温哥华
番犬	ばんけん	看家狗
蛮行	ばんこう	野蛮行为；暴行
バンコク|曼谷	ばんこく	曼谷
万国	ばんこく	万国；全世界
晩酌	ばんしゃく	晚饭时小酌
バンス	ばんす	预支款
バンタム級	ばんたむきゅう	雏量级（拳击）
番付	ばんづけ	（相扑等）排位表
番手	ばんて	（纱线）支数；第几位，第几名
バント	ばんと	（棒球）触击，触球
バンパー	ばんぱー	保险杠
番目	ばんめ	第……（个）
蛮勇	ばんゆう	蛮勇；有勇无谋
万里	ばんり	万里；千里迢迢
バーガー	ばーがー	汉堡包
バーゲンセール	ばーげんせーる	大甩卖；特价销售
バージニア	ばーじにあ	弗吉尼亚
バージョン	ばーじょん	版本
バージン	ばーじん	处女；未经开发的，原始的
バースデー	ばーすでー	生日
バースト	ばーすと	爆裂，爆胎；（信号等）猝发
バーター	ばーたー	易货贸易；交换
バーチャル	ばーちゃる	虚拟的
バーテン	ばーてん	酒吧调酒师
バーディー	ばーでぃー	（高尔夫）小鸟球，博蒂
バードコール	ばーどこーる	鸟哨，招鸟器
バーナー	ばーなー	燃烧器；喷灯
バーバー	ばーばー	理发店
ＢＢＱ	ばーべきゅー	烧烤
バーベル	ばーべる	杠铃
バーボン	ばーぼん	波本威士忌
バーミンガム	ばーみんがむ	伯明翰
バール	ばーる	撬棍；巴（压强单位）
バーレスク	ばーれすく	滑稽讽刺剧；轻歌舞剧
パイ	ぱい	派，馅饼
パインジュース	ぱいんじゅーす	菠萝汁
パウダー	ぱうだー	粉末；扑粉
パキスタン|巴基斯担	ぱきすたん	巴基斯坦
パゴダ	ぱごだ	（东南亚）佛塔
パサパサ	ぱさぱさ	干巴巴的；干燥无光泽的
パシフィック	ぱしふぃっく	太平洋
パスカル	ぱすかる	帕斯卡（压强单位）
パスケース	ぱすけーす	卡包；月票夹
パステル	ぱすてる	粉彩；柔和色调
パスワード	ぱすわーど	密码
パズル	ぱずる	拼图；谜题
パセリ	ぱせり	欧芹，西芹
パター	ぱたー	（高尔夫）推杆
パチパチ	ぱちぱち	噼啪作响
パッキング	ぱっきんぐ	打包；包装；密封垫
パッション	ぱっしょん	激情；热情
パッシング	ぱっしんぐ	（车灯）闪灯示意；（网球）穿越球
パッチワーク	ぱっちわーく	拼布，拼接手工艺
パッティング	ぱってぃんぐ	拍打；（高尔夫）推球
パッと	ぱっと	突然；一下子
パット	ぱっと	（高尔夫）推杆击球
パッド	ぱっど	衬垫；便签本；游戏手柄
パテ	ぱて	腻子；填缝料
パティオ	ぱてぃお	（西式）庭院
パトリオティズム	ぱとりおてぃずむ	爱国主义
パトロン	ぱとろん	赞助人；金主
パドック	ぱどっく	（赛马）待检圈
パドル	ぱどる	桨
パナマ|巴奈馬	ぱなま	巴拿马
パネラー	ぱねらー	（讨论会）小组成员
パネリスト	ぱねりすと	（讨论会）小组成员
パノラマ	ぱのらま	全景；全景画
パパイヤ	ぱぱいや	木瓜
パパさん	ぱぱさん	爸爸；（宠物的）男主人
パビリオン	ぱびりおん	展馆；馆
パブ	ぱぶ	酒吧
パブリシティー	ぱぶりしてぃー	宣传；公开报道
パブリック	ぱぶりっく	公共的；公开的
パラグライダー	ぱらぐらいだー	滑翔伞
パラシュート	ぱらしゅーと	降落伞
パラソル	ぱらそる	遮阳伞
パラダイス	ぱらだいす	天堂；乐园
パラダイム	ぱらだいむ	范式
パラドックス	ぱらどっくす	悖论
パラパラ	ぱらぱら	（一种同步摆臂的）迪斯科舞
パラボラ	ぱらぼら	抛物面（天线、卫星锅）
パラボラアンテナ	ぱらぼらあんてな	抛物面天线；卫星天线
パラリンピック	ぱらりんぴっく	残奥会
パリーグ	ぱりーぐ	太平洋联盟（日本职棒）
パルサー	ぱるさー	脉冲星
パルス	ぱるす	脉冲
パルチザン	ぱるちざん	游击队员
パルプ	ぱるぷ	纸浆
パレス	ぱれす	宫殿
パレスチナ	ぱれすちな	巴勒斯坦
パレット	ぱれっと	调色板
パロディー	ぱろでぃー	戏仿；滑稽模仿作品
パワフル	ぱわふる	强有力的
パワーアップ	ぱわーあっぷ	增强能力；提升功率
パワーステアリング	ぱわーすてありんぐ	动力转向
パンアメリカニズム	ぱんあめりかにずむ	泛美主义
パン粉	ぱんこ	面包糠
パンジー	ぱんじー	三色堇
パンタグラフ	ぱんたぐらふ	（电车）受电弓；比例绘图仪
パンチパーマ	ぱんちぱーま	（男士）爆炸头，卷发烫
パンティー	ぱんてぃー	女式内裤
パント	ぱんと	（橄榄球）踢落地球
パントマイム	ぱんとまいむ	哑剧
パンフ	ぱんふ	小册子；宣传册
パンプス	ぱんぷす	（无带）浅口女鞋
板門店	ぱんむんじょむ	板门店
パン屋	ぱんや	面包店
パー	ぱー	（高尔夫）标准杆；等值，同等
パーカッション	ぱーかっしょん	打击乐器
パーカー	ぱーかー	连帽卫衣；带帽夹克
パーク	ぱーく	公园；停车
パージ	ぱーじ	清除；肃清（数据、人员）
パース	ぱーす	（建筑）透视图
パーセプトロン	ぱーせぷとろん	感知器（人工神经网络模型）
パーソナリティー	ぱーそなりてぃー	个性；人格；（电台）主持人
パーソナル	ぱーそなる	个人的
パーツ	ぱーつ	零件；部件
パートタイマー	ぱーとたいまー	兼职人员
パートタイム	ぱーとたいむ	兼职；非全日制
パーフェクト	ぱーふぇくと	完美的；完全比赛
パープル	ぱーぷる	紫色
パープレー	ぱーぷれー	（高尔夫）全场打平标准杆
パーマ	ぱーま	烫发
パームボール	ぱーむぼーる	（棒球）掌心球
パーラー	ぱーらー	休闲室；（弹子房、冰淇淋店等）店
パール	ぱーる	珍珠
パーレン	ぱーれん	圆括号
否	ひ	否，不；反对票
比	ひ	比；比例
費	ひ	……费，……费用
非	ひ	错误；过失；不顺
妃	ひ	……妃
ヒア	ひあ	听；这里
悲哀	ひあい	悲哀；悲伤
ヒアリング	ひありんぐ	听力（训练）；听证；听取意见
贔屓	ひいき	偏爱；照顾，捧场
冷え	ひえ	发凉，发冷
冷え込む	ひえこむ	变得很冷；（气温）骤降
冷え性	ひえしょう	畏寒体质；末梢循环不良
控え	ひかえ	备用；候补；备忘录
控え室	ひかえしつ	休息室；候客室
皮革	ひかく	皮革
光り輝く	ひかりかがやく	光辉闪耀；发光
惹かれる	ひかれる	被吸引；被打动
被害者	ひがいしゃ	受害者
日傘	ひがさ	遮阳伞
東側	ひがしがわ	东侧
干潟	ひがた	滩涂；潮间带
僻み	ひがみ	偏见；乖僻，猜忌
ひがむ|僻む	ひがむ	抱有偏见；产生自卑或猜忌心理
日替わり	ひがわり	每日更换（菜单等）
悲願	ひがん	夙愿；宏愿
匹	ひき	（量词）只，匹，条
引き合い	ひきあい	参考，例证；（商业）询价
引き上げ	ひきあげ	提升，上调；打捞；撤回
引揚者	ひきあげしゃ	（战后）撤侨归国者
引き受け	ひきうけ	承担；承接；承保
引き換え	ひきかえ	交换；兑换
引き金	ひきがね	扳机；（事件的）导火索
引きこもり	ひきこもり	（社会性）闭门不出，蛰居
引き裂く	ひきさく	撕裂，撕碎
引き下げ	ひきさげ	下调；降低
引き下げる	ひきさげる	下调，降低
引き締まる	ひきしまる	紧绷；（身体）结实
引き締め	ひきしめ	紧缩；收紧
引き継ぎ	ひきつぎ	交接；继承
引きつける	ひきつける	吸引；拉近
引きつる	ひきつる	抽搐；（表情）僵硬
引き取り	ひきとり	领取；收回
引き時	ひきどき	（引退、撤退等的）合适时机
挽肉	ひきにく	绞肉，肉馅
引き抜く	ひきぬく	拔出；（人才）挖走
引き延ばし	ひきのばし	延长，拖延；（照片）放大
引き離す	ひきはなす	拉开距离；分开，拆散
引き戻す	ひきもどす	拉回；恢复原状
飛球	ひきゅう	（棒球）飞球
引き渡し	ひきわたし	交付；引渡
引き渡す	ひきわたす	交付；移交；引渡
被疑者	ひぎしゃ	嫌疑人
卑屈	ひくつ	卑躬屈膝的；低三下四的
低める	ひくめる	降低；压低
火口	ひぐち	（炉灶、打火机等的）出火口
日暮れ	ひぐれ	黄昏；傍晚
非公開	ひこうかい	不公开的；非公开的
非公式	ひこうしき	非正式的
飛行船	ひこうせん	飞艇
被告人	ひこくにん	被告
非合法	ひごうほう	非法的
被災者	ひさいしゃ	受灾者
久々	ひさびさ	好久，许久（未……）
ひざまずく|跪く	ひざまずく	跪下
ひしひし|犇々	ひしひし	深切地（感受到）；紧紧地
飛車	ひしゃ	（将棋）飞车
被写体	ひしゃたい	（摄影）拍摄对象
避暑	ひしょ	避暑
批准	ひじゅん	批准
非常口	ひじょうぐち	紧急出口，安全出口
ヒステリック	ひすてりっく	歇斯底里的
ヒステリー	ひすてりー	歇斯底里；癔症
悲壮	ひそう	悲壮
ヒソヒソ	ひそひそ	低声地，悄悄地
悲嘆	ひたん	悲叹；悲伤
肥大	ひだい	肥大；肿大
火種	ひだね	火种；（事端的）导火索
左足	ひだりあし	左脚
左上	ひだりうえ	左上方
左腕	ひだりうで	左臂；左投手
左前	ひだりまえ	衣襟左压右（不吉利穿法）；（经营）走下坡路
引っかかる	ひっかかる	被卡住；被钩住；上当受骗
引っ掛ける	ひっかける	挂上；披上（衣服）；勾住；诱骗
筆記試験	ひっきしけん	笔试
筆記用具	ひっきようぐ	文具，书写用具
ひっくり返る	ひっくりかえる	翻倒；颠倒过来
必携	ひっけい	必备；必携（手册）
必至	ひっし	必然，势在必行
必死になって	ひっしになって	拼命地
必勝	ひっしょう	必胜
必須	ひっす	必需的；不可或缺的
必須条件	ひっすじょうけん	必要条件
筆跡	ひっせき	笔迹
ヒッチハイク	ひっちはいく	搭便车旅行
必着	ひっちゃく	（截止日期前）必须送达
引っ付く	ひっつく	粘住；紧贴；（男女）亲密相依
筆頭	ひっとう	笔尖；（名单）首位；首要
ヒッピー	ひっぴー	嬉皮士
ヒップ	ひっぷ	臀部
悲痛	ひつう	悲痛
火付け役	ひつけやく	煽动者；带头人
未	ひつじ	未（十二地支之一，生肖羊）；未时
必需	ひつじゅ	必需
筆順	ひつじゅん	笔顺
必然的	ひつぜんてき	必然的
必読	ひつどく	必读
筆名	ひつめい	笔名
必要性	ひつようせい	必要性
非鉄金属	ひてつきんぞく	有色金属
妃殿下	ひでんか	王妃殿下
一	ひと	一……
一足	ひとあし	一步；短距离，一会儿
一味違う	ひとあじちがう	略有不同，别具一格
一安心	ひとあんしん	（暂且）放心，松口气
一重	ひとえ	一层；单层；单瓣（花）
人事	ひとごと	与己无关的事；他人的事
人ごみ	ひとごみ	人群，人潮
人殺し	ひとごろし	杀人；凶手
人様	ひとさま	别人，他人
人たち	ひとたち	人们
人だかり	ひとだかり	人群，人山人海
人違い	ひとちがい	认错人
一つ一つ	ひとつひとつ	一个一个地；逐一
人妻	ひとづま	有夫之妇；别人的妻子
ひととき|ひと時	ひととき	片刻；一段时光
人中	ひとなか	人前；社会上
一握り	ひとにぎり	一把；一小撮
一晩中	ひとばんじゅう	彻夜，通宵
人前	ひとまえ	众人面前
一幕	ひとまく	一幕（戏）；一段插曲
一回り	ひとまわり	一圈；一轮；大一号（或小一号）
人見知り	ひとみしり	怕生
一昔	ひとむかし	（十年左右的）一段往昔
一人歩き	ひとりあるき	独自行走；（不受控制地）自行发展蔓延
独り占め	ひとりじめ	独占，独享
一人旅	ひとりたび	独自旅行
一～	ひと～	一……
ひどく|酷く	ひどく	非常，极其；厉害地
ひな祭り	ひなまつり	女儿节（三月三日）
避難民	ひなんみん	避难者；难民
日に日に	ひにひに	一天天地
泌尿器	ひにょうき	泌尿器官
否認	ひにん	否认
避妊	ひにん	避孕
日の目	ひのめ	阳光；（多用于“见天日”）公诸于世
批判的	ひはんてき	批判性的
被爆	ひばく	遭受核爆；受到辐射照射
火鉢	ひばち	火盆
ひばり|雲雀	ひばり	云雀
皮膚科	ひふか	皮肤科
被服	ひふく	衣服，被服
碑文	ひぶん	碑文
疲弊	ひへい	疲惫；（经济等）衰竭
被保険者	ひほけんしゃ	被保险人
誹謗	ひぼう	诽谤，诋毁
暇がない	ひまがない	没空，没时间
暇つぶし	ひまつぶし	消磨时间
ヒマラヤ	ひまらや	喜马拉雅
姫	ひめ	公主；小姐；千金
姫君	ひめぎみ	（贵族）大小姐，公主
罷免	ひめん	罢免
１００円ショップ	ひゃくえんしょっぷ	百元店
１００億	ひゃくおく	一百亿
百姓	ひゃくしょう	农民
１１９番	ひゃくじゅうきゅうばん	119（日本急救、消防报警电话）
１１０番	ひゃくとおばん	110（日本报警电话）
１８０度	ひゃくはちじゅうど	一百八十度；（态度等）完全转变
１００万	ひゃくまん	一百万
１００均	ひゃっきん	百元店
冷や	ひや	凉水；冷酒
冷や汗	ひやあせ	冷汗
日焼け止め	ひやけどめ	防晒霜
ヒューズ	ひゅーず	保险丝
ヒューマニズム	ひゅーまにずむ	人道主义
ヒューマン	ひゅーまん	人性的；人的
比喩	ひゆ	比喻
評	ひょう	评论；评价
氷河	ひょうが	冰川
表記	ひょうき	书写方式；标记
評議	ひょうぎ	评议，商讨
評議員	ひょうぎいん	评议员，理事
表計算	ひょうけいさん	电子表格计算
表決	ひょうけつ	表决
評決	ひょうけつ	裁决；评议决定
標高	ひょうこう	海拔（高度）
表札	ひょうさつ	门牌
氷山	ひょうざん	冰山
拍子	ひょうし	节拍；节奏
表彰状	ひょうしょうじょう	奖状；表彰状
標準語	ひょうじゅんご	标准语
標準的	ひょうじゅんてき	标准的；一般的
表題	ひょうだい	标题
漂着	ひょうちゃく	漂流到岸；漂到
標的	ひょうてき	靶子；目标
氷点下	ひょうてんか	零度以下
票田	ひょうでん	票仓；（选举）票源基地
評伝	ひょうでん	评传
漂白	ひょうはく	漂白
漂白剤	ひょうはくざい	漂白剂
表明	ひょうめい	表明；表示
表裏	ひょうり	表里；正反面；表里不一
漂流	ひょうりゅう	漂流
兵糧	ひょうろう	军粮；粮草
評論家	ひょうろんか	评论家
ひよこ|雛	ひよこ	雏鸡；（比喻）新手
日和	ひより	天气；晴好天气；（局势）动向
平泳ぎ	ひらおよぎ	蛙泳
開き	ひらき	开口；差距；（鱼）开背晾干
開き直る	ひらきなおる	翻脸不认账；恼羞成怒反抗
開ける	ひらける	（视野等）开阔；（前景）光明；开化
ひらひら	ひらひら	飘飘然；翩翩地
平幕	ひらまく	（相扑）平幕（普通力士等级）
肥料	ひりょう	肥料
干る	ひる	干涸；干燥；（潮水）退去
翻る	ひるがえる	飘扬；翻动
昼下がり	ひるさがり	午后不久
昼過ぎ	ひるすぎ	午后
昼前	ひるまえ	上午；午前
ヒレ	ひれ	里脊肉；鱼鳍
非礼	ひれい	失礼；无礼
披瀝	ひれき	披露（心声）；吐露
卑劣	ひれつ	卑劣
悲恋	ひれん	悲恋，不幸的恋情
ヒロイズム	ひろいずむ	英雄主义
拾い物	ひろいもの	捡到的东西；意外的收获
ヒロイン	ひろいん	女主角
披露	ひろう	宣布；展示，披露
広がり	ひろがり	扩展；广度，范围
広まり	ひろまり	传播；普及
秘話	ひわ	秘闻，鲜为人知的故事
品位	ひんい	品位；风度
品格	ひんかく	品格；气度
賓客	ひんきゃく	贵宾
品詞	ひんし	词性；词类
ヒンジ	ひんじ	铰链
品性	ひんせい	品性
貧相	ひんそう	寒酸相；穷相
頻度	ひんど	频率
ヒンドゥー	ひんどぅー	印度教（徒）
頻発	ひんぱつ	频发
貧富	ひんぷ	贫富
品名	ひんめい	品名
品目	ひんもく	品目；项目
ヒーター	ひーたー	暖气设备；电热器
ヒート	ひーと	发热；升温；（气氛）热烈起来
ヒーリング	ひーりんぐ	治愈；疗愈
ヒール	ひーる	鞋跟；反派角色
ヒーロー	ひーろー	英雄；男主角
非～	ひ～	非……
ビア	びあ	啤酒
ビアガーデン	びあがーでん	啤酒花园
美意識	びいしき	审美意识
ビエンナーレ	びえんなーれ	（双年展）艺术双年展
ビオラ	びおら	中提琴
美化	びか	美化
美学	びがく	美学
ビキニ	びきに	比基尼泳装
ビギナー	びぎなー	初学者
ビクター	びくたー	胜利者
ビクトリア	びくとりあ	维多利亚
ビクトリー	びくとりー	胜利
備考	びこう	备注
微細	びさい	微细；细微
微小	びしょう	微小
微震	びしん	微震
ビジター	びじたー	访客；客队
ビジネスマン	びじねすまん	商人；企业职员
ビジネスライク	びじねすらいく	公事公办的
ビジュアル	びじゅある	视觉的
美術展	びじゅつてん	美术展
美女	びじょ	美女
美辞麗句	びじれいく	华丽辞藻
ビス	びす	螺丝
ビスケット	びすけっと	饼干
ビスタカー	びすたかー	（近铁）观景双层列车
備蓄	びちく	储备
ビッグ	びっぐ	大的；重量级的
ビッグイベント	びっぐいべんと	大事件；大型活动
ビッグバン	びっぐばん	大爆炸
ビット	びっと	（信息单位）比特；钻头
美点	びてん	优点，长处
ビデオテープ	びでおてーぷ	录像带
微動	びどう	轻微晃动
微熱	びねつ	低烧
美白	びはく	美白
ビバ	びば	万岁
ビバーク	びばーく	露营；野营
ビビッド	びびっど	鲜明的，生动的
美貌	びぼう	美貌
ビュッフェ	びゅっふぇ	自助餐
ビュー	びゅー	景色；视角
ビューティフル	びゅーてぃふる	美丽的
ビューロー	びゅーろー	局，处（机构）
病苦	びょうく	病痛之苦
病死	びょうし	病死
病室	びょうしつ	病房
病床	びょうしょう	病床
病弱	びょうじゃく	体弱多病的
病状	びょうじょう	病情
秒速	びょうそく	每秒速度
屏風	びょうぶ	屏风
病名	びょうめい	病名
秒読み	びょうよみ	倒计时
病理	びょうり	病理
ビラ	びら	传单；宣传单
ビリビリ	びりびり	撕裂声；（触电般）刺痛
ビルトイン	びるといん	内置的
ビルボード	びるぼーど	广告牌
ビレッジ	びれっじ	村庄
ビンゴ	びんご	宾果游戏
便乗	びんじょう	搭便车；趁机利用
敏速	びんそく	敏捷迅速
貧乏人	びんぼうにん	穷人
ビーカ	びーか	烧杯
ビーグル	びーぐる	比格犬
ビースト	びーすと	野兽
ビーズ	びーず	珠子
ビー玉	びーだま	玻璃弹珠
ビーチ	びーち	海滩
ビーチサンダル	びーちさんだる	人字拖；沙滩凉鞋
ビート	びーと	甜菜
ビーバー	びーばー	海狸
ビーフ	びーふ	牛肉
ビーム	びーむ	光束；射线
ビーンズ	びーんず	豆类
ＢＧＭ	びー・じー・えむ	背景音乐
ピアジェ	ぴあじぇ	皮亚杰
ピアス	ぴあす	耳环；穿孔耳饰
ピエロ	ぴえろ	小丑
ピカソ	ぴかそ	毕加索
ピカピカ	ぴかぴか	闪闪发光的；崭新的
ピクチャー	ぴくちゃー	图片
ピケ	ぴけ	凸纹布，斜纹布
ピコ	ぴこ	皮（词头，10的-12次方）
ピストン	ぴすとん	活塞
ピッキング	ぴっきんぐ	拣货；开锁；拨弦
ピック	ぴっく	（吉他）拨片；镐，冰镐
ピックアップサービス	ぴっくあっぷさーびす	接送服务
ピッチ	ぴっち	速度，节奏；（齿距等）间距
ピッチャー	ぴっちゃー	投手；水罐
ピッチング	ぴっちんぐ	（棒球）投球；（船只）颠簸
ピット	ぴっと	坑；（赛车）维修区
ピュア	ぴゅあ	纯粹的
ぴょんぴょん	ぴょんぴょん	蹦蹦跳跳地
ピョンヤン|平壌	ぴょんやん	平壤
ピラニア	ぴらにあ	食人鱼
ピラフ	ぴらふ	炒饭，抓饭
ピリ	ぴり	（比赛的）局，节
ピリオド	ぴりおど	句号；（时代等的）终结，句点
ぴりぴり	ぴりぴり	刺痛；辣乎乎地；神经紧张
ピル	ぴる	药丸；口服避孕药
ピンセット	ぴんせっと	镊子
ピンチヒッター	ぴんちひったー	代打；替补
ピント	ぴんと	（镜头）焦点；（谈话等的）要点
ピンポイント	ぴんぽいんと	精确定位；精准
ピース	ぴーす	和平；胜利手势，V字手势
ピーターパンシンドローム	ぴーたーぱんしんどろーむ	彼得潘综合症
ピーチ	ぴーち	桃子
ピーピングトム	ぴーぴんぐとむ	偷窥狂
ピープル	ぴーぷる	人们
ピープルズキャピタリズム	ぴーぷるずきゃぴたりずむ	人民资本主义
負	ふ	负；负数
ファイア	ふぁいあ	火
ファイアウォール	ふぁいあうぉーる	防火墙
ファイター	ふぁいたー	战士，斗士
ファイティングスピリット	ふぁいてぃんぐすぴりっと	斗志；拼搏精神
ファイナル	ふぁいなる	决赛；最终的
ファイナルセット	ふぁいなるせっと	（比赛）决胜局
ファイバー	ふぁいばー	纤维
ファイブスター	ふぁいぶすたー	五星级
ファイリングシステム	ふぁいりんぐしすてむ	归档系统
ファインダー	ふぁいんだー	（相机）取景器
ファインプレー	ふぁいんぷれー	精彩表现，漂亮打法
ファウル	ふぁうる	犯规；（棒球）界外球
ファクシミリ	ふぁくしみり	传真
ファクター	ふぁくたー	因素；因子
ファクトリー	ふぁくとりー	工厂
ファシスト	ふぁしすと	法西斯分子
ファシズム	ふぁしずむ	法西斯主义
ファシリティ	ふぁしりてぃ	设施
ファジー	ふぁじー	模糊的
ファストフード	ふぁすとふーど	快餐
ＦＡＸ	ふぁっくす	传真
ファッショ	ふぁっしょ	法西斯主义（者）
ファッショナブル	ふぁっしょなぶる	时髦的
ファッションショー	ふぁっしょんしょー	时装秀
ファミリア	ふぁみりあ	熟悉的
ファミリー	ふぁみりー	家庭；家族
ファラウェイ	ふぁらうぇい	遥远的
ファルス	ふぁるす	闹剧；填馅食物
ファンキー	ふぁんきー	放克风格的；时髦怪异的
ファンク	ふぁんく	放克音乐
ファン倶楽部	ふぁんくらぶ	粉丝俱乐部
ファンサイト	ふぁんさいと	粉丝网站
ファンタジー	ふぁんたじー	幻想；奇幻
ファンタスティック	ふぁんたすてぃっく	奇妙的；极好的
ファンダメンタルズ	ふぁんだめんたるず	基本面
ファンデーション	ふぁんでーしょん	粉底；基础
ファントム	ふぁんとむ	幽灵，幻影
ファンド	ふぁんど	基金
ファースト	ふぁーすと	第一；（棒球）一垒
ファーム	ふぁーむ	农场；（棒球）二军
フィアンセ	ふぃあんせ	未婚夫（妻）
フィギュア	ふぃぎゅあ	（人偶）手办；花样滑冰；身姿
フィクサー	ふぃくさー	幕后操纵者
フィスカルポリシー	ふぃすかるぽりしー	财政政策
フィッシュ	ふぃっしゅ	鱼
フィッティング	ふぃってぃんぐ	试穿；安装；拟合
フィット	ふぃっと	合适，贴合
フィットネス	ふぃっとねす	健身
フィナカップ	ふぃなかっぷ	国际泳联杯
フィニッシュ	ふぃにっしゅ	终点，完成
フィフティーフィフティー	ふぃふてぃーふぃふてぃー	五五开，对半
フィヨルド	ふぃよるど	峡湾
フィラデルフィア	ふぃらでるふぃあ	费城
フィリピン|比律賓	ふぃりぴん	菲律宾
フィル	ふぃる	（交响乐团）爱乐乐团
フィルダースチョイス	ふぃるだーすちょいす	（棒球）野手选择
フィルハーモニー	ふぃるはーもにー	爱乐乐团
フィン	ふぃん	（潜水）脚蹼；（船、飞机的）鳍
フィンランド|芬蘭	ふぃんらんど	芬兰
フィーダ	ふぃーだ	馈线；供料器
フィート|呎	ふぃーと	英尺
フィーバー	ふぃーばー	狂热；发烧
フィーリング	ふぃーりんぐ	感觉
フィールド	ふぃーるど	原野；场地；（研究）领域
フィールドワーク	ふぃーるどわーく	实地调查；田野调查
不意に	ふいに	突然；出其不意地
風雨	ふうう	风雨
風雲	ふううん	风云；局势变化
風格	ふうかく	风格；气派
富貴	ふうき	富贵
風紀	ふうき	风纪；社会风气
風刺	ふうし	讽刺
封書	ふうしょ	密封信件
封じ手	ふうじて	（对局中断时的）封棋；（相扑等）禁招
風物詩	ふうぶつし	（象征某季节的）风物诗；应景事物
風流	ふうりゅう	风雅；风流
風鈴	ふうりん	风铃
フェアウェイ	ふぇあうぇい	（高尔夫）球道
フェアプレー	ふぇあぷれー	公平竞赛
フェイク	ふぇいく	假的；仿制品；（音乐）即兴变奏
フェイス	ふぇいす	脸；表面
フェイント	ふぇいんと	佯攻，假动作
フェデレーション	ふぇでれーしょん	联盟；联合会
フェニックス	ふぇにっくす	凤凰；海枣属棕榈
フェミニスト	ふぇみにすと	女权主义者；体贴女性的男士
フェミニズム	ふぇみにずむ	女权主义
フェラチオ	ふぇらちお	口交
フェルト	ふぇると	毡；毛毡
フェレット	ふぇれっと	雪貂
フェロモン	ふぇろもん	信息素
フェローシップ	ふぇろーしっぷ	奖学金；研究员资格
フェンシング	ふぇんしんぐ	击剑
フェンス	ふぇんす	栅栏；围栏
フォア	ふぉあ	四
フォアグラ	ふぉあぐら	鹅肝
フォアハンド	ふぉあはんど	正手（击球）
フォアボール	ふぉあぼーる	（棒球）四坏球保送
フォアマン	ふぉあまん	工头；领班
フォスターチャイルド	ふぉすたーちゃいるど	寄养儿童
フォックストロット	ふぉっくすとろっと	狐步舞
フォト	ふぉと	照片
フォワード	ふぉわーど	（球队）前锋；转发
フォーカス	ふぉーかす	焦点；聚焦
フォークソング	ふぉーくそんぐ	民谣
フォークボール	ふぉーくぼーる	（棒球）指叉球
フォース	ふぉーす	力量；（星战）原力
フォーチュン	ふぉーちゅん	运气；财富
フォード	ふぉーど	福特（汽车）；浅滩
フォーマット	ふぉーまっと	格式；格式化
フォーミュラカー	ふぉーみゅらかー	方程式赛车
フォーメーション	ふぉーめーしょん	阵型；编队
フォーラム	ふぉーらむ	论坛
フォール	ふぉーる	（摔跤）压制取胜
フォールト	ふぉーると	（网球等）失误发球
不穏	ふおん	不稳；动荡不安
付加	ふか	附加
負荷	ふか	负荷；负担
賦課	ふか	征收，摊派（税款）
不可侵	ふかしん	不可侵犯
蒸かす	ふかす	蒸（食物）
不可分	ふかぶん	不可分割的
不機嫌	ふきげん	不高兴；情绪不好
不起訴	ふきそ	不起诉
吹き溜まり	ふきだまり	（雪、落叶等）堆积处；边缘群体聚集地
吹き出物	ふきでもの	疙瘩；粉刺
吹き飛ぶ	ふきとぶ	被吹跑；消失无踪
不朽	ふきゅう	不朽
布教	ふきょう	传教；布道
不協和音	ふきょうわおん	不和谐音；（关系）不和
不均衡	ふきんこう	不平衡
副	ふく	副；辅助
福音	ふくいん	福音；喜讯
復員	ふくいん	复员，退伍
服役	ふくえき	服刑；服兵役
福岡	ふくおか	福冈
副業	ふくぎょう	副业
復元	ふくげん	复原；重建
副産物	ふくさんぶつ	副产品
副社長	ふくしゃちょう	副社长
復讐	ふくしゅう	复仇
副賞	ふくしょう	附加奖品
服飾	ふくしょく	服饰
腹心	ふくしん	心腹
服従	ふくじゅう	服从
福助	ふくすけ	（招福用的）大头人偶
複製	ふくせい	复制
伏線	ふくせん	伏笔
副葬品	ふくそうひん	随葬品
副題	ふくだい	副标题
副知事	ふくちじ	副知事（副府县长）
復調	ふくちょう	恢复状态；解调
不屈	ふくつ	不屈不挠
腹痛	ふくつう	腹痛
復党	ふくとう	重新入党
副反応	ふくはんのう	副作用，不良反应
腹部	ふくぶ	腹部
伏兵	ふくへい	伏兵；意外的对手
含み	ふくみ	含义；言外之意
服用	ふくよう	服用（药物）
複利	ふくり	复利
福利厚生	ふくりこうせい	福利待遇
ふくろう|梟	ふくろう	猫头鹰
袋小路	ふくろこうじ	死胡同；僵局
副～	ふく～	副……
父兄	ふけい	学生家长；父兄
府警	ふけい	府警察（大阪或京都府警）
府県	ふけん	府县
不健康	ふけんこう	不健康
普賢	ふげん	普贤（菩萨）
不孝	ふこう	不孝
不公平	ふこうへい	不公平
符合	ふごう	符合；一致
不合理	ふごうり	不合理
房	ふさ	穗；流苏；（葡萄等的）串
不作	ふさく	歉收；（作品）质量差
不在者投票	ふざいしゃとうひょう	缺席投票
父子	ふし	父子
不幸せ	ふしあわせ	不幸
不始末	ふしまつ	处理不当；疏忽失误
富者	ふしゃ	富人
不肖	ふしょう	不肖；愚拙（自谦）
不詳	ふしょう	不详，不明
腐食	ふしょく	腐蚀
腐心	ふしん	煞费苦心
不信任	ふしんにん	不信任
藤	ふじ	紫藤
不時着	ふじちゃく	迫降
不死身	ふじみ	不死之身；刀枪不入
不純	ふじゅん	不纯；不纯洁
婦女	ふじょ	妇女
扶助	ふじょ	扶助，救济
不浄	ふじょう	不干净的；污秽的
浮上	ふじょう	浮出水面；崭露头角
不条理	ふじょうり	不合理；荒谬
婦女子	ふじょし	妇女儿童；女子
婦女暴行	ふじょぼうこう	（对妇女的）强奸；性侵犯
布陣	ふじん	布阵；（比赛）阵容
婦人科	ふじんか	妇科
布施	ふせ	布施
不整脈	ふせいみゃく	心律不齐
不成立	ふせいりつ	（议案等）未成立，未通过
布石	ふせき	（围棋）布局；铺垫
敷設	ふせつ	铺设（铁轨、管道等）
不戦	ふせん	不战；（相扑）弃权
不全	ふぜん	不全；机能不全
不相応	ふそうおう	不相称；不合身份
付帯	ふたい	附带
不退転	ふたいてん	坚定不移
二つ目	ふたつめ	第二个
二七日	ふたなぬか	（丧事）二七忌日
双葉	ふたば	（植物的）子叶；幼苗
二人とも	ふたりとも	两人都
不断	ふだん	不断；平常，平时
府知事	ふちじ	府知事（大阪或京都府长官）
部内	ぶない	部门内部
侮蔑	ぶべつ	侮蔑，轻蔑
武勇	ぶゆう	勇武；武艺高强
舞踊	ぶよう	舞蹈
ブライダル	ぶらいだる	婚礼的；婚庆
ブラインド	ぶらいんど	百叶窗；窗帘
ブラウン管	ぶらうんかん	显像管
部落	ぶらく	村落；（旧时）部落民聚居区
ぶら下げる	ぶらさげる	挂，悬挂；佩带
ブラジャー	ぶらじゃー	胸罩
ブラスバンド	ぶらすばんど	铜管乐队
ブラチスラバ	ぶらちすらば	布拉迪斯拉发（斯洛伐克首都）
ブラッシー	ぶらっしー	（高尔夫）二号木杆
ブラボー	ぶらぼー	好极了，妙极了（喝彩声）
ブランク	ぶらんく	空白；空白期，间断期
ブランチ	ぶらんち	分支
ブランデー	ぶらんでー	白兰地
ぶり|振り	ぶり	样子，样式；时隔……（如：十年ぶり=时隔十年）
ブリキ|錻力	ぶりき	马口铁，镀锡铁皮
ブリスベン	ぶりすべん	布里斯班
ブリタニア	ぶりたにあ	不列颠尼亚
ブリッジ	ぶりっじ	桥；桥牌；舰桥
ブリュッセル	ぶりゅっせる	布鲁塞尔
ブリージング	ぶりーじんぐ	呼吸
ブリーフ	ぶりーふ	三角内裤
ブルガリア|勃牙利	ぶるがりあ	保加利亚
ブルジョア	ぶるじょあ	资产阶级；资产阶级的
ブルセラ	ぶるせら	（用于性挑逗的）女生旧校服、内衣等
ブルゾン	ぶるぞん	夹克衫（下摆收紧）
ブルネット	ぶるねっと	褐发（女子）
ブルペン	ぶるぺん	（棒球）牛棚，投手练习场
ブルーカラー	ぶるーからー	蓝领
ブルース	ぶるーす	蓝调音乐
ブルーバード	ぶるーばーど	青鸟
ブレイク	ぶれいく	休息；（比赛）中断；走红，爆红
ブレザー	ぶれざー	（西装式）夹克
ブレスト	ぶれすと	胸部；蛙泳
ブレスレット	ぶれすれっと	手镯
ブレッド	ぶれっど	面包
ブレンド	ぶれんど	混合，调配
ブレーカー	ぶれーかー	（电路）断路器
ブレード	ぶれーど	刀片，叶片
ブレーン	ぶれーん	智囊，参谋
ブロイラー	ぶろいらー	肉鸡
ブログ	ぶろぐ	博客
ブロッカー	ぶろっかー	拦网手；拦截器
ブロック	ぶろっく	块，块状物；街区；组，集团；（排球）拦网
ブロマイド	ぶろまいど	明星照片；溴化银相纸
ブロンズ	ぶろんず	青铜（色）
ブロー	ぶろー	吹（发型）；击打；吹奏（乐器）
ブローカー	ぶろーかー	经纪人，掮客
ブロード	ぶろーど	（棉布）府绸
分化	ぶんか	分化
文科	ぶんか	文科
文化遺産	ぶんかいさん	文化遗产
分科会	ぶんかかい	分组会，分会
文化勲章	ぶんかくんしょう	文化勋章
文化人	ぶんかじん	文化人
文化庁	ぶんかちょう	（日本）文化厅
分割	ぶんかつ	分割，分开
分割払い	ぶんかつばらい	分期付款
文化的	ぶんかてき	文化的
文学者	ぶんがくしゃ	文学家
分岐	ぶんき	分歧，分岔
分岐点	ぶんきてん	岔路口；分歧点，转折点
文教	ぶんきょう	文教
文具	ぶんぐ	文具
文系	ぶんけい	文科（类）
分権	ぶんけん	分权
文庫	ぶんこ	文库；（收藏）书库；袖珍本
分校	ぶんこう	分校
分冊	ぶんさつ	分册
分室	ぶんしつ	分部，分处
文相	ぶんしょう	（日本）文部大臣
分身	ぶんしん	化身，分身
分乗	ぶんじょう	分乘（车辆等）
分譲	ぶんじょう	分块出售（房地产）
文壇	ぶんだん	文坛
文中	ぶんちゅう	文中；文中年号
文通	ぶんつう	通信，书信往来
ブンド	ぶんど	债券；联盟
文筆	ぶんぴつ	写作，文笔
分泌	ぶんぴつ	分泌
分別	ぶんべつ	分类，区分
文民	ぶんみん	文职人员，平民
文面	ぶんめん	（信件等的）内容，文字内容
文楽	ぶんらく	文乐（日本传统木偶戏）
分立	ぶんりつ	分立，独立
ブーイング	ぶーいんぐ	嘘声，喝倒彩
ブーケ	ぶーけ	花束
ブース	ぶーす	展位，摊位
ブーメラン	ぶーめらん	回旋镖；三角泳裤
ブール	ぶーる	圆面包；法式滚球
プチ	ぷち	小，小型
プッシュ	ぷっしゅ	推，按；催促；推送
プッシュホン	ぷっしゅほん	按键电话
プライス	ぷらいす	价格
プライベート	ぷらいべーと	私人的，个人的；隐私
プライムタイム	ぷらいむたいむ	黄金时段
プライムレート	ぷらいむれーと	最优惠利率
プラカード	ぷらかーど	标语牌
プラグ	ぷらぐ	插头；插件；火花塞
プラグマティズム	ぷらぐまてぃずむ	实用主义
プラザ	ぷらざ	广场，商业中心
プラズマ	ぷらずま	等离子体
プラチナ	ぷらちな	铂金，白金
プラネタリウム	ぷらねたりうむ	天文馆
プラハ	ぷらは	布拉格
プラモデル	ぷらもでる	塑料模型
プランクトン	ぷらんくとん	浮游生物
プランタン	ぷらんたん	春天
プランター	ぷらんたー	花槽，种植箱
プラント	ぷらんと	（工业）成套设备，装置；植物
プランナー	ぷらんなー	策划人；游戏设计师
プランニング	ぷらんにんぐ	策划，规划
プリズム	ぷりずむ	棱镜
プリティ	ぷりてぃ	漂亮的，可爱的
プリン	ぷりん	布丁；（染发后）露出黑发根
プリンス	ぷりんす	王子
プリンセス	ぷりんせす	公主
プリンタ	ぷりんた	打印机
プリーツ	ぷりーつ	褶裥，褶子
プルトニウム	ぷるとにうむ	钚（Pu）
プルークボーゲン	ぷるーくぼーげん	（滑雪）犁式转弯
プレ	ぷれ	前，预
プレイ	ぷれい	游戏；比赛，玩
プレイガール	ぷれいがーる	玩乐女郎
プレイボーイ	ぷれいぼーい	花花公子
プレイヤー	ぷれいやー	（游戏、比赛）参与者，选手；播放器
プレイリスト	ぷれいりすと	播放列表
プレジデント	ぷれじでんと	总统，总裁
プレス	ぷれす	压，冲压；新闻界，媒体
プレスクラブ	ぷれすくらぶ	记者俱乐部
プレスセンター	ぷれすせんたー	新闻中心
プレスリリース	ぷれすりりーす	新闻稿
プレゼンテーション	ぷれぜんてーしょん	演示，报告
プレタポルテ	ぷれたぽるて	成衣，高级成衣
プレッシャー	ぷれっしゃー	压力
プレトリア	ぷれとりあ	比勒陀利亚
プレハブ	ぷれはぶ	预制装配式（建筑）
プレミアム	ぷれみあむ	溢价，附加费；高级的
プレリュード	ぷれりゅーど	前奏曲
プレーオフ	ぷれーおふ	附加赛，季后赛
プレート	ぷれーと	板，牌；（垒球）本垒；（地质）板块
プレーボール	ぷれーぼーる	（棒球）开球！比赛开始！
プレーン	ぷれーん	原味的，朴素的
プロジェクター	ぷろじぇくたー	投影仪
プロセッサー	ぷろせっさー	处理器
プロダクション	ぷろだくしょん	制作，制片；（艺人）经纪公司
プロダクト	ぷろだくと	产品
プロップジェット	ぷろっぷじぇっと	涡轮螺旋桨飞机
プロテスタント	ぷろてすたんと	新教徒
プロデューサー	ぷろでゅーさー	制片人，制作人
プロデュース	ぷろでゅーす	制作，制片；策划
プロパガンダ	ぷろぱがんだ	宣传，鼓动
プロパン	ぷろぱん	丙烷
プロパー	ぷろぱー	正规的，专职的；正价
プロフィール画像	ぷろふぃーるがぞう	头像，个人资料图片
プロペラ	ぷろぺら	螺旋桨
プロポーザル	ぷろぽーざる	提案，方案
プロポーズ	ぷろぽーず	求婚
プロモーション	ぷろもーしょん	促销，宣传推广
プロモーター	ぷろもーたー	推广人，赞助人
プロモート	ぷろもーと	宣传推广
プロ野球	ぷろやきゅう	职业棒球
プロレス	ぷろれす	职业摔跤
プロレタリア	ぷろれたりあ	无产阶级
プロンプター	ぷろんぷたー	提词器
プンプン	ぷんぷん	（气味）浓烈；怒气冲冲
プー太郎	ぷーたろー	无业游民，无所事事的人
へ	へ	向，朝；给
ヘア	へあ	头发；阴毛
ヘアケア	へあけあ	护发
ヘアスタイル	へあすたいる	发型
丙	へい	（天干）丙；第三位，丙等
平安	へいあん	平安；平安时代（794-1185）
兵員	へいいん	兵员，官兵人数
兵役	へいえき	兵役
陛下	へいか	陛下
併記	へいき	并列书写，一并记载
平均的	へいきんてき	平均的，一般的
併合	へいごう	合并
併殺	へいさつ	（棒球）双杀
兵舎	へいしゃ	兵营
平時	へいじ	平时，和平时期
平静	へいせい	平静，安静
併設	へいせつ	附设，并设
平地	へいち	平地
閉店	へいてん	（当日）打烊，停业；歇业
平年並み	へいねんなみ	与常年持平，接近常年水平
併発	へいはつ	并发
平方キロメートル	へいほうきろめーとる	平方公里
閉幕	へいまく	闭幕，落幕
平面	へいめん	平面
併用	へいよう	并用，同时使用
並立	へいりつ	并立
兵力	へいりょく	兵力
壁画	へきが	壁画
壁面	へきめん	墙面
ヘクタール	へくたーる	公顷
ヘクト	へくと	百（词头，10^2）
ヘザー	へざー	石楠色，灰紫色
へたくそ|下手くそ	へたくそ	笨拙，蹩脚
隔たり	へだたり	距离；隔阂，差距
隔て	へだて	隔阂，间隔；区别对待
ヘッジ	へっじ	（金融）对冲，套期保值
ヘッダー	へっだー	（文档、邮件的）页眉，页首
ヘッド	へっど	头，头部；首脑
ヘッドコーチ	へっどこーち	总教练
ヘッドホン	へっどほん	耳机（头戴式）
ヘッドライト	へっどらいと	前灯，车灯
ヘディング	へでぃんぐ	（文档等的）标题；（足球）头球
ヘトヘト	へとへと	筋疲力尽
ヘドロ	へどろ	污泥，淤泥
ヘビー	へびー	重的，沉重的
ヘビースモーカー	へびーすもーかー	烟瘾很大的人
ヘブライズム	へぶらいずむ	希伯来主义
ヘム	へむ	（衣物）卷边，贴边
ヘモグロビン	へもぐろびん	血红蛋白
へら|箆	へら	刮铲，刮刀；描图用薄片；鲫鱼（人工养殖）
ヘラルド	へらるど	先驱，先声（报纸名或象征）
ヘリ	へり	直升机
ヘリウム	へりうむ	氦（He）
ヘリポート	へりぽーと	直升机停机坪
ヘリンボーン	へりんぼーん	人字纹
ヘル	へる	地狱
ヘルシンキ	へるしんき	赫尔辛基
ヘルス	へるす	健康；（隐语）色情按摩店
ヘルスクラブ	へるすくらぶ	健身俱乐部
ヘルツ	へるつ	赫兹（频率单位）
ヘルツェゴビナ	へるつぇごびな	黑塞哥维那
ヘルニア	へるにあ	疝气，椎间盘突出
ヘルパー	へるぱー	护理员，助手
ヘルメット	へるめっと	头盔，安全帽
ヘレニズム	へれにずむ	希腊化文明
ヘロイン	へろいん	海洛因
編	へん	编，编辑；篇，卷
変移	へんい	变迁，变化
変化球	へんかきゅう	（棒球）变化球，曲线球
偏狭	へんきょう	狭隘，偏狭
辺境	へんきょう	边境，边远地区
偏向	へんこう	偏向，倾向；偏转
変更届	へんこうとどけ	变更申报（表）
偏差値	へんさち	偏差值（日本学力测评标准分）
変質	へんしつ	变质，变性
編者	へんしゃ	编者，编辑者
編集者	へんしゅうしゃ	编辑
偏食	へんしょく	偏食
変人	へんじん	怪人，怪癖的人
返送	へんそう	送回，退回
変則	へんそく	不规则，反常
変造	へんぞう	（票据、文件等）伪造，变造
変態	へんたい	变态；（生物）变态发育
辺地	へんち	偏僻地方
編著	へんちょ	编著
編入	へんにゅう	编入，插班
遍歴	へんれき	游历，遍历；（丰富的）经历
ベア	べあ	基本工资上调
ベアリング	べありんぐ	轴承
米	べい	美国，美洲
米価	べいか	米价
米軍	べいぐん	美军
米穀	べいこく	稻米，米谷
米人	べいじん	美国人
米飯	べいはん	米饭
ベイルート	べいるーと	贝鲁特
ベオグラード	べおぐらーど	贝尔格莱德
べき|可き	べき	应该，应当
べきでは無い	べきではない	不应该，不可以
ベクター	べくたー	向量；（疾病）媒介
ベクトル	べくとる	矢量，向量；方向，取向
ベジタブル	べじたぶる	蔬菜
ベストテン	べすとてん	十大，前十名
ベタ	べた	斗鱼
ベタベタ	べたべた	黏糊糊；厚厚地涂（贴）满
ベター	べたー	更好，较好
別館	べっかん	别馆，附楼
別個	べっこ	另外的，别的
別冊	べっさつ	别册，附册
別室	べっしつ	另一房间，单独的房间
別表	べっぴょう	附表
別院	べついん	别院（分寺）
別棟	べつむね	另一栋建筑，附属房屋
別問題	べつもんだい	另一回事
ベドウィン	べどうぃん	贝都因人
ベニヤ	べにや	单板，胶合板
ベニヤ板	べにやいた	胶合板
ベネチアングラス	べねちあんぐらす	威尼斯玻璃
ベネフィット	べねふぃっと	利益，好处
ベビーシッター	べびーしったー	婴幼儿看护，保姆
ベビーフード	べびーふーど	婴儿食品
ベリーダンス	べりーだんす	肚皮舞
ベルギー|白耳義	べるぎー	比利时
ベルトコンベア	べるとこんべあ	传送带，皮带输送机
ベルファスト	べるふぁすと	贝尔法斯特
ベルマーク	べるまーく	铃标（可兑换文具的商品标志）
ベルモット	べるもっと	味美思酒
ベレー	べれー	贝雷帽
ベロ	べろ	舌头；（鞋、信封的）舌片
弁	べん	口才，能言善辩
勉学	べんがく	勤学，求学
勉強中	べんきょうちゅう	学习中
弁慶	べんけい	强壮之人；逞强好胜的人；格纹（弁庆格）
弁護人	べんごにん	辩护人，律师
弁済	べんさい	偿还，清偿
ベンジン	べんじん	汽油
弁舌	べんぜつ	口才，辩才
ベンチャー	べんちゃー	风险企业，创业公司
弁務官	べんむかん	专员，特派员
ベーコン	べーこん	培根
ベーシック	べーしっく	基本的
ベージュ	べーじゅ	米色，浅褐色
ベースアップ	べーすあっぷ	基本工资上调
ベースキャンプ	べーすきゃんぷ	大本营
Β	べーた	贝塔（希腊字母β）
ベートーヴェン	べーとーゔぇん	贝多芬
ベール	べーる	面纱，面罩
ペアリング	ぺありんぐ	情侣戒指
ペイ	ぺい	薪水，工资；划算，值得
ペインクリニック	ぺいんくりにっく	疼痛门诊
ペイント	ぺいんと	油漆，涂料
ペシミスティック	ぺしみすてぃっく	悲观的
ペスト	ぺすと	鼠疫
ペダル	ぺだる	踏板
ペッサリー	ぺっさりー	子宫帽（避孕用具）
ペドメーター	ぺどめーたー	计步器
ペナルティー	ぺなるてぃー	处罚，罚则
ペナント	ぺなんと	三角旗，锦标旗
ペニシリン	ぺにしりん	青霉素
ペプシン	ぺぷしん	胃蛋白酶
ペリカン	ぺりかん	鹈鹕
ペルー|秘露	ぺるー	秘鲁
番瀝青	ぺんき	油漆
ペンギン	ぺんぎん	企鹅
ペンクラブ	ぺんくらぶ	笔会（国际作家组织）
ペン先	ぺんさき	笔尖
ペンション	ぺんしょん	西式民宿，家庭旅馆
ペンシルベニア	ぺんしるべにあ	宾夕法尼亚
ペンタゴン	ぺんたごん	五角大楼；五边形
ペンダント	ぺんだんと	吊坠；吊灯
ペンネーム	ぺんねーむ	笔名
ペース	ぺーす	步调，速度
ペースメーカー	ぺーすめーかー	心脏起搏器；领跑者
ペーソス	ぺーそす	悲怆，哀愁感
ペーパー	ぺーぱー	纸，纸张；论文
ペール	ぺーる	浅色的，淡的
帆	ほ	帆
舗	ほ	铺，店铺
歩	ほ	步，步伐
保安	ほあん	保安，治安
保育園	ほいくえん	幼儿园，托儿所
保育所	ほいくしょ	托儿所
ホイッスル	ほいっする	哨子，哨声
ホイール	ほいーる	车轮，轮子
報	ほう	报道，消息；报答
砲	ほう	炮，火炮
包囲	ほうい	包围
法医学	ほういがく	法医学
放映	ほうえい	播映，播放
法王	ほうおう	教皇；佛
訪欧	ほうおう	访欧
砲火	ほうか	炮火
放課後	ほうかご	放学后
包括	ほうかつ	包括，概括
邦画	ほうが	日本电影；日本画
萌芽	ほうが	萌芽
法外	ほうがい	过分，离谱
方がいい	ほうがいい	最好……，还是……为好
邦楽	ほうがく	日本音乐（尤指传统音乐）
法学部	ほうがくぶ	法学院，法律系
包含	ほうがん	包含，含有
俸給	ほうきゅう	俸禄，薪俸
豊胸	ほうきょう	丰胸
封建主義	ほうけんしゅぎ	封建主义
封建的	ほうけんてき	封建的
砲撃	ほうげき	炮击，轰击
宝庫	ほうこ	宝库
奉公	ほうこう	当佣工，服侍；效忠，服务
芳香	ほうこう	芳香
方向音痴	ほうこうおんち	方向感差（的人），路痴
法師	ほうし	法师，僧人
胞子	ほうし	孢子
放射性	ほうしゃせい	放射性
放射線	ほうしゃせん	放射线
褒賞	ほうしょう	奖赏，褒奖
法相	ほうしょう	（日本）法务大臣
報奨金	ほうしょうきん	奖金，酬金
飽食	ほうしょく	饱食，吃饱
宝飾	ほうしょく	珠宝首饰
邦人	ほうじん	（旅居海外的）日本人，同胞
放水	ほうすい	放水，排水；喷水
法制	ほうせい	法制
縫製	ほうせい	缝制
法制局	ほうせいきょく	（日本内阁）法制局
放送	ほうそう	广播，播放
法曹	ほうそう	司法界人士，法律工作者
法曹界	ほうそうかい	司法界
放題	ほうだい	随意，无限量（多接动词连用形）
砲弾	ほうだん	炮弹
放逐	ほうちく	放逐，驱逐
法治国	ほうちこく	法治国家
訪中	ほうちゅう	访华
法定	ほうてい	法定的
法的	ほうてき	法律上的
報道機関	ほうどうきかん	新闻机构，媒体
報道陣	ほうどうじん	记者团，新闻界
訪日	ほうにち	访日
豊年	ほうねん	丰年
奉納	ほうのう	奉纳，供奉
抱負	ほうふ	抱负，志向
報復	ほうふく	报复，反击
法文	ほうぶん	法律条文
砲兵	ほうへい	炮兵
訪米	ほうべい	访美
方法論	ほうほうろん	方法论
放牧	ほうぼく	放牧
豊満	ほうまん	丰满，丰腴
法務	ほうむ	法务，司法事务
訪問者	ほうもんしゃ	访问者，来访者
抱擁	ほうよう	拥抱
法要	ほうよう	（佛教）法事，法会
包容力	ほうようりょく	包容力，度量
崩落	ほうらく	崩塌，塌陷；暴跌
法律事務所	ほうりつじむしょ	律师事务所
放流	ほうりゅう	放水（泄洪）；放鱼苗，放生
豊漁	ほうりょう	大丰收（渔业），渔获丰盛
法令	ほうれい	法令
ほうれん草	ほうれんそう	菠菜
放浪	ほうろう	流浪，漂泊
保革	ほかく	保守派与革新派
他に	ほかに	另外，此外
ほかにも|他にも	ほかにも	此外还有
補完	ほかん	补充，补全
北緯	ほくい	北纬
北欧	ほくおう	北欧
北上	ほくじょう	北上
北端	ほくたん	最北端
北部	ほくぶ	北部
北米	ほくべい	北美
北北東	ほくほくとう	北北东
北陸	ほくりく	北陆地区（日本本州）
ほくろ|黒子	ほくろ	痣
補欠	ほけつ	递补，候补
保険金	ほけんきん	保险金
保健所	ほけんじょ	保健所，卫生所
保健婦	ほけんふ	（女）保健护士
矛	ほこ	矛，长矛
歩行	ほこう	步行，行走
歩行者天国	ほこうしゃてんごく	步行街（禁止车辆通行区）
矛先	ほこさき	矛头，矛尖；（攻击、批评的）矛头
保護者	ほごしゃ	监护人，家长
補佐	ほさ	辅佐，协助（者）
星占い	ほしうらない	占星术
欲しがる	ほしがる	想要，渴望
星空	ほしぞら	星空
捕手	ほしゅ	（棒球）捕手
保守党	ほしゅとう	保守党
保証金	ほしょうきん	押金，保证金
保証付き	ほしょうつき	附有保证的
保証人	ほしょうにん	保证人，担保人
保持	ほじ	保持，维持
ホステル	ほすてる	青年旅舍
ホスト	ほすと	主人，主办方；男公关
ホスピス	ほすぴす	临终关怀医院
保する	ほする	保证，担保
補正	ほせい	修正，校正
補正予算	ほせいよさん	（追加）修正预算
保全	ほぜん	保全，维护
細々	ほそぼそ	勉强维持，苟延；细细的
細る	ほそる	变细，变瘦；（收入等）减少
ほたる|蛍	ほたる	萤火虫
補聴器	ほちょうき	助听器
北海	ほっかい	北方海域；北海
北海道開発庁長官	ほっかいどうかいはつちょうちょうかん	（日本）北海道开发厅长官
発起人	ほっきにん	发起人
北極圏	ほっきょくけん	北极圈
ホック	ほっく	（衣物上的）钩扣，按扣
ホッケー	ほっけー	曲棍球
欲する	ほっする	想要，渴望
発端	ほったん	起因，开端
ホット	ほっと	热的；热咖啡
ほっといて	ほっといて	别管我！随它去！
ほっといてくれ	ほっといてくれ	别管我！随它去！
ホットライン	ほっとらいん	热线电话
ホップ	ほっぷ	单脚跳，蹦跳；啤酒花
北方	ほっぽう	北方
歩道橋	ほどうきょう	天桥，人行天桥
ほどなく|程なく	ほどなく	不久，很快
骨抜き	ほねぬき	剔骨，去骨；（计划等）被削弱，抽掉核心内容
ほのめかす|仄めかす	ほのめかす	暗示，透露
ホノルル	ほのるる	火奴鲁鲁（檀香山）
歩兵	ほへい	步兵
保母	ほぼ	（女性）保育员
誉れ	ほまれ	荣誉，光荣
ホモ	ほも	同性恋（者）；同型的
保有	ほゆう	拥有，保有
保養所	ほようじょ	疗养所，休养所
ほら	ほら	看！瞧！
洞	ほら	洞，洞穴
洞穴	ほらあな	洞穴，山洞
堀江	ほりえ	运河
堀川	ほりかわ	运河
ホリデー	ほりでー	假日，节假日
保留	ほりゅう	保留，暂缓
ホルスター	ほるすたー	枪套
ホルダー	ほるだー	（物品的）夹，架，套；持有人
ホルン	ほるん	圆号
惚れる	ほれる	爱上，迷恋
ホログラフィ	ほろぐらふぃ	全息摄影术
ホロコースト	ほろこーすと	大屠杀
ホワイト	ほわいと	白色；修正液
ホワイトカラー	ほわいとからー	白领
ホワイトニング	ほわいとにんぐ	（牙齿）美白
翻案	ほんあん	改编
本位	ほんい	本位，标准
翻意	ほんい	回心转意，改变主意
本因坊	ほんいんぼう	本因坊（围棋名门称号）
本会議	ほんかいぎ	全体会议
本格化	ほんかくか	正式展开，步入正轨
本願	ほんがん	夙愿，宿愿；（佛教）本愿
本拠	ほんきょ	根据地，大本营
本業	ほんぎょう	主业，本行
本件	ほんけん	本案，此事
本校	ほんこう	本校
本腰	ほんごし	认真的态度，真劲
本山	ほんざん	（佛教）总寺院，本山
本旨	ほんし	主旨，本意
本紙	ほんし	（报纸）正刊；本报
本質的	ほんしつてき	本质的，实质性的
本書	ほんしょ	本书；正文
本省	ほんしょう	（日本中央政府）本部
本性	ほんしょう	本性，本来面目
本職	ほんしょく	本职，主业；内行，专业人士
本数	ほんすう	（长条物、车次等的）数量
本籍	ほんせき	原籍，户籍所在地
本線	ほんせん	干线，主干线
奔走	ほんそう	奔走，奔波
本尊	ほんぞん	（寺庙的）本尊像；本人
本隊	ほんたい	主力部队
本題	ほんだい	正题，主题
本朝	ほんちょう	我国（指日本），本朝
本島	ほんとう	本岛
本土	ほんど	本土
本堂	ほんどう	（寺院）正殿
本年	ほんねん	本年，今年
ほんの少し	ほんのすこし	一点点，仅仅一点
ほんのり	ほんのり	微微，淡淡地
ほんの～	ほんの～	不过是，仅仅是
本箱	ほんばこ	书箱，书柜
本番	ほんばん	正式演出（拍摄等）；实战
奔放	ほんぽう	奔放，不受拘束
本命	ほんめい	最有希望获胜者，头号人选；心仪对象
本予算	ほんよさん	正式预算，本预算
本欄	ほんらん	本栏目
本流	ほんりゅう	主流（河流）；（思想等）主流
本領	ほんりょう	本领，特长
本塁	ほんるい	（棒球）本垒
本塁打	ほんるいだ	（棒球）本垒打，全垒打
翻弄	ほんろう	玩弄，摆布
ホープ	ほーぷ	希望，希望之星
ホーマー	ほーまー	（棒球）本垒打
ホーミング	ほーみんぐ	自动导向，寻的
ホームイン	ほーむいん	（棒球）跑回本垒得分
ホームグラウンド	ほーむぐらうんど	主场；常去的地方
ホームセキュリティ	ほーむせきゅりてぃ	家庭安防系统
ホームターミナル	ほーむたーみなる	家用终端
ホームドラマ	ほーむどらま	家庭伦理剧
ホームヘルパー	ほーむへるぱー	家庭护理员
ホームラン	ほーむらん	（棒球）本垒打，全垒打
ホームルーム	ほーむるーむ	班会（时间）
ホーン	ほーん	喇叭，号角
ボイジャー	ぼいじゃー	旅行者号（探测器）
ボイス	ぼいす	声音
ボイスレコーダー	ぼいすれこーだー	录音机；驾驶舱语音记录仪
ボイラー	ぼいらー	锅炉
母音	ぼいん	元音
某	ぼう	某，某某
防衛施設庁	ぼうえいしせつちょう	（日本）防卫设施厅
防衛庁	ぼうえいちょう	（日本）防卫厅
防疫	ぼうえき	防疫
防音	ぼうおん	隔音，防音
傍観	ぼうかん	旁观，袖手旁观
忘却	ぼうきゃく	忘却，遗忘
暴挙	ぼうきょ	暴行，蛮干
暴虐	ぼうぎゃく	暴虐
防御	ぼうぎょ	防御，防护
防空	ぼうくう	防空
防護	ぼうご	防护，保护
防災	ぼうさい	防灾
紡織	ぼうしょく	纺织
傍受	ぼうじゅ	窃听，监听
防水	ぼうすい	防水
防戦	ぼうせん	防御战，守势作战
暴走	ぼうそう	横冲直撞，胡来；（车辆等）失控
棒立ち	ぼうだち	呆立，僵立
防弾	ぼうだん	防弹
傍聴	ぼうちょう	旁听
暴徒	ぼうと	暴徒
暴騰	ぼうとう	暴涨，猛涨
防波堤	ぼうはてい	防波堤
防犯カメラ	ぼうはんかめら	监控摄像头
亡父	ぼうふ	亡父
亡夫	ぼうふ	亡夫
亡命	ぼうめい	亡命，流亡
謀略	ぼうりゃく	谋略，阴谋
暴力団	ぼうりょくだん	黑帮，暴力团伙
ボウリング	ぼうりんぐ	保龄球
ボウル	ぼうる	碗，钵
亡霊	ぼうれい	亡灵，幽灵
防～	ぼう～	防……
ぼかす|暈す	ぼかす	使模糊，晕染；含糊其辞
簿記	ぼき	簿记
ボギー	ぼぎー	（高尔夫）柏忌
ボクサー	ぼくさー	拳击手；拳师犬
ボクシング	ぼくしんぐ	拳击
牧草	ぼくそう	牧草
僕たち	ぼくたち	我们
撲滅	ぼくめつ	扑灭，根除
牧野	ぼくや	牧场
僕ら	ぼくら	我们
ぼけ|惚け	ぼけ	糊涂，痴呆；（相声）装傻角色
墓穴	ぼけつ	墓穴
ぼける|呆ける	ぼける	变糊涂，痴呆；（图像等）模糊
母国語	ぼこくご	母语
ボコーダー	ぼこーだー	声码器
菩薩	ぼさつ	菩萨
ボサノバ	ぼさのば	波萨诺瓦（巴西音乐）
母子	ぼし	母子
ボス	ぼす	头目，老大；（游戏）头目怪
ボストン	ぼすとん	波士顿
ボスニア	ぼすにあ	波斯尼亚
母性	ぼせい	母性
墓石	ぼせき	墓碑
母体	ぼたい	母体；母公司，母机构
母胎	ぼたい	母胎，子宫；母体，根基
勃起	ぼっき	勃起
ボックス	ぼっくす	盒，箱；（棒球）打击区；（剧场）包厢
没	ぼつ	死；（稿件等）被否决，不予采用
没後	ぼつご	死后
ボツワナ	ぼつわな	博茨瓦纳
ボディコン	ぼでぃこん	紧身性感（服装）
ボディー	ぼでぃー	身体；（拳击）躯干打击
ボディーブロー	ぼでぃーぶろー	（拳击）躯干打击
ボトム	ぼとむ	底部；下装（裤子、裙子等）
母乳	ぼにゅう	母乳
ボブ	ぼぶ	波波头（短发）
ボブスレー	ぼぶすれー	雪橇（有舵雪车）
ぼや|小火	ぼや	小火，小型火灾
ボルテージ	ぼるてーじ	电压；（情绪）高涨程度
ボレロ	ぼれろ	波列罗舞（曲）；短外套
ボレー	ぼれー	（球类）截击，凌空抽击
ボロボロ	ぼろぼろ	破烂不堪，破旧
ボン	ぼん	好，行（俗语）
凡	ぼん	平凡，普通
盆踊り	ぼんおどり	盂兰盆舞
盆栽	ぼんさい	盆栽
凡人	ぼんじん	凡人，普通人
ボンド	ぼんど	粘合剂，胶水；债券
ボンネット	ぼんねっと	（汽车）引擎盖；女帽
煩悩	ぼんのう	烦恼（佛教语，指世俗欲念）
ボンベ	ぼんべ	（压缩气体）钢瓶
凡庸	ぼんよう	平庸，庸碌
ボー	ぼー	弓；蝴蝶结
ボーイスカウト	ぼーいすかうと	童子军
ボーイフレンド	ぼーいふれんど	男朋友
ボーイング	ぼーいんぐ	（弦乐器）运弓
ボーカラー	ぼーからー	蝴蝶结衣领
ボーカリスト	ぼーかりすと	主唱，歌手
ボーカル	ぼーかる	（乐队）主唱，声乐部分
ボーク	ぼーく	（棒球）投手犯规
ボーダー	ぼーだー	边界，边境；条纹（图案）
ボーダーライン	ぼーだーらいん	分界线，临界线
ぼーっと	ぼーっと	发呆，恍惚
ボートピープル	ぼーとぴーぷる	船民，乘船逃难的难民
ボード	ぼーど	板，木板
ボードセーリング	ぼーどせーりんぐ	帆板运动
ボールド	ぼーるど	粗体
ボーン	ぼーん	骨；（乐器）伸缩长号
ポエム	ぽえむ	诗
ぽかん	ぽかん	发呆，目瞪口呆
ポケットサイズ	ぽけっとさいず	口袋大小的，便携式
ポケットベル	ぽけっとべる	寻呼机，BB机
ポケットマネー	ぽけっとまねー	零花钱
ポシェット	ぽしぇっと	小挎包
ポシビリティ	ぽしびりてぃ	可能性
ポジショニング	ぽじしょにんぐ	定位，站位
ポジティブ	ぽじてぃぶ	积极的，正面的
ポタポタ	ぽたぽた	滴答滴答（滴水声）
ポタージュ	ぽたーじゅ	浓汤
ポッドキャスト	ぽっどきゃすと	播客
ポップ	ぽっぷ	流行的，时髦的
ポップアート	ぽっぷあーと	波普艺术
ポップコーン	ぽっぷこーん	爆米花
ポップス	ぽっぷす	流行音乐
ポテト	ぽてと	土豆；炸薯条
ポテトチップス	ぽてとちっぷす	薯片
ポテンシャル	ぽてんしゃる	潜力，潜能
ポトフ	ぽとふ	法式蔬菜炖肉
ポニーテール	ぽにーてーる	马尾辫
ポプリ	ぽぷり	香薰花瓣（百花香）
ポリ	ぽり	聚……（聚乙烯等的略称）
ポリエチレン	ぽりえちれん	聚乙烯
ポリオ	ぽりお	脊髓灰质炎，小儿麻痹症
ポリス	ぽりす	警察
ポリネシア	ぽりねしあ	波利尼西亚
ポリプロピレン	ぽりぷろぴれん	聚丙烯
ポリマー	ぽりまー	聚合物
ポリープ	ぽりーぷ	息肉
ポルカ	ぽるか	波尔卡舞（曲）
ポルトガル|葡萄牙	ぽるとがる	葡萄牙
ポルノ	ぽるの	色情作品
ポロ	ぽろ	马球
听	ぽんど	磅（重量、货币单位）
ポンポン	ぽんぽん	（啦啦队用）彩球，流苏球
ポーカー	ぽーかー	扑克
ポータブル	ぽーたぶる	便携式的
ポーター	ぽーたー	搬运工，脚夫
ポーチ	ぽーち	小手提包，化妆包
ポート	ぽーと	港口；（船的）左舷；（电脑）端口
ポートフォリオ	ぽーとふぉりお	作品集；投资组合
ポートレート	ぽーとれーと	肖像，人像照
ポール	ぽーる	杆，柱
魔	ま	魔，恶魔
真新しい	まあたらしい	崭新的
マイ	まい	我的，自己的（前缀，如マイカー）
枚	まい	张，片，枚（量词）
毎	まい	每
舞	まい	舞蹈
まい	まい	（意志否定推量）不会……吧，不……
マイアミ	まいあみ	迈阿密
マイカー	まいかー	私家车
枚挙	まいきょ	列举
マイクロ	まいくろ	微，微型
マイクロバス	まいくろばす	小型巴士
マイクロフィルム	まいくろふぃるむ	缩微胶卷
マイコン	まいこん	微型计算机，单片机
毎時	まいじ	每小时
埋葬	まいそう	埋葬
マイナー	まいなー	小的，不重要的；小众的，非主流的
毎日のように	まいにちのように	几乎每天
マイノリティー	まいのりてぃー	少数派，少数群体
舞姫	まいひめ	舞女，女舞蹈家
マイホーム	まいほーむ	自己的住宅，自家小窝
埋没	まいぼつ	埋没，被埋没
マイム	まいむ	哑剧，默剧表演
マイル|哩	まいる	英里
マイルド	まいるど	温和的，柔和的
マインド	まいんど	心，心态，精神
毎～	まい～	每……
マウンテン	まうんてん	山
マウント	まうんと	安装座，支架
マウンド	まうんど	（棒球）投手丘
前売り券	まえうりけん	预售票
前頭	まえがしら	（相扑）前头（最高级别下位阶层）
前髪	まえがみ	刘海，额发
前借り	まえがり	预借，预支（工资）
マエストロ	まえすとろ	大师，指挥家
前倒し	まえだおし	提前（计划、日程等）
前払い	まえばらい	预付，预付款
前々	まえまえ	很久以前，从前
マカダム	まかだむ	碎石路（麦克丹碎石铺路法）
マカロニ	まかろに	通心粉
真顔	まがお	一本正经的表情
マガジン	まがじん	杂志；弹匣；胶卷盒
間借り	まがり	租房间
曲がり	まがり	弯曲，弯度
巻	まき	卷；上弦；（书籍）卷
巻き返し	まきかえし	反攻，扭转局面
マキシ	まきし	超长（裙、外套等）
巻尺	まきじゃく	卷尺
巻き添え	まきぞえ	受牵连，被牵连
紛れもない	まぎれもない	千真万确的，毋庸置疑的
幕内	まくうち	（相扑）幕内（最高级别）
幕切れ	まくぎれ	（戏剧）闭幕；结局，收场
幕下	まくした	（相扑）幕下（第三级别）
マクラメ	まくらめ	绳结工艺
まくる|捲る	まくる	卷起，撩起；一个劲地……，猛干
マクロ	まくろ	宏，宏观
間口	まぐち	（建筑物）临街宽度，门面；广度，范围
マグナム	まぐなむ	马格南（弹药、酒瓶规格）
マグニチュード	まぐにちゅーど	（地震）震级
マグネシウム	まぐねしうむ	镁（Mg）
マグネット	まぐねっと	磁铁
マグマ	まぐま	岩浆
まぐれ|紛れ	まぐれ	侥幸，偶然
負け犬	まけいぬ	失败者，输家
負け越し	まけこし	负多胜少
マケドニア	まけどにあ	马其顿
誠にありがとうございます	まことにありがとうございます	衷心感谢，非常感谢
孫娘	まごむすめ	孙女，外孙女
マサチューセッツ	まさちゅーせっつ	马萨诸塞州
マザコン	まざこん	恋母情结，妈宝男
マザリング	まざりんぐ	母性养育，母职照护
マザーグース	まざーぐーす	鹅妈妈童谣
真四角	ましかく	正方形
ましょうか	ましょうか	……好吗？要不要……？
真正面	ましょうめん	正对面，正前方
マシン	ましん	机器；赛车，赛用摩托车
マシンガン	ましんがん	机关枪
見知らぬ	みしらぬ	陌生的，素不相识的
短め	みじかめ	略短，偏短
未熟児	みじゅくじ	早产儿
みじん切り	みじんぎり	切碎，剁碎（烹饪）
未遂	みすい	未遂
ミスター	みすたー	先生
ミステリアス	みすてりあす	神秘的
ミスマッチ	みすまっち	不匹配，不相称
みすみす|見す見す	みすみす	眼睁睁地，坐视
ミズ	みず	女士（不分婚否的敬称）
水揚げ	みずあげ	卸货，卸船；渔获量；营业额
水入らず	みずいらず	只有自家人（没有外人）
水際	みずぎわ	水边，水际
水臭い	みずくさい	见外，客气得生疏
水口	みずぐち	（容器等的）出水口
見ず知らず	みずしらず	素不相识
水玉	みずたま	水珠；圆点花纹
水鳥	みずとり	水鸟
水浸し	みずびたし	泡在水里，被水淹
水辺	みずべ	水边
ミズーリ	みずーり	密苏里州
未成年	みせいねん	未成年
未成年者	みせいねんしゃ	未成年人
見せ掛け	みせかけ	外表，假象
店先	みせさき	店铺门前，店面
見せ場	みせば	（戏剧、比赛等的）精彩场面，高潮
店開き	みせびらき	开张，开店营业
未然	みぜん	（事情发生）之前，未然
三十日	みそか	（每月）最后一天，晦日
味噌汁	みそしる	味噌汤
みたい	みたい	好像，似乎；……之类的
見たところ	みたところ	看上去，从外表看
乱れ	みだれ	混乱，紊乱
道草	みちくさ	在路上耽搁，途中逗留
未知数	みちすう	未知数；未知的因素
道筋	みちすじ	路线，途径
道のり	みちのり	路程，距离
３日	みっか	三号（日期）；三天
ミックス	みっくす	混合
密航	みっこう	偷渡
密室	みっしつ	密室
ミッション	みっしょん	使命，任务；代表团；（宗教）传教团
ミット	みっと	（棒球）手套
ミッドナイト	みっどないと	午夜
密入国	みつにゅうこく	偷渡入境
密売	みつばい	走私贩卖，非法出售
密約	みつやく	密约
密猟	みつりょう	偷猎
密林	みつりん	密林，丛林
ミディ	みでぃ	中长款（裙、外套等）
ミトコンドリア	みとこんどりあ	线粒体
見届ける	みとどける	看清楚，确认；亲眼看到最后
認め	みとめ	认可，认定
認め印	みとめいん	私章，非正式印章
緑色	みどりいろ	绿色
ミドル	みどる	中间；中年
ミドル級	みどるきゅう	（拳击等）中量级
ミドルホール	みどるほーる	（高尔夫）中距离球洞（标准杆4杆）
身投げ	みなげ	投水自尽，跳河自杀
水俣病	みなまたびょう	水俣病
南アフリカ	みなみあふりか	南非
南側	みなみがわ	南侧，南边
見習い	みならい	见习，实习（生）
ミニ	みに	迷你，小型
ミニコミ	みにこみ	小范围传播的（小众）媒体
ミニスカート	みにすかーと	迷你裙，超短裙
ミニチュア	みにちゅあ	微型的，缩样的
身につける	みにつける	掌握，学到；穿戴，佩带
ミニディスク	みにでぃすく	迷你光盘（MD）
ミニバッファ	みにばっふぁ	小缓冲区
ミニマム	みにまむ	最小，最低限度
ミネソタ	みねそた	明尼苏达州
未納	みのう	未缴纳，拖欠
身代金要求	みのしろきんようきゅう	勒索赎金
実り	みのり	结果实，成熟；成果，收获
未発表	みはっぴょう	未发表，未公开
見放す	みはなす	抛弃，放弃
未払い	みはらい	未付款，拖欠
見晴らす	みはらす	远眺，俯瞰
見張り	みはり	看守，站岗；监视
身震い	みぶるい	（因寒冷、恐惧等）发抖，打颤
身分証明書	みぶんしょうめいしょ	身份证明，身份证
見本市	みほんいち	商品展销会，样品展
未亡人	みぼうじん	寡妇，遗孀
耳障り	みみざわり	刺耳，难听
ミミック	みみっく	模仿，拟态
耳元	みみもと	耳边
耳より	みみより	（消息）值得一听的，令人心动的
未明	みめい	拂晓，凌晨
脈拍	みゃくはく	脉搏
脈絡	みゃくらく	脉络，条理
ミャンマー	みゃんまー	缅甸
深山	みやま	深山
ミュンヘン	みゅんへん	慕尼黑
ミュージアム	みゅーじあむ	博物馆
ミュージカル	みゅーじかる	音乐剧
ミュージシャン	みゅーじしゃん	音乐家
ミューズ	みゅーず	缪斯女神；灵感之源
妙案	みょうあん	妙计，好主意
妙技	みょうぎ	绝技，精湛技艺
妙手	みょうしゅ	（棋类）妙招；高手，能手
苗字	みょうじ	姓，姓氏
明星	みょうじょう	启明星，金星；（行业）明星
明朝	みょうちょう	明晨
明年	みょうねん	明年
明晩	みょうばん	明晚
身寄り	みより	亲属，亲人
ミラクル	みらくる	奇迹
ミラー	みらー	镜子
ミラージュ	みらーじゅ	海市蜃楼，幻影
ミリ	みり	毫，毫米
ミリオン	みりおん	百万；百万销量
ミリオンセラー	みりおんせらー	销量百万的畅销书（唱片）
ミリグラム	みりぐらむ	毫克
ミリタリールック	みりたりーるっく	军装风（时尚）
ミリバール	みりばーる	毫巴（气压单位）
ミリメートル|粍	みりめーとる	毫米
魅力的	みりょくてき	有魅力的，迷人的
ミリリットル|竓	みりりっとる	毫升
看る	みる	照看，护理
ミルウォーキー	みるうぉーきー	密尔沃基
みるみる|見る見る	みるみる	眼看着，转眼间
ミレニアム	みれにあむ	千年，新千年
魅惑	みわく	魅惑，吸引
見分け	みわけ	辨别，区别
民意	みんい	民意
民営化	みんえいか	民营化，私有化
民家	みんか	民房，民居
民間放送	みんかんほうそう	民间广播（商业电视台）
ミンク	みんく	貂，貂皮
民芸	みんげい	民间工艺
民社党	みんしゃとう	（日本）民社党
民主国	みんしゅこく	民主国家
民主主義	みんしゅしゅぎ	民主主义
民主的	みんしゅてき	民主的
民主党	みんしゅとう	民主党
民主～	みんしゅ～	民主……
民需	みんじゅ	民间需求
民政	みんせい	民政，文人政治
民生	みんせい	民生
民族主義	みんぞくしゅぎ	民族主义
民族自決	みんぞくじけつ	民族自决
ミンチ	みんち	肉馅，绞肉
ミント	みんと	薄荷
民兵	みんぺい	民兵
民放	みんぽう	民营广播电视台
ミーイズム	みーいずむ	利己主义，自我中心主义
ミート	みーと	肉
ミーハー	みーはー	赶时髦的人，追星族
ミール	みーる	谷物粉，粗磨粉
未～	み～	未……，尚未……
無為	むい	无为，虚度光阴
６日	むいか	六号（日期）；六天
無益	むえき	无益，无用
無縁	むえん	无缘，无关
向い	むかい	对面
迎え撃つ	むかえうつ	迎击，迎战
昔のまま	むかしのまま	一如从前
昔話	むかしばなし	古老传说，民间故事；往事
向かって左	むかってひだり	面对时的左侧
ムカムカ	むかむか	恶心，反胃；恼火，窝火
無関係	むかんけい	无关
無我	むが	忘我，无我
無害	むがい	无害
向き	むき	方向；倾向，适合……的
無期	むき	无期限；无期徒刑
無期限	むきげん	无限期
無傷	むきず	无伤，完好无损
無機物	むきぶつ	无机物
無記名	むきめい	不记名，匿名
無休	むきゅう	无休息日，全年无休
無給	むきゅう	无薪，无偿
無菌	むきん	无菌
麦茶	むぎちゃ	麦茶
麦畑	むぎばたけ	麦田
むくみ|浮腫	むくみ	浮肿
報われる	むくわれる	得到回报
向け	むけ	面向……，针对……
無形文化財	むけいぶんかざい	非物质文化遗产
剥ける	むける	脱落，剥落（皮肤等）
夢幻	むげん	梦幻
向こう側	むこうがわ	对面，那一侧
無策	むさく	无对策，束手无策
無差別	むさべつ	不加区别，无差别
無残	むざん	悲惨，凄惨；残忍
無死	むし	（棒球）无人出局
蒸し	むし	蒸
蒸し返す	むしかえす	重新加热；旧事重提
無資格	むしかく	无资格，不合格
蒸しパン	むしぱん	蒸面包，馒头式蒸点
武者	むしゃ	武士
無修正	むしゅうせい	未经修改的，未删减的
無償	むしょう	无偿，免费
無性に	むしょうに	非常，特别（想……）
無職	むしょく	无职业，无业
無色	むしょく	无色
無所属	むしょぞく	无党派，独立（人士）
虫除け	むしよけ	驱虫剂，防虫
無心	むしん	天真无邪，无杂念；纠缠索要（钱财）
無重量	むじゅうりょう	失重
無情	むじょう	无情，冷酷
無条件	むじょうけん	无条件
無人	むじん	无人的，无人驾驶的
無尽蔵	むじんぞう	取之不尽，无穷无尽
ムスタング	むすたんぐ	野马（车型或动物）
結びつき	むすびつき	联系，关联
結びつく	むすびつく	相连，联结；导致
娘婿	むすめむこ	女婿
無制限	むせいげん	无限制
無政府	むせいふ	无政府
無生物	むせいぶつ	无生物
無洗米	むせんまい	免淘米
無線ＬＡＮ	むせんらん	无线局域网，无线LAN
無税	むぜい	免税
夢想	むそう	梦想，幻想
無恥	むち	无耻
無秩序	むちつじょ	无秩序，混乱
むっつり	むっつり	沉默寡言；郁郁不乐
ムッと	むっと	生气，恼怒；憋闷（气味等呛人）
無敵	むてき	无敌
無党派層	むとうはそう	无党派选民，中间选民
無投票	むとうひょう	不经投票（当选等）
無得点	むとくてん	未得分，零得分
無届け	むとどけ	未申报，未登记
虚しい	むなしい	空虚的；徒劳的
旨	むね	宗旨，主旨；要点
無配	むはい	不分红
無風	むふう	无风；平静无事
無法	むほう	无法无天；蛮横
無報酬	むほうしゅう	无报酬，义务
無謀	むぼう	鲁莽，轻率
無名	むめい	无名，不知名
無免許	むめんきょ	无证，无照
無欲	むよく	无欲，不贪心
紫色	むらさきいろ	紫色
村人	むらびと	村民
ムラート	むらーと	穆拉托人（黑白混血儿）
無利子	むりし	无息
無量	むりょう	无量，无限
無力	むりょく	无力，无能为力
無力感	むりょくかん	无力感
群れる	むれる	群集，成群
ムース	むーす	慕斯（甜点／发胶）
ムーディー	むーでぃー	情调好的，气氛浪漫的
ムービー	むーびー	电影，影片
ムーブメント	むーぶめんと	运动，潮流；（钟表）机芯
ムーラン	むーらん	磨坊
ムール	むーる	贻贝
ムーン	むーん	月亮
名案	めいあん	好主意，妙计
明暗	めいあん	明暗
命運	めいうん	命运
明快	めいかい	明快，明了
名画	めいが	名画，名片
銘柄	めいがら	品牌，牌号；（股票）品种
明記	めいき	明确记载，写明
銘記	めいき	铭记
迷宮	めいきゅう	迷宫；扑朔迷离（案件等）
名曲	めいきょく	名曲
名義	めいぎ	名义
メイク	めいく	化妆
メイクアップ	めいくあっぷ	化妆
名月	めいげつ	中秋明月；满月
明言	めいげん	明言，明确表示
迷彩	めいさい	迷彩，伪装
名手	めいしゅ	名手，高手；妙招
盟主	めいしゅ	盟主
明示	めいじ	明示，明确表示
名実	めいじつ	名实
名声	めいせい	名声
瞑想	めいそう	冥想，沉思
命題	めいだい	命题
名著	めいちょ	名著
メイド	めいど	女仆
命日	めいにち	忌日
冥福	めいふく	冥福
明文化	めいぶんか	明文规定，成文化
命名	めいめい	命名
銘々	めいめい	各自，每人
名目	めいもく	名义，名目
名門	めいもん	名门；名校
盟約	めいやく	盟约
盟友	めいゆう	盟友
名優	めいゆう	名演员
名誉職	めいよしょく	名誉职位
迷路	めいろ	迷路；（解剖）内耳迷路
迷惑行為	めいわくこうい	扰民行为，骚扰行为
メイン	めいん	主要的；主菜
メインストリート	めいんすとりーと	主街，大街
名～	めい～	著名的~
メカ	めか	机械，机器
メカニック	めかにっく	机械（师），技工；技巧
メガ	めが	（前缀）兆（10^6）；巨大
目が覚める	めがさめる	醒来，睡醒
目頭	めがしら	内眼角
メガヘルツ	めがへるつ	兆赫
メガホン	めがほん	扩音器，喇叭筒
女神	めがみ	女神
メキシコ|墨西哥	めきしこ	墨西哥
メキシコ湾	めきしこわん	墨西哥湾
メキメキ	めきめき	显著地，飞快地
めく	めく	（接尾）显出~的样子
盲	めくら	失明；盲人；文盲
めぐり合う	めぐりあう	邂逅，巧遇
目黒	めぐろ	目黑（东京地名）
メコンデルタ	めこんでるた	湄公河三角洲
メシア	めしあ	弥赛亚，救世主
メジャー	めじゃー	主要的，大型的；卷尺
めじろ|目白	めじろ	绣眼鸟
目白押し	めじろおし	密密麻麻挤在一起
メソジスト	めそじすと	卫理公会教徒
メソポタミア	めそぽたみあ	美索不达米亚
メゾソプラノ	めぞそぷらの	女中音
メゾン	めぞん	住宅，公寓
メタノール	めたのーる	甲醇
メタボリック	めたぼりっく	代谢的
メタリック	めたりっく	金属光泽的
メタル	めたる	金属
メタン	めたん	甲烷
メタンガス	めたんがす	甲烷气体
目玉	めだま	眼珠；招牌商品，特色
目玉商品	めだましょうひん	特价商品，招牌商品
メダリスト	めだりすと	奖牌获得者
めちゃめちゃ|目茶目茶	めちゃめちゃ	乱七八糟，一塌糊涂
メチル	めちる	甲基
メッカ	めっか	麦加；（喻）圣地，中心
メッシュ	めっしゅ	网眼，网格
メッセ	めっせ	博览会，展览会
滅多	めった	轻率的，胡乱的
メディカルエンジニアリング	めでぃかるえんじにありんぐ	医学工程
メトリック	めとりっく	公制的
メトロ	めとろ	地铁
メトロノーム	めとろのーむ	节拍器
メトロポリタン	めとろぽりたん	大都市的
メドレー	めどれー	集锦，串烧；混合接力
メドレーリレー	めどれーりれー	混合泳接力
目抜き	めぬき	最繁华的，最主要的
芽生え	めばえ	萌芽
雌花	めばな	雌花
目減り	めべり	（运输、保管中的）自然损耗，缩水
メモ帳	めもちょう	备忘录，记事本
メモリアル	めもりある	纪念的，纪念物
メモリアルホール	めもりあるほーる	纪念馆，纪念堂
メモリーカード	めもりーかーど	存储卡
メラニン	めらにん	黑色素
メリー	めりー	愉快的；婴儿床铃
メルクマール	めるくまーる	标志，特征
メルシー	めるしー	谢谢
メルヘン	めるへん	童话
メルボルン	めるぼるん	墨尔本
メレンゲ	めれんげ	蛋白霜
メロドラマ	めろどらま	通俗情节剧，肥皂剧
目を通す	めをとおす	浏览，过目
麺	めん	面条
免疫	めんえき	免疫
面識	めんしき	相识，认识
免職	めんしょく	免职，撤职
免状	めんじょう	执照，证书
免責	めんせき	免责
メンタリティ	めんたりてぃ	心态，精神状态
メンタル	めんたる	精神的，心理的
メンタルヘルス	めんたるへるす	心理健康
メンテナンス	めんてなんす	维护，保养
めんどくさい|面倒くさい	めんどくさい	麻烦的，嫌麻烦的
メンフィス	めんふぃす	孟菲斯
綿布	めんぷ	棉布
面々	めんめん	各位，诸位
メーデー	めーでー	五一劳动节
メート	めーと	（船舶）大副
メールアドレス	めーるあどれす	邮箱地址
メーンバンク	めーんばんく	主要往来银行
喪	も	丧，服丧
藻	も	藻类，海藻
も	も	也；连…都
モアレ	もあれ	波纹绸；摩尔纹
猛威	もうい	猖獗，肆虐
盲学校	もうがっこう	盲人学校
儲け	もうけ	利润，盈利
猛攻	もうこう	猛攻
申し合わせ	もうしあわせ	商定，约定
申し入れ	もうしいれ	提议，建议
申し立て	もうしたて	陈述，申诉
申し分ない	もうしぶんない	无可挑剔，完美
猛獣	もうじゅう	猛兽
盲人	もうじん	盲人
もうすっかり	もうすっかり	已经完全（如此）
猛打	もうだ	猛烈打击
盲腸	もうちょう	盲肠；阑尾
盲導犬	もうどうけん	导盲犬
毛筆	もうひつ	毛笔
網膜	もうまく	视网膜
盲目	もうもく	失明，盲目
網羅	もうら	网罗，囊括
萌える	もえる	萌芽，发芽；（俚）产生萌感，迷恋
模擬	もぎ	模拟
模擬試験	もぎしけん	模拟考试
黙殺	もくさつ	置之不理，不予理睬
木星	もくせい	木星
木製	もくせい	木制的
目測	もくそく	目测
木造	もくぞう	木造，木结构的
木炭	もくたん	木炭
木彫	もくちょう	木雕
黙とう	もくとう	默祷
木片	もくへん	木片，木块
木曜	もくよう	星期四
もぐ|捥ぐ	もぐ	摘，采（果实）
モサド	もさど	摩萨德（以色列情报机构）
モザイク	もざいく	马赛克
モザンビーク	もざんびーく	莫桑比克
もしか|若しか	もしか	万一，如果
喪主	もしゅ	丧主，治丧主持人
喪章	もしょう	黑纱，丧章
文字通り	もじどおり	按字面，逐字
モスク	もすく	清真寺
モスクワ|莫斯科	もすくわ	莫斯科
モスグリーン	もすぐりーん	苔绿色
模造	もぞう	仿造，仿制
モダニズム	もだにずむ	现代主义
モダンダンス	もだんだんす	现代舞
持ち	もち	持有，携带；（接尾）耐久性
持ち合い	もちあい	（行情）持平，稳定
持ち味	もちあじ	独特风味，特色
持ち家	もちいえ	自有住房
持ち株	もちかぶ	持股
持ち越す	もちこす	延续到下次，拖延
持ちこたえる	もちこたえる	支撑住，坚持住
持ち込み	もちこみ	自带（食品、行李等）
持ち出し	もちだし	带出；自掏腰包
望月	もちづき	满月
持ち直す	もちなおす	好转，恢复
持ち前	もちまえ	天生的，固有的
持ち回り	もちまわり	轮流（担任）
モチーフ	もちーふ	主题，动机
モックアップ	もっくあっぷ	模型，样机
持っていく	もっていく	带走，拿去
持ってくる	もってくる	带来，拿来
もっともらしい|尤もらしい	もっともらしい	似乎有理的；煞有介事的
モットー	もっとー	座右铭，格言
もつ鍋	もつなべ	内脏火锅
モテ|持て	もて	（前缀）受欢迎
モテない	もてない	不受欢迎的
もてなし|持て成し	もてなし	款待，招待
モディスト	もでぃすと	女帽设计师
モデム	もでむ	调制解调器
モデルガン	もでるがん	玩具仿真枪
モデルケース	もでるけーす	典型案例
下	もと	……之下；根源
本木	もとき	原树干
モトクロス	もとくろす	摩托车越野赛
もとより|元より	もとより	本来，当然
戻し	もどし	退还，返还
戻り	もどり	返回；回升
モニタリング	もにたりんぐ	监测，监控
モニュメント	もにゅめんと	纪念碑，纪念物
モノ	もの	（连体）单一，单
もの	もの	（终助）表示理由、不满等语气
物言い	ものいい	说话方式；异议，抗议
物覚え	ものおぼえ	记忆力
物陰	ものかげ	遮蔽处，暗处
モノクロ	ものくろ	黑白（照片、影像）
物心	ものごころ	懂事，记事
物腰	ものごし	举止，态度
モノトーン	ものとーん	单色调
ものの	ものの	虽然，尽管
物干し	ものほし	晾衣架
モノラル	ものらる	单声道
モノローグ	ものろーぐ	独白
物別れ	ものわかれ	谈判破裂
モミズム	もみずむ	恋母情结（心理学）
桃色	ももいろ	桃色，粉红色
モラトリアム	もらとりあむ	延期偿付，暂停
モラル	もらる	道德，伦理
守り	もり	看护，照看；守护
盛り上がり	もりあがり	高潮，热烈气氛
盛り上げる	もりあげる	堆高；使高涨，活跃气氛
盛り込む	もりこむ	纳入，加入（内容）
モリスダンス	もりすだんす	莫里斯舞
モルグ	もるぐ	停尸房
モルタル	もるたる	灰浆，砂浆
モルドバ	もるどば	摩尔多瓦
モルヒネ	もるひね	吗啡
モルモット	もるもっと	豚鼠，天竺鼠；（喻）实验对象
モロッコ|摩洛哥	もろっこ	摩洛哥
問	もん	（接尾、量词）道，个（用于问题）
紋	もん	家徽；花纹
門下	もんか	门下，门生
門下生	もんかせい	门生，弟子
門外漢	もんがいかん	外行，门外汉
紋切り型	もんきりがた	千篇一律的，老套的
モンキー	もんきー	猴子
文句なし	もんくなし	无可挑剔
門戸	もんこ	门户
モンゴリズム	もんごりずむ	先天愚型，唐氏综合征
紋章	もんしょう	纹章，徽章
モンスター	もんすたー	怪物
モンスーン	もんすーん	季风
問責	もんせき	问责，谴责
門前	もんぜん	门前
門前払い	もんぜんばらい	拒之门外
モンタナ	もんたな	蒙大拿
モンタージュ	もんたーじゅ	蒙太奇
問題意識	もんだいいしき	问题意识
問題ない	もんだいない	没问题
モンテカルロ	もんてかるろ	蒙特卡洛
モンパリ	もんぱり	我的巴黎
門扉	もんぴ	门扇
文部	もんぶ	（旧）文部省，教育部
文部科学省	もんぶかがくしょう	文部科学省
文部省	もんぶしょう	（旧）文部省
文様	もんよう	花纹，图案
モーゲージ	もーげーじ	抵押（贷款）
モーション	もーしょん	动作，动向
モーゼル	もーぜる	毛瑟枪
モータリゼーション	もーたりぜーしょん	汽车普及化
モーターサイクル	もーたーさいくる	摩托车
モーターショー	もーたーしょー	车展
モーツァルト	もーつぁると	莫扎特
モーニング	もーにんぐ	早晨；早餐套餐
モービルハウス	もーびるはうす	活动房屋
モール	もーる	购物中心，商场
や	や	（助词）……和……等；……，就……
八重	やえ	重瓣的，多层的
八重桜	やえざくら	重瓣樱花
夜学	やがく	夜校
焼き芋	やきいも	烤白薯
やきもち|焼きもち	やきもち	嫉妒，吃醋；烤糍粑
野球部	やきゅうぶ	棒球部
夜勤	やきん	夜班
厄	やく	厄运，灾难
薬害	やくがい	药害
薬学	やくがく	药学
役柄	やくがら	角色，身份
ヤクザ	やくざ	黑社会（成员），流氓
薬剤師	やくざいし	药剂师
訳者	やくしゃ	译者
躍進	やくしん	跃进，飞速发展
躍如	やくじょ	栩栩如生，跃然
約束通り	やくそくどおり	按约定，如约
躍動	やくどう	跃动，活跃
厄年	やくどし	本命年，厄运之年
役に立たない	やくにたたない	没用，无益
薬物	やくぶつ	药物
役回り	やくまわり	角色，职责
薬味	やくみ	调味佐料
やけ|自棄	やけ	自暴自弃
焼け跡	やけあと	火灾遗址
野犬	やけん	野狗
野合	やごう	私通；不正当勾结
矢先	やさき	箭头；正当……的时候
野手	やしゅ	（棒球）外场手
野獣	やじゅう	野兽
安上がり	やすあがり	便宜，省钱
安売り	やすうり	廉价出售
靖国神社	やすくにじんじゃ	靖国神社
安値	やすね	低价
休まる	やすまる	得到休息，安心
安物	やすもの	便宜货，劣质品
安らぎ	やすらぎ	安宁，安详
安らぐ	やすらぐ	感到安心
野性	やせい	野性
野鳥	やちょう	野鸟
八千代	やちよ	千秋万代，永远
薬価	やっか	药价
約款	やっかん	条款
躍起	やっき	拼命，急切
やってくる|やって来る	やってくる	来临，到来
八つ当たり	やつあたり	迁怒，撒气
奴ら	やつら	那帮家伙，他们
雇い主	やといぬし	雇主
宿す	やどす	怀有，蕴含；寄宿
宿屋	やどや	旅店
やはり; やっぱり	やはり; やっぱり	果然，还是
やばい	やばい	危险的；糟糕的；（俗）厉害
野蛮	やばん	野蛮
野暮	やぼ	不识趣，土气
野望	やぼう	野心
山奥	やまおく	深山
山陰	やまかげ	山阴，山背
山火事	やまかじ	山林火灾
山形	やまがた	山形（地名）；山字形
山小屋	やまごや	山间小屋
山手	やまて	山脚一带，山手地区
山寺	やまでら	山寺
大和	やまと	大和（古日本）
山猫	やまねこ	山猫，野猫
山道	やまみち	山路
山々	やまやま	群山；非常想（做某事）
やむを得ない	やむをえない	不得已，无可奈何
槍	やり	枪，矛
やりきれない|やり切れない	やりきれない	受不了，无法忍受
やりくり|やり繰り	やりくり	筹划，设法应付
やり過ごす	やりすごす	放过，让…过去
やり直し	やりなおし	重做，重来
やれやれ	やれやれ	哎呀，唉（表示疲惫、无奈）
柔らか	やわらか	柔软的
ヤンガージェネレーション	やんがーじぇねれーしょん	年轻一代
ヤンキー	やんきー	不良少年；美国佬
ヤンマ	やんま	蜻蜓（大型）
ヤード|碼	やーど	码（长度单位）
遺言	ゆいごん	遗言，遗嘱
由緒	ゆいしょ	来历，渊源
唯物論	ゆいぶつろん	唯物论
結う	ゆう	梳（头发），绑扎
有	ゆう	有，拥有
夕	ゆう	傍晚
友愛	ゆうあい	友爱
誘因	ゆういん	诱因
優越感	ゆうえつかん	优越感
有価証券	ゆうかしょうけん	有价证券
優雅	ゆうが	优雅
有害	ゆうがい	有害
有機物	ゆうきぶつ	有机物
遊休	ゆうきゅう	闲置，未使用
夕霧	ゆうぎり	晚雾
優遇	ゆうぐう	优待，厚待
有権者	ゆうけんしゃ	有选举权者，选民
遊撃	ゆうげき	游击
遊撃手	ゆうげきしゅ	（棒球）游击手
有限	ゆうげん	有限
有効活用	ゆうこうかつよう	有效利用
憂国	ゆうこく	忧国忧民
夕刻	ゆうこく	傍晚
融合	ゆうごう	融合
勇士	ゆうし	勇士
有志	ゆうし	志愿者，有志者
有識者	ゆうしきしゃ	知名人士，专家
勇者	ゆうしゃ	勇者
有償	ゆうしょう	有偿
有事	ゆうじ	紧急情况，事变
優柔不断	ゆうじゅうふだん	优柔寡断
有人	ゆうじん	有人（驾驶、居住）
湧水	ゆうすい	涌泉，泉水
郵政	ゆうせい	邮政
郵政省	ゆうせいしょう	（旧）邮政省
有線	ゆうせん	有线
遊説	ゆうぜい	游说，竞选巡回演说
勇退	ゆうたい	自愿引退，勇退
雄大	ゆうだい	雄伟，宏大
誘致	ゆうち	招揽，招致
郵貯	ゆうちょ	邮政储蓄
悠長	ゆうちょう	从容，慢悠悠
ゆうちょ銀行	ゆうちょぎんこう	日本邮政银行
優等生	ゆうとうせい	优等生
有毒	ゆうどく	有毒
誘発	ゆうはつ	诱发
ゆうパック	ゆうぱっく	（日本邮政）宅急包裹
幽閉	ゆうへい	幽禁，囚禁
雄弁	ゆうべん	雄辩，口才好
遊歩	ゆうほ	散步
有名人	ゆうめいじん	名人
有用	ゆうよう	有用
遊覧	ゆうらん	游览
憂慮	ゆうりょ	忧虑
有力者	ゆうりょくしゃ	有影响力的人，权势人物
優劣	ゆうれつ	优劣
融和	ゆうわ	融洽，和睦
床下	ゆかした	地板下
雪国	ゆきぐに	雪国，多雪地区
雪解け	ゆきどけ	雪融，融雪；（关系）缓和
輸銀	ゆぎん	进出口银行
行方不明	ゆくえふめい	下落不明，失踪
油彩	ゆさい	油画
揺さぶり	ゆさぶり	摇晃；动摇（对手）
油脂	ゆし	油脂
輸出入	ゆしゅつにゅう	进出口
揺する	ゆする	摇晃，摇动
ゆず|柚子	ゆず	柚子
譲り渡す	ゆずりわたす	转让，让渡
油井	ゆせい	油井
ユタ	ゆた	犹他州
ユダヤ|猶太	ゆだや	犹太（人）
ユダヤ教	ゆだやきょう	犹太教
癒着	ゆちゃく	粘连；（喻）勾结
油田	ゆでん	油田
ユニオン	ゆにおん	联盟，工会
ＵＮＩＣＥＦ	ゆにせふ	联合国儿童基金会
ユニット	ゆにっと	单元，组合；（音乐）组合
ユニバーサル	ゆにばーさる	通用的，普遍的
ユニバーシアード	ゆにばーしあーど	世界大学生运动会
ユニバース	ゆにばーす	宇宙，世界
湯のみ	ゆのみ	茶杯
指切り	ゆびきり	拉钩起誓
指先	ゆびさき	指尖
弓矢	ゆみや	弓箭
夢にも	ゆめにも	（后接否定）做梦也（没想到），根本
由来	ゆらい	由来，起源
揺らぎ	ゆらぎ	摇曳，波动
ゆり|百合	ゆり	百合
ユリア	ゆりあ	尿素
ゆりかご|揺り籠	ゆりかご	摇篮
揺る	ゆる	摇动，摇晃
揺るぐ	ゆるぐ	摇动；动摇
許し	ゆるし	原谅；许可
湯沸かし器	ゆわかしき	热水器
ユー	ゆー	你
ユーカラ	ゆーから	（阿伊努）英雄叙事诗
ユーカリ	ゆーかり	桉树
ユーゴ	ゆーご	南斯拉夫
ユーゴスラビア	ゆーごすらびあ	南斯拉夫
ユーザー	ゆーざー	用户
ユース	ゆーす	青年
ユースホステル	ゆーすほすてる	青年旅舍
ユーズド	ゆーずど	二手的，用过的
ユートピア	ゆーとぴあ	乌托邦
ユーモラス	ゆーもらす	幽默的
ユーレカ	ゆーれか	尤里卡，我发现了
ユーロ	ゆーろ	欧元；欧洲的
ＵＳＡ	ゆー・えす・えー	美利坚合众国
よ	よ	（终助）表示提醒、感叹、呼唤
宵	よい	傍晚，夜幕初降时
酔い	よい	醉；晕（车船）
余韻	よいん	余音，余韵
陽	よう	阳，阳性
養育	よういく	养育
要員	よういん	所需人员
８日	ようか	八号（日期）；八天
妖怪	ようかい	妖怪
溶解	ようかい	溶解，熔解
洋画	ようが	西洋画；西洋电影
洋楽	ようがく	西洋音乐
謡曲	ようきょく	能乐谣曲
容疑	ようぎ	嫌疑
窯業	ようぎょう	窑业，陶瓷业
用具	ようぐ	用具，工具
養鶏	ようけい	养鸡
要件	ようけん	必要条件；要事
要綱	ようこう	纲要，要点
要項	ようこう	要点，须知
陽光	ようこう	阳光
溶鉱炉	ようこうろ	熔炉，高炉
ようこそ	ようこそ	欢迎
洋裁	ようさい	（西式）裁缝
養蚕	ようさん	养蚕
容姿	ようし	容貌，姿态
陽子	ようし	质子
養子	ようし	养子
容赦なく	ようしゃなく	毫不留情地
洋書	ようしょ	西文书籍
要所	ようしょ	要害，要点
要衝	ようしょう	要冲，战略要地
幼少期	ようしょうき	幼年时期
養殖	ようしょく	养殖
要職	ようしょく	要职
洋上	ようじょう	海上
要人	ようじん	要人
用心棒	ようじんぼう	保镖；门闩
用水	ようすい	用水，灌溉用水
擁する	ようする	拥有；拥立
様子を見る	ようすをみる	观望，看情况
妖精	ようせい	妖精，精灵
陽性	ようせい	阳性；（性格）开朗
溶接	ようせつ	焊接
用地	ようち	用地
幼虫	ようちゅう	幼虫
要注意	ようちゅうい	需要注意
養豚	ようとん	养猪
ような気がする	ようなきがする	总觉得，有…感觉
ように|様に	ように	像…那样；以便，为了
羊肉	ようにく	羊肉
ようにする|様にする	ようにする	尽量做到…，设法…
ようになる|様になる	ようになる	变得…，开始…
容認	ようにん	容许，承认
要は	ようは	总之，关键是
養父	ようふ	养父
養父母	ようふぼ	养父母
腰部	ようぶ	腰部
洋間	ようま	西式房间
要約	ようやく	概括，摘要
漸く	ようやく	终于；好不容易
擁立	ようりつ	拥立
容量	ようりょう	容量
用例	ようれい	用例，例句
養老	ようろう	养老
養老院	ようろういん	养老院
よかったら|良かったら	よかったら	如果可以的话
ヨガ	よが	瑜伽
良き	よき	好的，良好
予期せぬ	よきせぬ	意想不到的
余儀ない	よぎない	不得已的，无可奈何的
余儀なく	よぎなく	不得已地
余儀なくされる	よぎなくされる	被迫（做某事）
よくあるご質問	よくあるごしつもん	常见问题
よくある質問	よくあるしつもん	常见问题
翌月	よくげつ	次月
抑止	よくし	抑制，遏制
翌週	よくしゅう	下周
浴場	よくじょう	浴场，澡堂
浴槽	よくそう	浴缸
よくも|善くも	よくも	竟敢，居然
抑揚	よくよう	抑扬，语调
抑留	よくりゅう	扣留，拘留
翌～	よく～	次…（如次日、次年）
横顔	よこがお	侧脸；（人物）侧影简介
横書き	よこがき	横写
予告編	よこくへん	预告片
邪	よこしま	邪恶，不正
横手	よこて	侧面，旁边
横取り	よこどり	抢夺，霸占
横幅	よこはば	宽度
横ばい	よこばい	横向爬行；（行情）持平
横目	よこめ	斜眼看，侧目
横文字	よこもじ	横写文字（欧文）
良さ	よさ	优点，好处
由	よし	缘由；据说
余震	よしん	余震
４時	よじ	四点
余剰	よじょう	剩余
四畳半	よじょうはん	四叠半（小房间）
余人	よじん	他人，别人
四隅	よすみ	四角，四隅
よせ|寄せ	よせ	（围棋、将棋）收官阶段
寄席	よせ	（相声、评书等）曲艺场
寄せ集め	よせあつめ	拼凑，杂凑
予想以上	よそういじょう	超出预想
装い	よそおい	装扮，打扮
よそ見	よそみ	往旁边看，东张西望
よそ行き	よそゆき	出门穿的（衣服）；（态度、语言）客套的
預託	よたく	寄存，寄托
よだれ|涎	よだれ	口水，涎水
予断	よだん	预断，预料
余談	よだん	题外话，闲谈
預貯金	よちょきん	存款
よちよち	よちよち	蹒跚（学步）
４日	よっか	四号（日期）；四天
ヨットハーバー	よっとはーばー	游艇码头
よっぽど|余っ程	よっぽど	很，相当，非常
予定表	よていひょう	日程表
よどむ|澱む	よどむ	（水流）停滞；沉淀
四人	よにん	四人
よね	よね	（终助）对吧，是吧
余念	よねん	别的念头
余波	よは	余波，波及影响
呼びかけ	よびかけ	呼吁，号召
呼び声	よびごえ	呼喊声；传言，评价
呼び名	よびな	通称，俗名
予備費	よびひ	预备费
呼び水	よびみず	引水；（喻）诱因，契机
呼び戻す	よびもどす	叫回来，唤回
予防接種	よぼうせっしゅ	预防接种
読売	よみうり	读卖（报系）
読み書き	よみかき	读写
読み取り	よみとり	读取
読みにくい	よみにくい	难读，难认
読み物	よみもの	读物
詠む	よむ	吟咏（诗歌）
余命	よめい	余生，余命
嫁入り	よめいり	出嫁，嫁人
予約注文	よやくちゅうもん	预订
与野党	よやとう	执政党与在野党
寄り集まる	よりあつまる	聚集，凑到一起
選りすぐり	よりすぐり	精选，精挑细选
寄り道	よりみち	绕道，顺路去
よりも	よりも	比……，与其……（不如）
余力	よりょく	余力
選り分ける	よりわける	挑选，分类
よる|依る	よる	因……而定；由于，取决于
選る	よる	挑选
夜ご飯	よるごはん	晚饭
ヨルダン	よるだん	约旦
よれば	よれば	根据，据……
鎧	よろい	铠甲，盔甲
喜ばす	よろこばす	使高兴，使喜悦
よろしく|宜しく	よろしく	请多关照；恰当地
よろしくお願いいたします	よろしくおねがいいたします	请多关照，拜托了（郑重）
よろしくお願いします	よろしくおねがいします	请多关照，拜托了
よろめく|蹌踉めく	よろめく	蹒跚，踉跄
よろよろ	よろよろ	摇摇晃晃，踉踉跄跄
齢	よわい	年龄
弱気	よわき	软弱，怯懦；（行情）看跌
弱腰	よわごし	软弱态度
弱虫	よわむし	胆小鬼，懦夫
４０	よんじゅう	四十
４０００	よんせん	四千
四百	よんひゃく	四百
四本	よんほん	四根，四支（细长物）
四輪車	よんりんしゃ	四轮车，汽车
ヨーク	よーく	轭；肩育（服装）
ら|等	ら	（接尾）……们；大约
来	らい	（前缀）下（年、月等）；以来
ライアビリティー	らいあびりてぃー	责任，负债
雷雨	らいう	雷雨
来客	らいきゃく	来客
来襲	らいしゅう	来袭，袭击
ライダー	らいだー	骑手，骑摩托车的人
来店	らいてん	光临本店
ライトバン	らいとばん	小型客货两用车
ライド	らいど	骑，乘（游乐设施等）
ライナー	らいなー	（棒球）平飞球；班轮
来賓	らいひん	来宾
ライフル	らいふる	步枪
ライフワーク	らいふわーく	毕生事业
ライブハウス	らいぶはうす	现场音乐酒吧
ライブラリー	らいぶらりー	图书馆；（软件）库
ライム	らいむ	青柠
雷鳴	らいめい	雷鸣
ラインアップ	らいんあっぷ	阵容，产品线
ラウドスピーカー	らうどすぴーかー	扬声器
ラウンジ	らうんじ	休息厅，休息室
ラウンド	らうんど	圆形的；（比赛）回合
ラオス|羅宇	らおす	老挝
ラガー	らがー	橄榄球（运动员）
楽園	らくえん	乐园，天堂
落語家	らくごか	落语艺人
落差	らくさ	落差
落札	らくさつ	中标，落槌成交
落選	らくせん	落选，未当选
落胆	らくたん	沮丧，灰心
楽天家	らくてんか	乐天派
楽天的	らくてんてき	乐观的
落雷	らくらい	雷击，落雷
ラグ	らぐ	地毯
らしい	らしい	似乎，好像；有…的样子
羅針盤	らしんばん	罗盘，指南针
ラジアル	らじある	子午线（轮胎）
ラジウム	らじうむ	镭
ラジエーター	らじえーたー	散热器
ラジカセ	らじかせ	收录机
ラジカル	らじかる	激进的；（化学）自由基
ラス	らす	板条（建筑材料）
ラストスパート	らすとすぱーと	最后冲刺
螺旋	らせん	螺旋
ラダー	らだー	方向舵
拉致問題	らちもんだい	绑架问题（日朝间）
ラッキーゾーン	らっきーぞーん	（棒球场）近距离本垒打区
ラック	らっく	架子，支架
ラッセル	らっせる	雪犁；破雪前进
ラッチ	らっち	门闩，锁扣
ラッピング	らっぴんぐ	包装
ラテックス	らてっくす	乳胶
ラテン|拉丁	らてん	拉丁（语、美洲的）
ラテンアメリカ	らてんあめりか	拉丁美洲
ラテン語	らてんご	拉丁语
ラトビア	らとびあ	拉脱维亚
ラドン	らどん	氡
ラバトリー	らばとりー	盥洗室，厕所
ラバー	らばー	橡胶
ラビオリ	らびおり	意大利饺
裸婦	らふ	裸体女子（绘画等题材）
ラフト	らふと	橡皮筏
ラフプレー	らふぷれー	（比赛）犯规动作，粗野动作
ラフマニノフ	らふまにのふ	拉赫玛尼诺夫
ラブ	らぶ	爱；（网球等）零分
ラブコメ	らぶこめ	爱情喜剧
ラブソング	らぶそんぐ	情歌
ラブレター	らぶれたー	情书
ラボ	らぼ	实验室，语言实验室
ラマ	らま	美洲驼
ラミネート	らみねーと	层压，覆膜
ラム	らむ	羔羊肉
ラメ	らめ	金银线（面料）
ララバイ	ららばい	摇篮曲
ラリー	らりー	（网球等）连续对打；拉力赛
羅列	られつ	罗列
ラワン	らわん	娑罗双木材
ラン	らん	跑，运行
蘭	らん	兰花；荷兰
卵管	らんかん	输卵管
欄干	らんかん	栏杆
欄外	らんがい	（页面）栏外，边白
ランキング	らんきんぐ	排名
ラング	らんぐ	语言
卵形	らんけい	卵形，椭圆形
乱雑	らんざつ	杂乱，凌乱
卵子	らんし	卵子
ランジェリー	らんじぇりー	女式内衣
ランス	らんす	长矛
卵巣	らんそう	卵巢
ランダム	らんだむ	随机的
乱調	らんちょう	紊乱，杂乱无序
ランディング	らんでぃんぐ	着陆
乱闘	らんとう	混战，斗殴
ランド	らんど	土地
ランドサット	らんどさっと	陆地卫星
ランドセル	らんどせる	（小学生用）双肩书包
ランドマーク	らんどまーく	地标
ランドリー	らんどりー	洗衣店，洗衣房
ランナー	らんなー	跑步者；（棒球）跑垒员
乱売	らんばい	贱卖，倾销
乱発	らんぱつ	滥发，乱发
乱用	らんよう	滥用
乱立	らんりつ	（建筑等）杂乱林立；（候选人）过多竞立
ラーゲ	らーげ	体位（性）
ラード	らーど	猪油
ラーニング	らーにんぐ	学习
利	り	利益，利润
里	り	里（日本旧长度单位）
理	り	道理，理由
リア	りあ	后部，后面的
リアクション	りあくしょん	反应
利上げ	りあげ	加息
リアリズム	りありずむ	现实主义
リアル	りある	真实的，逼真的
利害関係	りがいかんけい	利害关系
理学	りがく	理学，自然科学
理学部	りがくぶ	理学院
力学	りきがく	力学
力作	りきさく	力作，用心之作
力説	りきせつ	极力主张，强调
リキッド	りきっど	液体；（美容）液状产品
力点	りきてん	着力点，重点
力投	りきとう	（棒球）全力投球
力む	りきむ	使劲，用力；逞强
離宮	りきゅう	离宫，行宫
リキュール	りきゅーる	利口酒
力量	りきりょう	能力，实力
陸海	りくかい	陆地与海洋；陆军与海军
陸軍	りくぐん	陆军
陸上競技	りくじょうきょうぎ	田径运动
陸上自衛隊	りくじょうじえいたい	（日本）陆上自卫队
リクルーター	りくるーたー	招聘人员
リクルート	りくるーと	招聘，招募
陸路	りくろ	陆路
リクード	りくーど	利库德集团（以色列政党）
理系	りけい	理科，理工科
利権	りけん	权益，利权
利己	りこ	利己
履行	りこう	履行
理工	りこう	理工
理工学部	りこうがくぶ	理工学院
利己主義	りこしゅぎ	利己主义
リサイクルショップ	りさいくるしょっぷ	二手商店
リサイタル	りさいたる	独奏会，独唱会
利下げ	りさげ	降息
離散	りさん	离散，分散
リサーチ	りさーち	调查，研究
リザーブ	りざーぶ	预订，保留
利殖	りしょく	生财，理财增值
離職	りしょく	离职，失业
理事	りじ	理事
リス	りす	松鼠
リスナー	りすなー	（广播等）听众
リスボン	りすぼん	里斯本
リズミカル	りずみかる	有节奏感的
リセ	りせ	（法国）高中
リセッション	りせっしょん	经济衰退
リゾット	りぞっと	意大利烩饭
リゾートホテル	りぞーとほてる	度假酒店
リタイア	りたいあ	退休；（比赛）中途退出
リターン	りたーん	返回，回报
リターンマッチ	りたーんまっち	复赛，复仇战
離脱	りだつ	脱离，退出
リチウム	りちうむ	锂
離着陸	りちゃくりく	起降
立脚	りっきゃく	立足，基于
陸橋	りっきょう	天桥，立交桥
立憲	りっけん	立宪
立候補	りっこうほ	参选，竞选
立国	りっこく	立国，建国
立春	りっしゅん	立春
立証	りっしょう	举证，证实
立体的	りったいてき	立体的
リッターカー	りったーかー	（排量约1000cc的）小型车
リッチ	りっち	富裕的；（味道）浓郁的
立地	りっち	选址，地理位置
立腹	りっぷく	生气，发怒
リップサービス	りっぷさーびす	口惠，花言巧语
立法府	りっぽうふ	立法机关
立方メートル	りっぽうめーとる	立方米
立案	りつあん	立案，制定方案
リトアニア	りとあにあ	立陶宛
離島	りとう	离岛
離党	りとう	脱党
リトグラフ	りとぐらふ	石版画
リトル	りとる	小的
リトルロック	りとるろっく	小石城
リニア	りにあ	线性的；磁悬浮列车
リニアモーターカー	りにあもーたーかー	磁悬浮列车
リネーム	りねーむ	重命名
理髪	りはつ	理发
リハビリテーション	りはびりてーしょん	康复训练
離反	りはん	背离，离心
リハーサル	りはーさる	彩排，排练
リバイバル	りばいばる	复兴，复苏
リバウンド	りばうんど	反弹；（减肥后）反弹增重
リバティ	りばてぃ	自由
利払い	りばらい	付息
リバーシブル	りばーしぶる	（衣物）可两面穿的
リビア|利比亜	りびあ	利比亚
リビジョン	りびじょん	修订版
リビング	りびんぐ	客厅
リピ	りぴ	重复，回购
リピーター	りぴーたー	回头客，常客
リピート	りぴーと	重复
リファイナンス	りふぁいなんす	再融资
リフト	りふと	（滑雪场）缆车，升降机
リブ	りぶ	排骨；罗纹（编织）
リプライ	りぷらい	回复
リベラリスト	りべらりすと	自由主义者
リベラリズム	りべらりずむ	自由主义
リベラル	りべらる	自由主义的
リベリア|利比利亜	りべりあ	利比里亚
利便	りべん	便利
リベート	りべーと	回扣，佣金
リポーター	りぽーたー	记者，报道员
リマ	りま	利马（秘鲁首都）
利回り	りまわり	（投资）收益率
リミット	りみっと	极限，限度
リミテッド	りみてっど	有限的
リム	りむ	边缘；轮辋
リムジン	りむじん	豪华轿车；机场接驳车
リメイク	りめいく	重拍，翻拍
裏面	りめん	背面；内幕
リモート	りもーと	远程的
略式	りゃくしき	简式，简化的
略称	りゃくしょう	简称
略歴	りゃくれき	简历
流	りゅう	（接尾）……流，……派，……风格
竜	りゅう	龙
竜王	りゅうおう	龙王（将棋棋子）
隆起	りゅうき	隆起
琉球	りゅうきゅう	琉球
流血	りゅうけつ	流血
流行歌	りゅうこうか	流行歌曲
硫酸	りゅうさん	硫酸
粒子	りゅうし	粒子，颗粒
流出	りゅうしゅつ	流出，外泄
粒状	りゅうじょう	颗粒状
隆盛	りゅうせい	兴盛，昌盛
留置	りゅうち	拘留，扣押
留置場	りゅうちじょう	拘留所
流動	りゅうどう	流动
流動的	りゅうどうてき	不确定的，流动性的
流入	りゅうにゅう	流入
留任	りゅうにん	留任
留年	りゅうねん	留级
流派	りゅうは	流派
流氷	りゅうひょう	流冰
留保	りゅうほ	保留
流用	りゅうよう	挪用，转用
リュックサック	りゅっくさっく	背包
リュージュ	りゅーじゅ	雪橇（体育项目）
リュート	りゅーと	鲁特琴
了	りょう	完，结束
料	りょう	（接尾）……费
猟	りょう	打猎，狩猎
漁	りょう	捕鱼，渔获
良	りょう	良好；（评级）良
両	りょう	两，双；（车厢单位）辆
両院	りょういん	两院
両腕	りょううで	双臂
両岸	りょうがん	两岸
両眼	りょうがん	双眼
領空	りょうくう	领空
両軍	りょうぐん	双方军队，双方
量刑	りょうけい	量刑
猟犬	りょうけん	猎犬
良妻	りょうさい	贤妻
両氏	りょうし	两位（人士）
猟師	りょうし	猎人
両者	りょうしゃ	双方，两者
領袖	りょうしゅう	领袖
糧食	りょうしょく	粮食，口粮
両日	りょうじつ	两天
猟銃	りょうじゅう	猎枪
寮生	りょうせい	住宿生
両端	りょうたん	两端
料亭	りょうてい	日式高级餐馆
量的	りょうてき	数量上的
両党	りょうとう	两党
領内	りょうない	领地内，境内
量販店	りょうはんてん	大型量贩店
療法	りょうほう	疗法
両面	りょうめん	两面，双面
僚友	りょうゆう	同僚，同事
両雄	りょうゆう	两位英雄
領有	りょうゆう	领有，占有
療養	りょうよう	疗养
療養所	りょうようじょ	疗养院
両翼	りょうよく	两翼
料理屋	りょうりや	餐馆
両輪	りょうりん	两个轮子
両論	りょうろん	两种意见
両～	りょう～	（前缀）两……
旅客機	りょかくき	客机
力	りょく	（接尾）……力
緑地	りょくち	绿地
旅行券	りょこうけん	旅行券，旅游代金券
旅団	りょだん	旅（军队编制）
緑化	りょっか	绿化
旅費	りょひ	旅费
利用方法	りようほうほう	使用方法
リラ	りら	紫丁香
離陸	りりく	起飞
利率	りりつ	利率
リリース	りりーす	发布，发行
リリーフ	りりーふ	救援投手；救援
厘	りん	厘（长度、比率等单位）
隣家	りんか	邻居家
臨界	りんかい	临界
臨海	りんかい	临海
林学	りんがく	林学
リンク	りんく	链接
リング	りんぐ	戒指；擂台
リングサイド	りんぐさいど	（拳击场）场边座位
リンケージ	りんけーじ	联结，联动
隣室	りんしつ	邻室，隔壁房间
臨床	りんしょう	临床
臨終	りんじゅう	临终
臨場感	りんじょうかん	身临其境感
隣人	りんじん	邻居
リンス	りんす	护发素
隣接	りんせつ	相邻，毗连
リンチ	りんち	私刑
林道	りんどう	林间小路
輪番	りんばん	轮流，轮值
リンパ|淋巴	りんぱ	淋巴
林野	りんや	山林原野
林野庁	りんやちょう	（日本）林野厅
倫理学	りんりがく	伦理学
林立	りんりつ	林立
倫理的	りんりてき	伦理的；道德上的
リーガー	りーがー	联赛选手（如大联盟球员）
リーク	りーく	泄露，泄漏（消息）；漏电
リーグ	りーぐ	联赛，联盟
リーグ戦	りーぐせん	联赛；循环赛
リース	りーす	租赁
リーズナブル	りーずなぶる	（价格）合理的，公道的
リーチ	りーち	（拳击等的）臂展，触及距离；（广告的）覆盖范围
リーディング	りーでぃんぐ	阅读
リート	りーと	（德国）艺术歌曲
リードオフマン	りーどおふまん	（棒球）第一棒；开路先锋
リーフレット	りーふれっと	传单，小册子
リーマン	りーまん	上班族，公司职员
リール	りーる	卷轴，绕线轮
ルアー	るあー	（钓鱼用）假饵，路亚
塁	るい	垒，垒包；堡垒
塁審	るいしん	垒审
累進	るいしん	累进，逐步上升（如所得税）
ルイジアナ	るいじあな	路易斯安那（美国州名）
類人猿	るいじんえん	类人猿
累積	るいせき	累积
ルクス	るくす	勒克斯（照度单位）
ルサンチマン	るさんちまん	怨恨，愤懑
ルック	るっく	外观，装扮
ルックス	るっくす	容貌，长相
ルネサンス	るねさんす	文艺复兴
ルビー	るびー	红宝石；（汉字上标注的）注音假名
ルポ	るぽ	实地报道，采访报道
ルポルタージュ	るぽるたーじゅ	纪实报道；报告文学
ルミノール	るみのーる	鲁米诺（化学试剂）
瑠璃	るり	琉璃，青金石；（鸟）琉璃色小鸟
流浪	るろう	流浪，漂泊
ルンゲ	るんげ	肺；肺结核
ルー	るー	（咖喱等的）调味酱汁
ルーキー	るーきー	新秀，菜鸟
ルージュ	るーじゅ	口红，胭脂
ルーチン	るーちん	常规工作，例行程序
ルート	るーと	路线；渠道
ルーフ	るーふ	屋顶
ルーブル	るーぶる	卢浮宫
ループ	るーぷ	环，圈；（程序）循环
ルーム	るーむ	房间
ルーレット	るーれっと	轮盘赌
レア	れあ	稀有的；（牛排）三分熟的
令	れい	命令；（令和年号用字）
霊	れい	灵魂，魂灵；亡灵
レイアウト	れいあうと	布局，版面设计
霊園	れいえん	（花园式）公墓
レイオフ	れいおふ	（临时）解雇，裁员
冷夏	れいか	凉夏，冷夏
例会	れいかい	例会
例外的	れいがいてき	例外的
冷却	れいきゃく	冷却；（局势等）降温
冷遇	れいぐう	冷遇，冷待
零細	れいさい	微小的，细小的；（企业）小型的
冷笑	れいしょう	冷笑，嘲笑
零時	れいじ	零时，午夜十二点
令嬢	れいじょう	令嫒，（您的）女儿；千金小姐
令状	れいじょう	（法院）令状，传票
礼状	れいじょう	感谢信
冷水	れいすい	冷水
例題	れいだい	例题
冷徹	れいてつ	冷静透彻，头脑冷静
冷凍庫	れいとうこ	冷冻库，冰柜
礼拝	れいはい	礼拝，（尤指基督教的）礼拜
礼服	れいふく	礼服
レイプ	れいぷ	强奸；性侵
令和	れいわ	令和（日本年号，2019年5月起）
レインボーフィッシュ	れいんぼーふぃっしゅ	彩虹鱼
レオタード	れおたーど	紧身连体衣
レガッタ	れがった	赛艇比赛
レガース	れがーす	护腿，护胫
歴	れき	经历；履历
歴史的	れきしてき	历史性的
歴然	れきぜん	明显的，显而易见的
歴代	れきだい	历代
歴任	れきにん	历任
歴訪	れきほう	历访，接连访问
レギュラー出演	れぎゅらーしゅつえん	固定出演（综艺节目等）
レクイエム	れくいえむ	安魂曲，安魂弥撒
レクチャー	れくちゃー	讲课，讲座
レクリエーション	れくりえーしょん	娱乐，休闲活动
レゲエ	れげえ	雷鬼音乐
レコーダー	れこーだー	录音机；记录仪；竖笛
レコーディング	れこーでぃんぐ	录音，录制
レザー	れざー	皮革
レシーバー	れしーばー	接收器；耳机
レシーブ	れしーぶ	（排球等）接球
レジスタンス	れじすたんす	抵抗运动
レジスター	れじすたー	收银机；收银台
レジデンス	れじでんす	住宅，公寓
レス	れす	回复，回应
レスキュー	れすきゅー	救援，营救
レスト	れすと	休息
レスリング	れすりんぐ	摔跤
レズ	れず	女同性恋
レタリング	れたりんぐ	美术字，字体设计
レター	れたー	信，信件
劣化	れっか	劣化，变质，性能下降
レッカー	れっかー	拖车，牵引车
列挙	れっきょ	列举
列国	れっこく	列国，各国
烈震	れっしん	烈震（灾害性地震）
劣勢	れっせい	劣势
劣等感	れっとうかん	自卑感，自卑情结
レッド	れっど	红色
劣悪	れつあく	恶劣，低劣
レトリック	れとりっく	修辞
レトルト	れとると	蒸馏瓶；软罐头，即食包装食品
レトロ	れとろ	复古的，怀旧的
レバノン|黎巴嫩	ればのん	黎巴嫩
レパートリー	れぱーとりー	保留曲目，拿手节目；擅长领域
レビュー	れびゅー	评论，评价
レフェリー	れふぇりー	裁判
レフト	れふと	左；左外场，左外场手
レプラ	れぷら	麻风病
レプリカ	れぷりか	复制品，仿制品
レポート; リポート	れぽーと; りぽーと	报告
レリーフ	れりーふ	浮雕
廉価	れんか	廉价
連関	れんかん	关联，联系
錬金術	れんきんじゅつ	炼金术；赚钱之道
錬金術師	れんきんじゅつし	炼金术士
レングス	れんぐす	长度
連係	れんけい	连接，联系
連携	れんけい	合作，协作
連係プレー	れんけいぷれー	团队配合，协同作战
連結	れんけつ	连接，连结
連行	れんこう	（警方）带走，押送
連合会	れんごうかい	联合会
連鎖	れんさ	连锁，一连串
連載	れんさい	连载
連作	れんさく	连作（连年种同一作物）；合作创作
連座	れんざ	连坐，牵连
連勝	れんしょう	连胜
レンジャー	れんじゃー	游骑兵
連戦	れんせん	连战，连续作战
連隊	れんたい	联队，团（军队编制）
レンタル	れんたる	租赁，出租
レンタルビデオ	れんたるびでお	出租录像；录像出租店
連打	れんだ	连打，连续击打
連投	れんとう	（棒球）连续出场投球；连发（帖子）
連動	れんどう	联动，联合动作
廉売	れんばい	廉价出售
連覇	れんぱ	连续夺冠，连霸
連敗	れんぱい	连败
連発	れんぱつ	连发，接连发生
連峰	れんぽう	连绵山峰，山脉
連名	れんめい	联名
連用	れんよう	连续使用
連絡先	れんらくさき	联系方式
連立	れんりつ	联立，联合；并立
レーク	れーく	湖
レーサー	れーさー	赛车手
レーザーディスク	れーざーでぃすく	激光影碟
レーシングカー	れーしんぐかー	赛车
レーダー	れーだー	雷达
レート	れーと	比率，汇率
レーヨン	れーよん	人造丝，人造纤维
レーン	れーん	车道；泳道；球道
ロイヤリティ	ろいやりてぃ	版税，专利使用费
ロイヤル	ろいやる	皇家的，皇室的
労	ろう	劳，辛劳，功劳
朗詠	ろうえい	吟诵（诗歌）
漏洩	ろうえい	泄露（机密、信息）；泄漏（气体、液体）
楼閣	ろうかく	楼阁，高楼
老朽	ろうきゅう	老朽，衰老
労災	ろうさい	工伤
労作	ろうさく	辛勤劳作；呕心沥血之作
老子	ろうし	老子
労相	ろうしょう	劳动大臣
老女	ろうじょ	老妇人
老人性	ろうじんせい	老年性的
老人福祉	ろうじんふくし	老年人福利
老人ホーム	ろうじんほーむ	养老院
労組	ろうそ	工会
労働運動	ろうどううんどう	劳工运动
労働基準法	ろうどうきじゅんほう	劳动基准法
労働組合	ろうどうくみあい	工会
労働省	ろうどうしょう	劳动省
労働条件	ろうどうじょうけん	劳动条件
労働党	ろうどうとう	工党
労働力	ろうどうりょく	劳动力
老若	ろうにゃく	老少
老婆	ろうば	老太婆
老婦	ろうふ	老妇人
老夫婦	ろうふうふ	老夫妇
労務	ろうむ	劳务
老齢	ろうれい	老龄，高龄
労連	ろうれん	劳工联合会
ロカビリー	ろかびりー	山区摇滚乐（rockabilly）
録音テープ	ろくおんてーぷ	录音带
６月	ろくがつ	六月
緑青	ろくしょう	铜绿，铜锈
６０	ろくじゅう	六十
六十四分音符	ろくじゅうしぶおんぷ	六十四分音符
ログ	ろぐ	日志；对数
ロケ	ろけ	外景拍摄
ロケット弾	ろけっとだん	火箭弹
ロケハン	ろけはん	外景勘察，选景
露見	ろけん	败露，暴露（阴谋、恶行等）
ロケーション	ろけーしょん	（电影等）外景拍摄地；位置
ロココ	ろここ	洛可可风格
ロゴ	ろご	标志，徽标
ロサンゼルス	ろさんぜるす	洛杉矶
ロシア|露西亜	ろしあ	俄罗斯
露出	ろしゅつ	暴露；（摄影）曝光
炉心	ろしん	（核）反应堆堆芯
ロジアナ	ろじあな	逻辑分析仪
ロジック	ろじっく	逻辑
路上	ろじょう	路上，街头
路線図	ろせんず	路线图（公交、地铁等）
ロゼ	ろぜ	桃红葡萄酒
ロッカールーム	ろっかーるーむ	更衣室
ロックウール	ろっくうーる	岩棉，矿棉
ロックンロール	ろっくんろーる	摇滚乐
ロッジ	ろっじ	小屋，山间旅舍
ロッド	ろっど	杆，棒；钓竿
露呈	ろてい	暴露，暴露出
露店	ろてん	摊位，摊贩
ロデオ	ろでお	牛仔竞技，骑术表演
ロビイスト	ろびいすと	游说者，说客
ロビング	ろびんぐ	（网球等）吊高球
ロフト	ろふと	阁楼
ロブ	ろぶ	（网球等）吊高球
ロマン|浪漫	ろまん	浪漫；传奇；（几乎不可能实现的）梦想
ロマンス	ろまんす	罗曼史，恋情
ＲＯＭ	ろむ	只读存储器；（网络论坛）潜水者
路面	ろめん	路面
論外	ろんがい	不值一提；岂有此理，荒谬
論客	ろんきゃく	善辩之人，论客
論拠	ろんきょ	论据
ロング	ろんぐ	长，长款
ロングセラー	ろんぐせらー	长销商品
ロングホール	ろんぐほーる	（高尔夫）标准杆五杆洞
ロングラン	ろんぐらん	（电影、演出等）长期上映
論告	ろんこく	（检察官的）论告，公诉意见陈述
論旨	ろんし	论点，论述要旨
論者	ろんしゃ	论者，辩论者
論じ尽くす	ろんじつくす	充分讨论，彻底论述
論説	ろんせつ	论说，社论
論戦	ろんせん	论战，辩论
論調	ろんちょう	论调
ロンドン|倫敦	ろんどん	伦敦
論評	ろんぴょう	评论，批评
論理的	ろんりてき	逻辑上的，合乎逻辑的
ロー	ろー	低，低挡
ローカル	ろーかる	地方的，当地的
ローション	ろーしょん	乳液，润肤露
ロース	ろーす	里脊肉
ロースト	ろーすと	烘烤，烤制
ローズ	ろーず	玫瑰
ロータス	ろーたす	莲花
ロータリー	ろーたりー	环岛，转盘
ローター	ろーたー	转子，旋翼
ローテーション	ろーてーしょん	轮换，轮值
ロード	ろーど	道路
ロードショー	ろーどしょー	（电影）首映，公映
ロードレース	ろーどれーす	公路赛
ロープウェイ	ろーぷうぇい	缆车，索道
ローム	ろーむ	壤土
ローラー	ろーらー	滚轮，滚筒
ローラースケート	ろーらーすけーと	旱冰鞋，轮滑
ローリング	ろーりんぐ	（船只等）摇晃，颠簸；滚动
ロール	ろーる	卷，卷起；（面包）卷
ローレル	ろーれる	月桂树
和	わ	总和；和谐，和睦；日本
羽	わ	（量词，用于鸟、兔）只
把	わ	（量词，用于成捆物品）把，捆
わ	わ	（终助词，表示感叹或加强语气）啊，呀
ワイズ	わいず	智慧的，聪明的
ワイド	わいど	宽的，宽幅的
ワイドショー	わいどしょー	（电视）综艺新闻节目
ワイパー	わいぱー	雨刷，刮水器
ワイヤ	わいや	钢丝，电线
ワイヤレス	わいやれす	无线的
ワイルド	わいるど	野性的，粗犷的
ワウ	わう	（音响）音调颤动
和歌	わか	和歌（日本传统诗歌形式）
和解	わかい	和解
若い頃	わかいころ	年轻的时候
若返り	わかがえり	返老还童，年轻化
分かち	わかち	区分，区别
分かつ	わかつ	分开，分割；分享，分担
若手	わかて	年轻人（尤指有才干者）
わかめ|若布	わかめ	裙带菜
分からず屋	わからずや	不通情理的人，死脑筋
分かり	わかり	理解，明白
わかりにくい|分かりにくい	わかりにくい	难懂，难以理解
分かれ目	わかれめ	分岔点；转折点，关键时刻
我が	わが	我的，我们的
わが国	わがくに	我国
我～	わが～	我～，我们的～
わきまえる|弁える	わきまえる	辨别，识别；懂得，知晓（分寸等）
脇見	わきみ	往旁边看，东张西望
脇役	わきやく	配角
和議	わぎ	和谈，和议
和牛	わぎゅう	和牛
輪切り	わぎり	切成圆片；按能力分组
枠外	わくがい	范围之外
枠組み	わくぐみ	框架，结构
ワクチン	わくちん	疫苗；杀毒软件
枠内	わくない	范围内
分け	わけ	分，分配
わけがない|訳がない	わけがない	不可能，没道理；很简单
わけじゃない|訳じゃない	わけじゃない	并不是说，并非意味着
わけではない|訳ではない	わけではない	并不是说，并非意味着
分け前	わけまえ	份额，分成
若人	わこうど	年轻人
輪ゴム	わごむ	橡皮筋
ワゴン	わごん	旅行车；手推车
和紙	わし	和纸（日本传统手工纸）
わし|鷲	わし	鹰，雕
ワシントン|華盛頓	わしんとん	华盛顿（美国首都或州）
煩う	わずらう	担心，忧虑；为…苦恼
渡し	わたし	渡口，摆渡；交付
私自身	わたしじしん	我自己
私たち	わたしたち	我们
渡し船	わたしぶね	渡船
渡り	わたり	渡，过；迁徙；进口（货物）
ワックス	わっくす	蜡，上光蜡
ワッペン	わっぺん	徽章（缝或贴于衣物上）；贴纸
罠	わな	陷阱，圈套
わね	わね	（终助词，加强语气，女性用语）…啊，…呢
和平	わへい	和平
わめく|喚く	わめく	喊叫，叫嚷
和洋折衷	わようせっちゅう	和洋折衷，中西合璧
ワラビー	わらびー	沙袋鼠
ワラント	わらんと	认股权证
割り	わり	比率，比例；成（十分之一）
割り当て	わりあて	分配，分摊
割り切る	わりきる	干脆地想通，果断作出判断
割り込み	わりこみ	插队；插嘴，插话
割高	わりだか	比较贵，价钱偏高
割り出す	わりだす	推算出，推断出
割り箸	わりばし	一次性筷子
割引債	わりびきさい	贴现债券
割安	わりやす	比较便宜，划算
悪賢い	わるがしこい	狡猾的，奸诈的
悪気	わるぎ	恶意，坏心眼
悪口	わるぐち	坏话，骂人的话
悪さ	わるさ	恶劣；恶作剧，胡闹
割れ目	われめ	裂缝，裂痕
我ら	われら	我们
１	わん	一，1
湾岸	わんがん	海湾沿岸
湾曲	わんきょく	弯曲
ワンコ|ワン子	わんこ	狗狗
ワンセグ	わんせぐ	1seg（日本手机数字电视广播服务）
ワンタッチ	わんたっち	一触即发式，单触操作
ワンダフル	わんだふる	精彩的，极好的
ワンちゃん	わんちゃん	小狗，狗狗
わんぱく|腕白	わんぱく	调皮，淘气
ワンボックスカー	わんぼっくすかー	厢式车，商务车
ワンポイントリリーフ	わんぽいんとりりーふ	（棒球）单人中继投手
ワンマン	わんまん	独断专行的；（无售票员的）单人驾驶公交车
腕力	わんりょく	臂力，体力
ワンルームマンション	わんるーむまんしょん	单间公寓
ワーカー	わーかー	工作者
ワーキング	わーきんぐ	工作，办公
ワーク	わーく	工作
ワークショップ	わーくしょっぷ	工作坊，研讨会
ワークステーション	わーくすてーしょん	工作站
ワースト	わーすと	最差的，最坏的
ワード	わーど	单词；Word（软件）
ワープ	わーぷ	（科幻）曲速航行，空间跃迁
ワールド	わーるど	世界
ワールドシリーズ	わーるどしりーず	世界大赛（美国职棒大联盟总决赛）
和～	わ～	日式～
を	を	（格助词，表示动作的直接宾语）
んす	んす	（表推测、说明语气）…啊；…呢
ヴァイオリニスト	ゔぁいおりにすと	小提琴家
ヴァンパイア	ゔぁんぱいあ	吸血鬼
ヴィンテージ	ゔぃんてーじ	（酒的）年份；复古经典款
～(て) しまう	～(て) しまう	（补助动词）表示动作完成或遗憾
～(に) ついて	～(に) ついて	关于～
～(に) よると	～(に) よると	据～，根据～
〜(日本) 式	～(にほん) しき	～式（日本式）
～位	～い	第～名
～いち (にほんいち)	～いち (にほんいち)	～第一（日本第一）
～員	～いん	～员，成员
～園	～えん	～园
～円	～えん	～日元
～おき	～おき	每隔～
～おしまい (おわり)	～おしまい (おわり)	～结束
～おわる	～おわる	～完，做完
～日	～か	（量词）～天，～日
～下	～か	～下，在～之下
～化	～か	～化
～科	～か	～科
～歌	～か	～歌
～家	～か	～家（从事某行业的人）
～会	～かい	～会
～回	～かい	（量词）～次
～階	～かい	（量词）～层，～楼
～か月	～かげつ	～个月
～刊	～かん	～刊（发行）
～間	～かん	～之间；～期间
～巻	～かん	～卷（书籍）
～館	～かん	～馆
～感	～かん	～感，～感觉
～画	～が	～画
～外	～がい	～之外
～学部	～がくぶ	～学部（大学院系）
～難い	～がたい	难以～
～がち	～がち	容易～，动辄～
～月	～がつ	～月（份）
～がる	～がる	（接形容词词干）感觉～，觉得～
～側	～がわ	～侧，～方
～期	～き	～期，～时期
～器	～き	～器，～装置
～機	～き	～机
～教	～きょう	～教
～きる	～きる	彻底～，～完
～切れ	～きれ	～用完，缺～
～気味	～ぎみ	略微～，有点～
～行	～ぎょう	～行
～業	～ぎょう	～业
～区	～く	～区
～口	～くち	～口
～くらい; ぐらい	～くらい; ぐらい	大约～
～君	～くん	～君（对晚辈或同辈男子的称呼）
～家	～け	～家（家族）
～形	～けい	～形
～系	～けい	～系，～系统
～圏	～けん	～圈
～軒	～けん	（量词）～栋，～家（房屋）
～個	～こ	（量词）～个
～校	～こう	（量词）～所（学校）
～港	～こう	～港
～国	～こく	～国
～ころ; ～ごろ	～ころ; ～ごろ	～左右，～前后（时间）
～語	～ご	～语
～号	～ごう	（量词）～号
～ございます	～ございます	（郑重语）是，有
～毎	～ごと	每～
～歳	～さい	～岁
～冊	～さつ	（量词）～本（书）
～様	～さま	～先生，～女士（敬称）
～山	～さん	～山
～産	～さん	～产（产地）
～さん	～さん	～先生，～女士
～史	～し	～史
～紙	～し	～报纸，～用纸
～式	～しき	～式，～仪式
～室	～しつ	（量词）～间（房间）
～車	～しゃ	～车
～者	～しゃ	～者
～社	～しゃ	（量词）～家（公司）
～手	～しゅ	～手，从事～的人
～酒	～しゅ	～酒
～集	～しゅう	～集
～週間	～しゅうかん	～周
～所	～しょ	～所，场所
～省	～しょう	～省（部门）
～商	～しょう	～商，商人
～勝	～しょう	（量词）～胜
～色	～しょく	～色
～寺	～じ	～寺
～時	～じ	～点（时刻）
～時間	～じかん	～小时
～時間目	～じかんめ	第～节课
～日	～じつ	～日
～中	～じゅう	整个～，～期间
～所	～じょ	～所，场所
～女	～じょ	～女
～条	～じょう	（量词）～条（条款）
～場	～じょう	～场
～畳	～じょう	（量词）～叠（榻榻米）
～人	～じん	～人
～すぎ	～すぎ	过～，超过
～過ぎる	～すぎる	过于～，太～
～ずつ	～ずつ	各～，每次～
～済	～ずみ	已～，～完毕
～製	～せい	～产，～制造
～席	～せき	（量词）～席，～座
～船	～せん	（量词）～艘
～戦	～せん	（量词）～场（比赛）
～前	～ぜん	～之前
～沿い	～そい	沿～
～艘	～そう	（量词）～艘
～足	～そく	（量词）～双（鞋）
～たち	～たち	（复数后缀）～们
～代	～だい	～年代，～时代
～台	～だい	（量词）～台（车辆、机器）
～だけ	～だけ	只～，仅～
～だす	～だす	开始～
建て	～だて	～层楼（建筑）；独立住宅
～だらけ	～だらけ	满是～，到处都是～
～団	～だん	～团
～着	～ちゃく	（量词）～件（衣服）；到达顺序第～
～ちゃん	～ちゃん	～（亲昵称呼，多用于女性或孩童）
～中	～ちゅう	正在～，～期间
～庁	～ちょう	～厅（机构）
～兆	～ちょう	～兆
～長	～ちょう	～长（领导）
～帳	～ちょう	～本，～簿
～町	～ちょう	～町（地名）
～丁目	～ちょうめ	第～丁目（街区编号）
～通	～つう	（量词）～封（信）
～付	～つき	附～，带～
～月	～つき	～个月
～続く	～つづく	持续～，接连～
～続ける	～つづける	持续～，一直～
～遣い	～づかい	使用～的方式
～辛い	～づらい	难以～
～滴	～てき	（量词）～滴
～点	～てん	（量词）～分
～頭	～とう	（量词）～头（大型动物）
～等	～とう	～等（级别）
～島	～とう	～岛
～通り	～とおり	按照～；～街，～大道
～時	～とき	～时，～之时
～ところ	～ところ	正要～
～度	～ど	（量词）～次；～度
～道	～どう	～道（道路、路径）
～内	～ない	～之内
～など	～など	～等，～之类
～にくい	～にくい	难以～
～日	～にち	～日（日期）；～天
～人	～にん	（量词）～人
～年	～ねん	～年
～年生	～ねんせい	～年级学生
～杯	～はい	（量词）～杯
～泊	～はく	（量词）～宿，住～晚
～始める	～はじめる	开始～
～発	～はつ	（量词）～发（子弹）
～ばかり	～ばかり	刚～；只～，仅～
～番	～ばん	第～（号）；最～
～番目	～ばんめ	第～（个）
～費	～ひ	～费
～匹	～ひき	（量词）～只（小动物）
～病	～びょう	～病
～風	～ふう	～式，～风格
～分	～ふん	～分钟
～部	～ぶ	～部
～振り	～ぶり	相隔～（时间）；～的样子
～遍	～へん	（量词）～遍
～弁	～べん	～话，～方言
～歩	～ほ	（量词）～步
～ほう (ひかく)	～ほう (ひかく)	（比较）～方面，～一方
～本	～ほん	（量词）～根，～支（细长物）
～ぽい	～ぽい	带有～的样子，～气
～枚	～まい	（量词）～张，～片
～前	～まえ	～之前
～まま	～まま	保持～原样，就那样～
～みたい	～みたい	像～似的
～向け	～むけ	面向～，为～而设
～目	～め	第～（顺序）
～名	～めい	（量词）～名（人数）
～もち	～もち	有～的人；带有～
～問	～もん	（量词）～道（题目）
～夜	～や	（量词）～夜
～屋	～や	～店，～铺
～やすい	～やすい	容易～
～等	～ら	～等，～们（复数）
～流	～りゅう	～流，～风格
～料	～りょう	～费，～费用
～領	～りょう	～领地
～力	～りょく	～力
～論	～ろん	～论
～羽	～わ	（量词）～只（鸟、兔）
はあ	はあ	啊，是（应答）；唉（叹气）；啊？（疑问、惊讶）
しつれいしました	しつれいしました	失礼了；对不起，打扰了
しめた	しめた	太好了，好极了（事情如愿时）
じゅうたん	じゅうたん	地毯，绒毯
それはいけませんね	それはいけませんね	那可不好啊；那真糟糕（表示同情）
だいいち	だいいち	第一，首先；最重要的；况且，再说
あせる	あせる	褪色，掉色；衰退，减退
生ける|活ける	いける	插（花）；使活着，养活
こす	こす	过滤，滤
こつ	こつ	诀窍，窍门，要领
ごらんなさい	ごらんなさい	请看；（接动词て形）试试看
さきに	さきに	先，先前，以前；预先
そり	そり	雪橇
ＭＰ３	えむぴーすりー	MP3（音频格式）
# ---- 以下为 JMdict 常用词子集之外、但在小说/歌词/网络文本里很常见的词（第4列为词性）----
マジ|まじ	まじ	真的，认真；（口语）非常	名词·な形容词
めっちゃ	めっちゃ	（口语）非常，超级	副词
未だに	いまだに	至今仍，直到现在还	副词
どれほど	どれほど	多么，何等；多少，什么程度	副词
来年度	らいねんど	下一年度	名词
すげえ|すげー	すげえ	（口语）好厉害，太棒了	感叹词
ほんと	ほんと	真的，确实（「本当」的口语）	名词·な形容词
ねえ	ねえ	喂，呐（招呼、撒娇）；（句末）……吧，……呢	感叹词
推し	おし	（饭圈）本命，最喜欢支持的偶像/角色	名词
エモい	えもい	（网络用语）让人感动的，有情绪感染力的	い形容词
ウケる	うける	（口语）好笑，笑死；受欢迎	一段动词
ググる	ぐぐる	（网络用语）用谷歌搜索	五段动词
バズる	ばずる	（网络用语）爆火，刷屏	五段动词
ガチ	がち	（口语）认真的，来真的；真的	名词·な形容词
ワンチャン	わんちゃん	（口语）说不定有戏，有一线机会	副词
ヤバい|やばい|ヤバ|やば	やばい	（口语）不妙，糟糕；太厉害了，绝了	い形容词
吾輩	わがはい	吾，我（旧时男性自大的自称）	代词
良い|いい|よい|善い	よい	好，好的；可以，行；（拒绝时）不用了，够了	い形容词
良い|いい|よい	いい	好，好的；可以，行；（拒绝时）不用了，够了	い形容词
